2025-06-26 22:32:51,148 [Worker-8: Loading available Gradle versions] INFO  o.e.b.c.i.u.g.PublishedGradleVersions - Gradle version information cache is out-of-date. Trying to update.
2025-06-27 00:14:50,340 [Worker-16: Import Getting Started Content] INFO  o.e.m.c.i.l.LifecycleMappingFactory - Using org.eclipse.m2e.jdt.JarLifecycleMapping lifecycle mapping for MavenProject: com.example:proy-citas-inkasalud:0.0.1-SNAPSHOT @ C:\Users\Usuario\OneDrive - CIBERTEC\Desktop\ProyectoDC\ProyCitasMedicas\proy-citas-inkasalud\pom.xml.
2025-06-27 00:14:51,289 [Worker-16: Import Getting Started Content] INFO  o.e.m.j.i.AbstractJavaProjectConfigurator - Adding source folder /proy-citas-inkasalud/src/main/java
2025-06-27 00:14:51,290 [Worker-16: Import Getting Started Content] INFO  o.e.m.j.i.AbstractJavaProjectConfigurator - Adding resource folder /proy-citas-inkasalud/src/main/resources
2025-06-27 00:14:51,294 [Worker-16: Import Getting Started Content] INFO  o.e.m.j.i.AbstractJavaProjectConfigurator - Adding resource folder /proy-citas-inkasalud/src/main/resources
2025-06-27 00:14:51,297 [Worker-16: Import Getting Started Content] INFO  o.e.m.j.i.AbstractJavaProjectConfigurator - Adding source folder /proy-citas-inkasalud/src/test/java
2025-06-27 00:14:51,298 [Worker-16: Import Getting Started Content] INFO  o.e.m.j.i.AbstractJavaProjectConfigurator - Adding resource folder /proy-citas-inkasalud/src/test/resources
2025-06-27 00:14:51,964 [Worker-16: Import Getting Started Content] INFO  o.e.m.c.i.p.ProjectConfigurationManager - Imported and configured 1 project(s) in 4 sec
2025-06-27 00:14:51,966 [Worker-16: Import Getting Started Content] INFO  o.e.m.c.i.p.ProjectConfigurationManager - Update started
2025-06-27 00:14:52,188 [Worker-16: Import Getting Started Content] INFO  o.e.m.c.i.l.LifecycleMappingFactory - Using org.eclipse.m2e.jdt.JarLifecycleMapping lifecycle mapping for MavenProject: com.example:proy-citas-inkasalud:0.0.1-SNAPSHOT @ C:\Users\Usuario\OneDrive - CIBERTEC\Desktop\ProyectoDC\ProyCitasMedicas\proy-citas-inkasalud\pom.xml.
2025-06-27 00:14:52,427 [Worker-16: Import Getting Started Content] INFO  o.e.m.j.i.AbstractJavaProjectConfigurator - Adding source folder /proy-citas-inkasalud/src/main/java
2025-06-27 00:14:52,428 [Worker-16: Import Getting Started Content] INFO  o.e.m.j.i.AbstractJavaProjectConfigurator - Adding resource folder /proy-citas-inkasalud/src/main/resources
2025-06-27 00:14:52,428 [Worker-16: Import Getting Started Content] INFO  o.e.m.j.i.AbstractJavaProjectConfigurator - Adding resource folder /proy-citas-inkasalud/src/main/resources
2025-06-27 00:14:52,428 [Worker-16: Import Getting Started Content] INFO  o.e.m.j.i.AbstractJavaProjectConfigurator - Adding source folder /proy-citas-inkasalud/src/test/java
2025-06-27 00:14:52,429 [Worker-16: Import Getting Started Content] INFO  o.e.m.j.i.AbstractJavaProjectConfigurator - Adding resource folder /proy-citas-inkasalud/src/test/resources
2025-06-27 00:14:53,009 [Worker-16: Import Getting Started Content] INFO  o.e.m.c.i.p.ProjectConfigurationManager - Update completed for 1 poms: local refresh takes 0,00 sec, refresh facades takes 0,00 sec, update config takes 0,00 sec 
2025-06-27 00:14:53,808 [Worker-20: Building] INFO  o.a.m.s.f.DefaultMavenResourcesFiltering - Copying 1 resource from src\main\resources to target\classes
2025-06-27 00:14:53,824 [Worker-20: Building] INFO  o.a.m.s.f.DefaultMavenResourcesFiltering - Copying 0 resource from src\main\resources to target\classes
2025-06-27 00:14:53,828 [Worker-20: Building] INFO  o.a.m.s.f.DefaultMavenResourcesFiltering - skip non existing resourceDirectory C:\Users\Usuario\OneDrive - CIBERTEC\Desktop\ProyectoDC\ProyCitasMedicas\proy-citas-inkasalud\src\test\resources
2025-06-27 00:15:29,151 [Worker-7: Building] INFO  o.e.m.c.i.e.AbstractTransferListenerAdapter - Downloading https://repo.maven.apache.org/maven2/org/springframework/boot/spring-boot-starter-data-jpa/3.5.3/spring-boot-starter-data-jpa-3.5.3.pom
2025-06-27 00:15:29,218 [Worker-7: Building] INFO  o.e.m.c.i.e.AbstractTransferListenerAdapter - Downloaded https://repo.maven.apache.org/maven2/org/springframework/boot/spring-boot-starter-data-jpa/3.5.3/spring-boot-starter-data-jpa-3.5.3.pom
2025-06-27 00:15:29,289 [Worker-7: Building] INFO  o.e.m.c.i.e.AbstractTransferListenerAdapter - Downloading https://repo.maven.apache.org/maven2/org/springframework/boot/spring-boot-starter-jdbc/3.5.3/spring-boot-starter-jdbc-3.5.3.pom
2025-06-27 00:15:29,294 [Worker-7: Building] INFO  o.e.m.c.i.e.AbstractTransferListenerAdapter - Downloaded https://repo.maven.apache.org/maven2/org/springframework/boot/spring-boot-starter-jdbc/3.5.3/spring-boot-starter-jdbc-3.5.3.pom
2025-06-27 00:15:29,378 [Worker-7: Building] INFO  o.e.m.c.i.e.AbstractTransferListenerAdapter - Downloading https://repo.maven.apache.org/maven2/org/springframework/boot/spring-boot-starter-security/3.5.3/spring-boot-starter-security-3.5.3.pom
2025-06-27 00:15:29,455 [Worker-7: Building] INFO  o.e.m.c.i.e.AbstractTransferListenerAdapter - Downloaded https://repo.maven.apache.org/maven2/org/springframework/boot/spring-boot-starter-security/3.5.3/spring-boot-starter-security-3.5.3.pom
2025-06-27 00:15:29,466 [Worker-7: Building] INFO  o.e.m.c.i.e.AbstractTransferListenerAdapter - Downloading https://repo.maven.apache.org/maven2/org/springframework/security/spring-security-config/6.5.1/spring-security-config-6.5.1.pom
2025-06-27 00:15:29,549 [Worker-7: Building] INFO  o.e.m.c.i.e.AbstractTransferListenerAdapter - Downloaded https://repo.maven.apache.org/maven2/org/springframework/security/spring-security-config/6.5.1/spring-security-config-6.5.1.pom
2025-06-27 00:15:29,570 [Worker-7: Building] INFO  o.e.m.c.i.e.AbstractTransferListenerAdapter - Downloading https://repo.maven.apache.org/maven2/org/springframework/security/spring-security-core/6.5.1/spring-security-core-6.5.1.pom
2025-06-27 00:15:29,617 [Worker-7: Building] INFO  o.e.m.c.i.e.AbstractTransferListenerAdapter - Downloaded https://repo.maven.apache.org/maven2/org/springframework/security/spring-security-core/6.5.1/spring-security-core-6.5.1.pom
2025-06-27 00:15:29,628 [Worker-7: Building] INFO  o.e.m.c.i.e.AbstractTransferListenerAdapter - Downloading https://repo.maven.apache.org/maven2/org/springframework/security/spring-security-web/6.5.1/spring-security-web-6.5.1.pom
2025-06-27 00:15:29,696 [Worker-7: Building] INFO  o.e.m.c.i.e.AbstractTransferListenerAdapter - Downloaded https://repo.maven.apache.org/maven2/org/springframework/security/spring-security-web/6.5.1/spring-security-web-6.5.1.pom
2025-06-27 00:15:29,766 [Worker-7: Building] INFO  o.e.m.c.i.e.AbstractTransferListenerAdapter - Downloading https://repo.maven.apache.org/maven2/org/springframework/security/spring-security-test/6.5.1/spring-security-test-6.5.1.pom
2025-06-27 00:15:29,769 [Worker-7: Building] INFO  o.e.m.c.i.e.AbstractTransferListenerAdapter - Downloaded https://repo.maven.apache.org/maven2/org/springframework/security/spring-security-test/6.5.1/spring-security-test-6.5.1.pom
2025-06-27 00:15:29,859 [Worker-7: Building] INFO  o.e.m.c.i.e.AbstractTransferListenerAdapter - Downloading https://repo.maven.apache.org/maven2/io/jsonwebtoken/jjwt-impl/0.12.2/jjwt-impl-0.12.2.pom
2025-06-27 00:15:29,862 [Worker-7: Building] INFO  o.e.m.c.i.e.AbstractTransferListenerAdapter - Downloaded https://repo.maven.apache.org/maven2/io/jsonwebtoken/jjwt-impl/0.12.2/jjwt-impl-0.12.2.pom
2025-06-27 00:15:29,880 [Worker-7: Building] INFO  o.e.m.c.i.e.AbstractTransferListenerAdapter - Downloading https://repo.maven.apache.org/maven2/io/jsonwebtoken/jjwt-root/0.12.2/jjwt-root-0.12.2.pom
2025-06-27 00:15:30,025 [Worker-7: Building] INFO  o.e.m.c.i.e.AbstractTransferListenerAdapter - Downloaded https://repo.maven.apache.org/maven2/io/jsonwebtoken/jjwt-root/0.12.2/jjwt-root-0.12.2.pom
2025-06-27 00:15:30,035 [Worker-7: Building] INFO  o.e.m.c.i.e.AbstractTransferListenerAdapter - Downloading https://repo.maven.apache.org/maven2/io/jsonwebtoken/jjwt-api/0.12.2/jjwt-api-0.12.2.pom
2025-06-27 00:15:30,123 [Worker-7: Building] INFO  o.e.m.c.i.e.AbstractTransferListenerAdapter - Downloaded https://repo.maven.apache.org/maven2/io/jsonwebtoken/jjwt-api/0.12.2/jjwt-api-0.12.2.pom
2025-06-27 00:15:30,132 [Worker-7: Building] INFO  o.e.m.c.i.e.AbstractTransferListenerAdapter - Downloading https://repo.maven.apache.org/maven2/io/jsonwebtoken/jjwt-jackson/0.12.2/jjwt-jackson-0.12.2.pom
2025-06-27 00:15:30,220 [Worker-7: Building] INFO  o.e.m.c.i.e.AbstractTransferListenerAdapter - Downloaded https://repo.maven.apache.org/maven2/io/jsonwebtoken/jjwt-jackson/0.12.2/jjwt-jackson-0.12.2.pom
2025-06-27 00:15:30,306 [Worker-7: Building] INFO  o.e.m.c.i.e.AbstractTransferListenerAdapter - Downloading https://repo.maven.apache.org/maven2/org/springframework/boot/spring-boot-starter-data-jpa/3.5.3/spring-boot-starter-data-jpa-3.5.3.jar
2025-06-27 00:15:30,308 [Worker-7: Building] INFO  o.e.m.c.i.e.AbstractTransferListenerAdapter - Downloaded https://repo.maven.apache.org/maven2/org/springframework/boot/spring-boot-starter-data-jpa/3.5.3/spring-boot-starter-data-jpa-3.5.3.jar
2025-06-27 00:15:30,315 [BasicRepositoryConnector-repo.maven.apache.org-0-1] INFO  o.e.m.c.i.e.AbstractTransferListenerAdapter - Downloading https://repo.maven.apache.org/maven2/org/springframework/boot/spring-boot-starter-security/3.5.3/spring-boot-starter-security-3.5.3.jar
2025-06-27 00:15:30,319 [BasicRepositoryConnector-repo.maven.apache.org-0-1] INFO  o.e.m.c.i.e.AbstractTransferListenerAdapter - Downloaded https://repo.maven.apache.org/maven2/org/springframework/boot/spring-boot-starter-security/3.5.3/spring-boot-starter-security-3.5.3.jar
2025-06-27 00:15:30,324 [BasicRepositoryConnector-repo.maven.apache.org-0-1] INFO  o.e.m.c.i.e.AbstractTransferListenerAdapter - Downloading https://repo.maven.apache.org/maven2/org/springframework/security/spring-security-core/6.5.1/spring-security-core-6.5.1.jar
2025-06-27 00:15:30,326 [BasicRepositoryConnector-repo.maven.apache.org-0-0] INFO  o.e.m.c.i.e.AbstractTransferListenerAdapter - Downloading https://repo.maven.apache.org/maven2/org/springframework/boot/spring-boot-starter-jdbc/3.5.3/spring-boot-starter-jdbc-3.5.3.jar
2025-06-27 00:15:30,327 [BasicRepositoryConnector-repo.maven.apache.org-0-3] INFO  o.e.m.c.i.e.AbstractTransferListenerAdapter - Downloading https://repo.maven.apache.org/maven2/org/springframework/security/spring-security-web/6.5.1/spring-security-web-6.5.1.jar
2025-06-27 00:15:30,327 [BasicRepositoryConnector-repo.maven.apache.org-0-4] INFO  o.e.m.c.i.e.AbstractTransferListenerAdapter - Downloading https://repo.maven.apache.org/maven2/org/springframework/security/spring-security-test/6.5.1/spring-security-test-6.5.1.jar
2025-06-27 00:15:30,328 [BasicRepositoryConnector-repo.maven.apache.org-0-2] INFO  o.e.m.c.i.e.AbstractTransferListenerAdapter - Downloading https://repo.maven.apache.org/maven2/org/springframework/security/spring-security-config/6.5.1/spring-security-config-6.5.1.jar
2025-06-27 00:15:30,332 [BasicRepositoryConnector-repo.maven.apache.org-0-0] INFO  o.e.m.c.i.e.AbstractTransferListenerAdapter - Downloaded https://repo.maven.apache.org/maven2/org/springframework/boot/spring-boot-starter-jdbc/3.5.3/spring-boot-starter-jdbc-3.5.3.jar
2025-06-27 00:15:30,402 [BasicRepositoryConnector-repo.maven.apache.org-0-0] INFO  o.e.m.c.i.e.AbstractTransferListenerAdapter - Downloading https://repo.maven.apache.org/maven2/io/jsonwebtoken/jjwt-impl/0.12.2/jjwt-impl-0.12.2.jar
2025-06-27 00:15:30,421 [BasicRepositoryConnector-repo.maven.apache.org-0-4] INFO  o.e.m.c.i.e.AbstractTransferListenerAdapter - Downloaded https://repo.maven.apache.org/maven2/org/springframework/security/spring-security-test/6.5.1/spring-security-test-6.5.1.jar
2025-06-27 00:15:30,427 [BasicRepositoryConnector-repo.maven.apache.org-0-0] INFO  o.e.m.c.i.e.AbstractTransferListenerAdapter - Downloaded https://repo.maven.apache.org/maven2/io/jsonwebtoken/jjwt-impl/0.12.2/jjwt-impl-0.12.2.jar
2025-06-27 00:15:30,428 [BasicRepositoryConnector-repo.maven.apache.org-0-4] INFO  o.e.m.c.i.e.AbstractTransferListenerAdapter - Downloading https://repo.maven.apache.org/maven2/io/jsonwebtoken/jjwt-jackson/0.12.2/jjwt-jackson-0.12.2.jar
2025-06-27 00:15:30,430 [BasicRepositoryConnector-repo.maven.apache.org-0-1] INFO  o.e.m.c.i.e.AbstractTransferListenerAdapter - Downloaded https://repo.maven.apache.org/maven2/org/springframework/security/spring-security-core/6.5.1/spring-security-core-6.5.1.jar
2025-06-27 00:15:30,430 [BasicRepositoryConnector-repo.maven.apache.org-0-4] INFO  o.e.m.c.i.e.AbstractTransferListenerAdapter - Downloaded https://repo.maven.apache.org/maven2/io/jsonwebtoken/jjwt-jackson/0.12.2/jjwt-jackson-0.12.2.jar
2025-06-27 00:15:30,447 [BasicRepositoryConnector-repo.maven.apache.org-0-2] INFO  o.e.m.c.i.e.AbstractTransferListenerAdapter - Downloaded https://repo.maven.apache.org/maven2/org/springframework/security/spring-security-config/6.5.1/spring-security-config-6.5.1.jar
2025-06-27 00:15:30,447 [BasicRepositoryConnector-repo.maven.apache.org-0-3] INFO  o.e.m.c.i.e.AbstractTransferListenerAdapter - Downloaded https://repo.maven.apache.org/maven2/org/springframework/security/spring-security-web/6.5.1/spring-security-web-6.5.1.jar
2025-06-27 00:15:30,499 [Worker-7: Building] INFO  o.e.m.c.i.l.LifecycleMappingFactory - Using org.eclipse.m2e.jdt.JarLifecycleMapping lifecycle mapping for MavenProject: com.cibertec.edu:spring-security-api-rest:1.0.0 @ C:\Users\Usuario\OneDrive - CIBERTEC\Desktop\ProyectoDC\ProyCitasMedicas\proy-citas-inkasalud\pom.xml.
2025-06-27 00:15:35,623 [Worker-7: Building] INFO  o.a.m.s.f.DefaultMavenResourcesFiltering - Copying 0 resource from src\main\resources to target\classes
2025-06-27 00:15:35,624 [Worker-7: Building] INFO  o.a.m.s.f.DefaultMavenResourcesFiltering - Copying 0 resource from src\main\resources to target\classes
2025-06-27 00:15:35,630 [Worker-7: Building] INFO  o.a.m.s.f.DefaultMavenResourcesFiltering - skip non existing resourceDirectory C:\Users\Usuario\OneDrive - CIBERTEC\Desktop\ProyectoDC\ProyCitasMedicas\proy-citas-inkasalud\src\test\resources
2025-06-27 00:15:36,061 [Worker-19: Updating Maven Project] INFO  o.e.m.c.i.p.ProjectConfigurationManager - Update started
2025-06-27 00:15:36,294 [Worker-19: Updating Maven Project] INFO  o.e.m.c.i.l.LifecycleMappingFactory - Using org.eclipse.m2e.jdt.JarLifecycleMapping lifecycle mapping for MavenProject: com.cibertec.edu:spring-security-api-rest:1.0.0 @ C:\Users\Usuario\OneDrive - CIBERTEC\Desktop\ProyectoDC\ProyCitasMedicas\proy-citas-inkasalud\pom.xml.
2025-06-27 00:15:36,422 [Worker-20: Download sources and javadoc] INFO  o.e.m.c.i.e.AbstractTransferListenerAdapter - Downloading https://repo.maven.apache.org/maven2/org/springframework/boot/spring-boot-starter-data-jpa/3.5.3/spring-boot-starter-data-jpa-3.5.3-sources.jar
2025-06-27 00:15:36,425 [Worker-20: Download sources and javadoc] INFO  o.e.m.c.i.e.AbstractTransferListenerAdapter - Downloaded https://repo.maven.apache.org/maven2/org/springframework/boot/spring-boot-starter-data-jpa/3.5.3/spring-boot-starter-data-jpa-3.5.3-sources.jar
2025-06-27 00:15:36,430 [Worker-20: Download sources and javadoc] INFO  o.e.m.j.internal.DownloadSourcesJob - Downloaded sources for org.springframework.boot:spring-boot-starter-data-jpa:3.5.3
2025-06-27 00:15:36,450 [Worker-20: Download sources and javadoc] INFO  o.e.m.c.i.e.AbstractTransferListenerAdapter - Downloading https://repo.maven.apache.org/maven2/org/springframework/boot/spring-boot-starter-jdbc/3.5.3/spring-boot-starter-jdbc-3.5.3-sources.jar
2025-06-27 00:15:36,453 [Worker-20: Download sources and javadoc] INFO  o.e.m.c.i.e.AbstractTransferListenerAdapter - Downloaded https://repo.maven.apache.org/maven2/org/springframework/boot/spring-boot-starter-jdbc/3.5.3/spring-boot-starter-jdbc-3.5.3-sources.jar
2025-06-27 00:15:36,456 [Worker-20: Download sources and javadoc] INFO  o.e.m.j.internal.DownloadSourcesJob - Downloaded sources for org.springframework.boot:spring-boot-starter-jdbc:3.5.3
2025-06-27 00:15:36,529 [Worker-20: Download sources and javadoc] INFO  o.e.m.c.i.e.AbstractTransferListenerAdapter - Downloading https://repo.maven.apache.org/maven2/org/springframework/boot/spring-boot-starter-security/3.5.3/spring-boot-starter-security-3.5.3-sources.jar
2025-06-27 00:15:36,533 [Worker-20: Download sources and javadoc] INFO  o.e.m.c.i.e.AbstractTransferListenerAdapter - Downloaded https://repo.maven.apache.org/maven2/org/springframework/boot/spring-boot-starter-security/3.5.3/spring-boot-starter-security-3.5.3-sources.jar
2025-06-27 00:15:36,536 [Worker-20: Download sources and javadoc] INFO  o.e.m.j.internal.DownloadSourcesJob - Downloaded sources for org.springframework.boot:spring-boot-starter-security:3.5.3
2025-06-27 00:15:36,558 [Worker-20: Download sources and javadoc] INFO  o.e.m.c.i.e.AbstractTransferListenerAdapter - Downloading https://repo.maven.apache.org/maven2/org/springframework/security/spring-security-config/6.5.1/spring-security-config-6.5.1-sources.jar
2025-06-27 00:15:36,585 [Worker-20: Download sources and javadoc] INFO  o.e.m.c.i.e.AbstractTransferListenerAdapter - Downloaded https://repo.maven.apache.org/maven2/org/springframework/security/spring-security-config/6.5.1/spring-security-config-6.5.1-sources.jar
2025-06-27 00:15:36,589 [Worker-20: Download sources and javadoc] INFO  o.e.m.j.internal.DownloadSourcesJob - Downloaded sources for org.springframework.security:spring-security-config:6.5.1
2025-06-27 00:15:36,608 [Worker-20: Download sources and javadoc] INFO  o.e.m.c.i.e.AbstractTransferListenerAdapter - Downloading https://repo.maven.apache.org/maven2/org/springframework/security/spring-security-web/6.5.1/spring-security-web-6.5.1-sources.jar
2025-06-27 00:15:36,627 [Worker-20: Download sources and javadoc] INFO  o.e.m.c.i.e.AbstractTransferListenerAdapter - Downloaded https://repo.maven.apache.org/maven2/org/springframework/security/spring-security-web/6.5.1/spring-security-web-6.5.1-sources.jar
2025-06-27 00:15:36,630 [Worker-20: Download sources and javadoc] INFO  o.e.m.j.internal.DownloadSourcesJob - Downloaded sources for org.springframework.security:spring-security-web:6.5.1
2025-06-27 00:15:36,655 [Worker-20: Download sources and javadoc] INFO  o.e.m.c.i.e.AbstractTransferListenerAdapter - Downloading https://repo.maven.apache.org/maven2/org/springframework/security/spring-security-test/6.5.1/spring-security-test-6.5.1-sources.jar
2025-06-27 00:15:36,660 [Worker-20: Download sources and javadoc] INFO  o.e.m.c.i.e.AbstractTransferListenerAdapter - Downloaded https://repo.maven.apache.org/maven2/org/springframework/security/spring-security-test/6.5.1/spring-security-test-6.5.1-sources.jar
2025-06-27 00:15:36,662 [Worker-20: Download sources and javadoc] INFO  o.e.m.j.internal.DownloadSourcesJob - Downloaded sources for org.springframework.security:spring-security-test:6.5.1
2025-06-27 00:15:36,684 [Worker-20: Download sources and javadoc] INFO  o.e.m.c.i.e.AbstractTransferListenerAdapter - Downloading https://repo.maven.apache.org/maven2/org/springframework/security/spring-security-core/6.5.1/spring-security-core-6.5.1-sources.jar
2025-06-27 00:15:36,740 [Worker-20: Download sources and javadoc] INFO  o.e.m.c.i.e.AbstractTransferListenerAdapter - Downloaded https://repo.maven.apache.org/maven2/org/springframework/security/spring-security-core/6.5.1/spring-security-core-6.5.1-sources.jar
2025-06-27 00:15:36,744 [Worker-20: Download sources and javadoc] INFO  o.e.m.j.internal.DownloadSourcesJob - Downloaded sources for org.springframework.security:spring-security-core:6.5.1
2025-06-27 00:15:37,128 [Worker-19: Updating Maven Project] INFO  o.e.m.j.i.AbstractJavaProjectConfigurator - Adding source folder /proy-citas-inkasalud/src/main/java
2025-06-27 00:15:37,128 [Worker-19: Updating Maven Project] INFO  o.e.m.j.i.AbstractJavaProjectConfigurator - Adding resource folder /proy-citas-inkasalud/src/main/resources
2025-06-27 00:15:37,129 [Worker-19: Updating Maven Project] INFO  o.e.m.j.i.AbstractJavaProjectConfigurator - Adding resource folder /proy-citas-inkasalud/src/main/resources
2025-06-27 00:15:37,129 [Worker-19: Updating Maven Project] INFO  o.e.m.j.i.AbstractJavaProjectConfigurator - Adding source folder /proy-citas-inkasalud/src/test/java
2025-06-27 00:15:37,130 [Worker-19: Updating Maven Project] INFO  o.e.m.j.i.AbstractJavaProjectConfigurator - Adding resource folder /proy-citas-inkasalud/src/test/resources
2025-06-27 00:15:37,155 [Worker-20: Download sources and javadoc] INFO  o.e.m.c.i.e.AbstractTransferListenerAdapter - Downloading https://repo.maven.apache.org/maven2/io/jsonwebtoken/jjwt-impl/0.12.2/jjwt-impl-0.12.2-sources.jar
2025-06-27 00:15:37,166 [Worker-20: Download sources and javadoc] INFO  o.e.m.c.i.e.AbstractTransferListenerAdapter - Downloaded https://repo.maven.apache.org/maven2/io/jsonwebtoken/jjwt-impl/0.12.2/jjwt-impl-0.12.2-sources.jar
2025-06-27 00:15:37,168 [Worker-20: Download sources and javadoc] INFO  o.e.m.j.internal.DownloadSourcesJob - Downloaded sources for io.jsonwebtoken:jjwt-impl:0.12.2
2025-06-27 00:15:37,272 [Worker-20: Download sources and javadoc] INFO  o.e.m.c.i.e.AbstractTransferListenerAdapter - Downloading https://repo.maven.apache.org/maven2/io/jsonwebtoken/jjwt-jackson/0.12.2/jjwt-jackson-0.12.2-sources.jar
2025-06-27 00:15:37,275 [Worker-20: Download sources and javadoc] INFO  o.e.m.c.i.e.AbstractTransferListenerAdapter - Downloaded https://repo.maven.apache.org/maven2/io/jsonwebtoken/jjwt-jackson/0.12.2/jjwt-jackson-0.12.2-sources.jar
2025-06-27 00:15:37,277 [Worker-20: Download sources and javadoc] INFO  o.e.m.j.internal.DownloadSourcesJob - Downloaded sources for io.jsonwebtoken:jjwt-jackson:0.12.2
2025-06-27 00:15:37,803 [Worker-19: Updating Maven Project] INFO  o.e.m.c.i.p.ProjectConfigurationManager - Update completed for 1 poms: local refresh takes 0,00 sec, refresh facades takes 0,00 sec, update config takes 0,00 sec 
2025-06-27 00:15:38,421 [Worker-20: Building] INFO  o.a.m.s.f.DefaultMavenResourcesFiltering - Copying 1 resource from src\main\resources to target\classes
2025-06-27 00:15:38,434 [Worker-20: Building] INFO  o.a.m.s.f.DefaultMavenResourcesFiltering - Copying 0 resource from src\main\resources to target\classes
2025-06-27 00:15:38,439 [Worker-20: Building] INFO  o.a.m.s.f.DefaultMavenResourcesFiltering - skip non existing resourceDirectory C:\Users\Usuario\OneDrive - CIBERTEC\Desktop\ProyectoDC\ProyCitasMedicas\proy-citas-inkasalud\src\test\resources
2025-06-27 00:15:41,465 [Worker-22: Updating Maven Project] INFO  o.e.m.c.i.p.ProjectConfigurationManager - Update started
2025-06-27 00:15:41,849 [Worker-22: Updating Maven Project] INFO  o.e.m.c.i.l.LifecycleMappingFactory - Using org.eclipse.m2e.jdt.JarLifecycleMapping lifecycle mapping for MavenProject: com.cibertec.edu:spring-security-api-rest:1.0.0 @ C:\Users\Usuario\OneDrive - CIBERTEC\Desktop\ProyectoDC\ProyCitasMedicas\proy-citas-inkasalud\pom.xml.
2025-06-27 00:15:42,188 [Worker-22: Updating Maven Project] INFO  o.e.m.j.i.AbstractJavaProjectConfigurator - Adding source folder /proy-citas-inkasalud/src/main/java
2025-06-27 00:15:42,188 [Worker-22: Updating Maven Project] INFO  o.e.m.j.i.AbstractJavaProjectConfigurator - Adding resource folder /proy-citas-inkasalud/src/main/resources
2025-06-27 00:15:42,189 [Worker-22: Updating Maven Project] INFO  o.e.m.j.i.AbstractJavaProjectConfigurator - Adding resource folder /proy-citas-inkasalud/src/main/resources
2025-06-27 00:15:42,189 [Worker-22: Updating Maven Project] INFO  o.e.m.j.i.AbstractJavaProjectConfigurator - Adding source folder /proy-citas-inkasalud/src/test/java
2025-06-27 00:15:42,189 [Worker-22: Updating Maven Project] INFO  o.e.m.j.i.AbstractJavaProjectConfigurator - Adding resource folder /proy-citas-inkasalud/src/test/resources
2025-06-27 00:15:42,515 [Worker-22: Updating Maven Project] INFO  o.e.m.c.i.p.ProjectConfigurationManager - Update completed for 1 poms: local refresh takes 0,00 sec, refresh facades takes 0,00 sec, update config takes 0,00 sec 
2025-06-27 00:15:42,914 [Worker-19: Building] INFO  o.a.m.s.f.DefaultMavenResourcesFiltering - Copying 1 resource from src\main\resources to target\classes
2025-06-27 00:15:42,933 [Worker-19: Building] INFO  o.a.m.s.f.DefaultMavenResourcesFiltering - Copying 0 resource from src\main\resources to target\classes
2025-06-27 00:15:42,938 [Worker-19: Building] INFO  o.a.m.s.f.DefaultMavenResourcesFiltering - skip non existing resourceDirectory C:\Users\Usuario\OneDrive - CIBERTEC\Desktop\ProyectoDC\ProyCitasMedicas\proy-citas-inkasalud\src\test\resources
2025-06-27 00:18:43,705 [Worker-17: Building] INFO  o.a.m.s.f.DefaultMavenResourcesFiltering - Copying 0 resource from src\main\resources to target\classes
2025-06-27 00:18:43,706 [Worker-17: Building] INFO  o.a.m.s.f.DefaultMavenResourcesFiltering - Copying 0 resource from src\main\resources to target\classes
2025-06-27 00:18:43,709 [Worker-17: Building] INFO  o.a.m.s.f.DefaultMavenResourcesFiltering - skip non existing resourceDirectory C:\Users\Usuario\OneDrive - CIBERTEC\Desktop\ProyectoDC\ProyCitasMedicas\proy-citas-inkasalud\src\test\resources
2025-06-27 00:18:59,655 [Worker-18: Building] INFO  o.a.m.s.f.DefaultMavenResourcesFiltering - Copying 0 resource from src\main\resources to target\classes
2025-06-27 00:18:59,656 [Worker-18: Building] INFO  o.a.m.s.f.DefaultMavenResourcesFiltering - Copying 0 resource from src\main\resources to target\classes
2025-06-27 00:18:59,659 [Worker-18: Building] INFO  o.a.m.s.f.DefaultMavenResourcesFiltering - skip non existing resourceDirectory C:\Users\Usuario\OneDrive - CIBERTEC\Desktop\ProyectoDC\ProyCitasMedicas\proy-citas-inkasalud\src\test\resources
2025-06-27 00:19:20,526 [Worker-20: Building] INFO  o.a.m.s.f.DefaultMavenResourcesFiltering - Copying 0 resource from src\main\resources to target\classes
2025-06-27 00:19:20,526 [Worker-20: Building] INFO  o.a.m.s.f.DefaultMavenResourcesFiltering - Copying 0 resource from src\main\resources to target\classes
2025-06-27 00:19:20,528 [Worker-20: Building] INFO  o.a.m.s.f.DefaultMavenResourcesFiltering - skip non existing resourceDirectory C:\Users\Usuario\OneDrive - CIBERTEC\Desktop\ProyectoDC\ProyCitasMedicas\proy-citas-inkasalud\src\test\resources
2025-06-27 00:19:49,588 [Worker-24: Building] INFO  o.a.m.s.f.DefaultMavenResourcesFiltering - Copying 0 resource from src\main\resources to target\classes
2025-06-27 00:19:49,589 [Worker-24: Building] INFO  o.a.m.s.f.DefaultMavenResourcesFiltering - Copying 0 resource from src\main\resources to target\classes
2025-06-27 00:19:49,591 [Worker-24: Building] INFO  o.a.m.s.f.DefaultMavenResourcesFiltering - skip non existing resourceDirectory C:\Users\Usuario\OneDrive - CIBERTEC\Desktop\ProyectoDC\ProyCitasMedicas\proy-citas-inkasalud\src\test\resources
2025-06-27 00:20:35,408 [Worker-25: Building] INFO  o.e.m.c.i.l.LifecycleMappingFactory - Using org.eclipse.m2e.jdt.JarLifecycleMapping lifecycle mapping for MavenProject: com.cibertec.edu:api-gateway:0.0.1-SNAPSHOT @ D:\CLASES CIBERTEC\6TO CICLO\DESARROLLO DE APLICACIONES WEB II\EXAMENES\T2\DAWII-T2\eureka-server2\api-gateway\pom.xml.
2025-06-27 00:20:36,049 [Worker-25: Building] INFO  o.a.m.s.f.DefaultMavenResourcesFiltering - Copying 1 resource from src\main\resources to target\classes
2025-06-27 00:20:36,058 [Worker-25: Building] INFO  o.a.m.s.f.DefaultMavenResourcesFiltering - Copying 0 resource from src\main\resources to target\classes
2025-06-27 00:20:36,061 [Worker-25: Building] INFO  o.a.m.s.f.DefaultMavenResourcesFiltering - skip non existing resourceDirectory D:\CLASES CIBERTEC\6TO CICLO\DESARROLLO DE APLICACIONES WEB II\EXAMENES\T2\DAWII-T2\eureka-server2\api-gateway\src\test\resources
2025-06-27 00:20:36,596 [Worker-26: Building] INFO  o.a.m.s.f.DefaultMavenResourcesFiltering - Copying 1 resource from src\main\resources to target\classes
2025-06-27 00:20:36,598 [Worker-26: Building] INFO  o.a.m.s.f.DefaultMavenResourcesFiltering - Copying 0 resource from src\main\resources to target\classes
2025-06-27 00:20:36,600 [Worker-26: Building] INFO  o.a.m.s.f.DefaultMavenResourcesFiltering - skip non existing resourceDirectory D:\CLASES CIBERTEC\6TO CICLO\DESARROLLO DE APLICACIONES WEB II\EXAMENES\T2\DAWII-T2\eureka-server2\api-gateway\src\test\resources
2025-06-27 00:20:36,869 [Worker-26: Building] INFO  o.e.m.c.i.l.LifecycleMappingFactory - Using org.eclipse.m2e.jdt.JarLifecycleMapping lifecycle mapping for MavenProject: com.cibertec.edu:eureka-server:1.0.0 @ D:\CLASES CIBERTEC\6TO CICLO\DESARROLLO DE APLICACIONES WEB II\EXAMENES\T2\DAWII-T2\eureka-server2\pom.xml.
2025-06-27 00:20:37,650 [Worker-26: Building] INFO  o.a.m.s.f.DefaultMavenResourcesFiltering - Copying 1 resource from src\main\resources to target\classes
2025-06-27 00:20:37,658 [Worker-26: Building] INFO  o.a.m.s.f.DefaultMavenResourcesFiltering - Copying 0 resource from src\main\resources to target\classes
2025-06-27 00:20:37,660 [Worker-26: Building] INFO  o.a.m.s.f.DefaultMavenResourcesFiltering - skip non existing resourceDirectory D:\CLASES CIBERTEC\6TO CICLO\DESARROLLO DE APLICACIONES WEB II\EXAMENES\T2\DAWII-T2\eureka-server2\src\test\resources
2025-06-27 00:20:38,669 [Worker-26: Updating Maven Dependencies] INFO  o.e.m.c.i.l.LifecycleMappingFactory - Using org.eclipse.m2e.jdt.JarLifecycleMapping lifecycle mapping for MavenProject: com.cibertec.edu:eureka-server:1.0.0 @ D:\CLASES CIBERTEC\6TO CICLO\DESARROLLO DE APLICACIONES WEB II\EXAMENES\T2\DAWII-T2\eureka-server2\pom.xml.
2025-06-27 00:20:38,715 [Worker-25: Building] INFO  o.a.m.s.f.DefaultMavenResourcesFiltering - Copying 1 resource from src\main\resources to target\classes
2025-06-27 00:20:38,728 [Worker-25: Building] INFO  o.a.m.s.f.DefaultMavenResourcesFiltering - Copying 0 resource from src\main\resources to target\classes
2025-06-27 00:20:38,731 [Worker-25: Building] INFO  o.a.m.s.f.DefaultMavenResourcesFiltering - skip non existing resourceDirectory D:\CLASES CIBERTEC\6TO CICLO\DESARROLLO DE APLICACIONES WEB II\EXAMENES\T2\DAWII-T2\eureka-server2\src\test\resources
2025-06-27 00:20:39,178 [Worker-26: Updating Maven Dependencies] INFO  o.e.m.c.i.l.LifecycleMappingFactory - Using org.eclipse.m2e.jdt.JarLifecycleMapping lifecycle mapping for MavenProject: com.cibertec.edu:api-gateway:0.0.1-SNAPSHOT @ D:\CLASES CIBERTEC\6TO CICLO\DESARROLLO DE APLICACIONES WEB II\EXAMENES\T2\DAWII-T2\eureka-server2\api-gateway\pom.xml.
2025-06-27 00:22:13,882 [Worker-17: Updating Maven Project] INFO  o.e.m.c.i.p.ProjectConfigurationManager - Update started
2025-06-27 00:22:14,277 [Worker-17: Updating Maven Project] INFO  o.e.m.c.i.l.LifecycleMappingFactory - Using org.eclipse.m2e.jdt.JarLifecycleMapping lifecycle mapping for MavenProject: com.cibertec.edu:eureka-server:1.0.0 @ D:\CLASES CIBERTEC\6TO CICLO\DESARROLLO DE APLICACIONES WEB II\EXAMENES\T2\DAWII-T2\eureka-server2\pom.xml.
2025-06-27 00:22:14,615 [Worker-17: Updating Maven Project] INFO  o.e.m.c.i.l.LifecycleMappingFactory - Using org.eclipse.m2e.jdt.JarLifecycleMapping lifecycle mapping for MavenProject: com.cibertec.edu:api-gateway:0.0.1-SNAPSHOT @ D:\CLASES CIBERTEC\6TO CICLO\DESARROLLO DE APLICACIONES WEB II\EXAMENES\T2\DAWII-T2\eureka-server2\api-gateway\pom.xml.
2025-06-27 00:22:15,145 [Worker-17: Updating Maven Project] INFO  o.e.m.j.i.AbstractJavaProjectConfigurator - Adding source folder /eureka-server2/src/main/java
2025-06-27 00:22:15,145 [Worker-17: Updating Maven Project] INFO  o.e.m.j.i.AbstractJavaProjectConfigurator - Adding resource folder /eureka-server2/src/main/resources
2025-06-27 00:22:15,145 [Worker-17: Updating Maven Project] INFO  o.e.m.j.i.AbstractJavaProjectConfigurator - Adding resource folder /eureka-server2/src/main/resources
2025-06-27 00:22:15,145 [Worker-17: Updating Maven Project] INFO  o.e.m.j.i.AbstractJavaProjectConfigurator - Adding source folder /eureka-server2/src/test/java
2025-06-27 00:22:15,146 [Worker-17: Updating Maven Project] INFO  o.e.m.j.i.AbstractJavaProjectConfigurator - Adding resource folder /eureka-server2/src/test/resources
2025-06-27 00:22:15,381 [Worker-17: Updating Maven Project] INFO  o.e.m.j.i.AbstractJavaProjectConfigurator - Adding source folder /api-gateway/src/main/java
2025-06-27 00:22:15,382 [Worker-17: Updating Maven Project] INFO  o.e.m.j.i.AbstractJavaProjectConfigurator - Adding resource folder /api-gateway/src/main/resources
2025-06-27 00:22:15,382 [Worker-17: Updating Maven Project] INFO  o.e.m.j.i.AbstractJavaProjectConfigurator - Adding resource folder /api-gateway/src/main/resources
2025-06-27 00:22:15,382 [Worker-17: Updating Maven Project] INFO  o.e.m.j.i.AbstractJavaProjectConfigurator - Adding source folder /api-gateway/src/test/java
2025-06-27 00:22:15,382 [Worker-17: Updating Maven Project] INFO  o.e.m.j.i.AbstractJavaProjectConfigurator - Adding resource folder /api-gateway/src/test/resources
2025-06-27 00:22:15,784 [Worker-17: Updating Maven Project] INFO  o.e.m.c.i.p.ProjectConfigurationManager - Update completed for 2 poms: local refresh takes 0,00 sec, refresh facades takes 1,00 sec, update config takes 0,00 sec 
2025-06-27 00:22:16,054 [Worker-30: Building] INFO  o.a.m.s.f.DefaultMavenResourcesFiltering - Copying 1 resource from src\main\resources to target\classes
2025-06-27 00:22:16,063 [Worker-30: Building] INFO  o.a.m.s.f.DefaultMavenResourcesFiltering - Copying 0 resource from src\main\resources to target\classes
2025-06-27 00:22:16,067 [Worker-30: Building] INFO  o.a.m.s.f.DefaultMavenResourcesFiltering - skip non existing resourceDirectory D:\CLASES CIBERTEC\6TO CICLO\DESARROLLO DE APLICACIONES WEB II\EXAMENES\T2\DAWII-T2\eureka-server2\api-gateway\src\test\resources
2025-06-27 00:22:16,202 [Worker-30: Building] INFO  o.a.m.s.f.DefaultMavenResourcesFiltering - Copying 1 resource from src\main\resources to target\classes
2025-06-27 00:22:16,213 [Worker-30: Building] INFO  o.a.m.s.f.DefaultMavenResourcesFiltering - Copying 0 resource from src\main\resources to target\classes
2025-06-27 00:22:16,216 [Worker-30: Building] INFO  o.a.m.s.f.DefaultMavenResourcesFiltering - skip non existing resourceDirectory D:\CLASES CIBERTEC\6TO CICLO\DESARROLLO DE APLICACIONES WEB II\EXAMENES\T2\DAWII-T2\eureka-server2\src\test\resources
2025-06-27 00:22:29,157 [Worker-24: Launching ASTFrame] INFO  o.e.m.c.i.l.LifecycleMappingFactory - Using org.eclipse.m2e.jdt.JarLifecycleMapping lifecycle mapping for MavenProject: com.cibertec.edu:eureka-server:1.0.0 @ D:\CLASES CIBERTEC\6TO CICLO\DESARROLLO DE APLICACIONES WEB II\EXAMENES\T2\DAWII-T2\eureka-server2\pom.xml.
2025-06-27 00:22:29,724 [Worker-24: Launching ASTFrame] INFO  o.a.m.s.f.DefaultMavenResourcesFiltering - Copying 0 resource from src\main\resources to target\classes
2025-06-27 00:22:29,724 [Worker-24: Launching ASTFrame] INFO  o.a.m.s.f.DefaultMavenResourcesFiltering - Copying 0 resource from src\main\resources to target\classes
2025-06-27 00:22:29,727 [Worker-24: Launching ASTFrame] INFO  o.a.m.s.f.DefaultMavenResourcesFiltering - skip non existing resourceDirectory D:\CLASES CIBERTEC\6TO CICLO\DESARROLLO DE APLICACIONES WEB II\EXAMENES\T2\DAWII-T2\eureka-server2\src\test\resources
2025-06-27 19:39:54,731 [Worker-7: Loading available Gradle versions] INFO  o.e.b.c.i.u.g.PublishedGradleVersions - Gradle version information cache is up-to-date. Trying to read.
2025-06-27 19:53:02,783 [Worker-24: Building] ERROR o.e.m.c.i.p.r.ProjectRegistryManager - Could not read pom.xml
org.eclipse.core.runtime.CoreException: Could not read pom.xml
	at org.eclipse.m2e.core.internal.IMavenToolbox.readModel(IMavenToolbox.java:245)
	at org.eclipse.m2e.core.internal.project.registry.ProjectRegistryManager.refreshPhase2(ProjectRegistryManager.java:591)
	at org.eclipse.m2e.core.internal.project.registry.ProjectRegistryManager.refresh(ProjectRegistryManager.java:491)
	at org.eclipse.m2e.core.internal.project.registry.ProjectRegistryManager.refresh(ProjectRegistryManager.java:370)
	at org.eclipse.m2e.core.internal.project.registry.ProjectRegistryManager.refresh(ProjectRegistryManager.java:322)
	at org.eclipse.m2e.core.internal.builder.MavenBuilder$BuildMethod.getProjectFacade(MavenBuilder.java:146)
	at org.eclipse.m2e.core.internal.builder.MavenBuilder$BuildMethod.lambda$0(MavenBuilder.java:84)
	at org.eclipse.m2e.core.internal.embedder.MavenExecutionContext.executeBare(MavenExecutionContext.java:458)
	at org.eclipse.m2e.core.internal.embedder.MavenExecutionContext.execute(MavenExecutionContext.java:339)
	at org.eclipse.m2e.core.internal.embedder.MavenExecutionContext.execute(MavenExecutionContext.java:278)
	at org.eclipse.m2e.core.internal.builder.MavenBuilder$BuildMethod.execute(MavenBuilder.java:83)
	at org.eclipse.m2e.core.internal.builder.MavenBuilder.build(MavenBuilder.java:192)
	at org.eclipse.core.internal.events.BuildManager$2.run(BuildManager.java:1077)
	at org.eclipse.core.runtime.SafeRunner.run(SafeRunner.java:47)
	at org.eclipse.core.internal.events.BuildManager.basicBuild(BuildManager.java:296)
	at org.eclipse.core.internal.events.BuildManager.basicBuild(BuildManager.java:352)
	at org.eclipse.core.internal.events.BuildManager$1.run(BuildManager.java:441)
	at org.eclipse.core.runtime.SafeRunner.run(SafeRunner.java:47)
	at org.eclipse.core.internal.events.BuildManager.basicBuild(BuildManager.java:444)
	at org.eclipse.core.internal.events.BuildManager.basicBuildLoop(BuildManager.java:555)
	at org.eclipse.core.internal.events.BuildManager.basicBuildLoop(BuildManager.java:503)
	at org.eclipse.core.internal.events.BuildManager.build(BuildManager.java:585)
	at org.eclipse.core.internal.events.AutoBuildJob.doBuild(AutoBuildJob.java:207)
	at org.eclipse.core.internal.events.AutoBuildJob.run(AutoBuildJob.java:300)
	at org.eclipse.core.internal.jobs.Worker.run(Worker.java:63)
Caused by: org.apache.maven.model.io.ModelParseException: expected START_TAG or END_TAG not TEXT (position: TEXT seen ...</description>\n\tpackaging>jar</... @16:17) 
	at org.apache.maven.model.io.DefaultModelReader.read(DefaultModelReader.java:96)
	at org.apache.maven.model.io.DefaultModelReader.read(DefaultModelReader.java:74)
	at org.eclipse.m2e.core.internal.IMavenToolbox.readModel(IMavenToolbox.java:243)
	... 24 common frames omitted
Caused by: org.codehaus.plexus.util.xml.pull.XmlPullParserException: expected START_TAG or END_TAG not TEXT (position: TEXT seen ...</description>\n\tpackaging>jar</... @16:17) 
	at org.codehaus.plexus.util.xml.pull.MXParser.nextTag(MXParser.java:1364)
	at org.apache.maven.model.io.xpp3.MavenXpp3Reader.parseModel(MavenXpp3Reader.java:2155)
	at org.apache.maven.model.io.xpp3.MavenXpp3Reader.read(MavenXpp3Reader.java:623)
	at org.apache.maven.model.io.xpp3.MavenXpp3Reader.read(MavenXpp3Reader.java:654)
	at org.apache.maven.model.io.DefaultModelReader.read(DefaultModelReader.java:93)
	... 26 common frames omitted
2025-06-27 19:53:03,036 [Worker-24: Building] INFO  o.a.m.s.f.DefaultMavenResourcesFiltering - Copying 1 resource from src\main\resources to target\classes
2025-06-27 19:53:03,047 [Worker-24: Building] INFO  o.a.m.s.f.DefaultMavenResourcesFiltering - Copying 0 resource from src\main\resources to target\classes
2025-06-27 19:53:03,051 [Worker-24: Building] INFO  o.a.m.s.f.DefaultMavenResourcesFiltering - skip non existing resourceDirectory D:\CLASES CIBERTEC\6TO CICLO\DESARROLLO DE APLICACIONES WEB II\EXAMENES\T2\DAWII-T2\eureka-server2\src\test\resources
2025-06-27 19:53:04,846 [Worker-26: Building] ERROR o.e.m.c.i.p.r.ProjectRegistryManager - Could not read pom.xml
org.eclipse.core.runtime.CoreException: Could not read pom.xml
	at org.eclipse.m2e.core.internal.IMavenToolbox.readModel(IMavenToolbox.java:245)
	at org.eclipse.m2e.core.internal.project.registry.ProjectRegistryManager.refreshPhase2(ProjectRegistryManager.java:591)
	at org.eclipse.m2e.core.internal.project.registry.ProjectRegistryManager.refresh(ProjectRegistryManager.java:491)
	at org.eclipse.m2e.core.internal.project.registry.ProjectRegistryManager.refresh(ProjectRegistryManager.java:370)
	at org.eclipse.m2e.core.internal.project.registry.ProjectRegistryManager.refresh(ProjectRegistryManager.java:322)
	at org.eclipse.m2e.core.internal.builder.MavenBuilder$BuildMethod.getProjectFacade(MavenBuilder.java:146)
	at org.eclipse.m2e.core.internal.builder.MavenBuilder$BuildMethod.lambda$0(MavenBuilder.java:84)
	at org.eclipse.m2e.core.internal.embedder.MavenExecutionContext.executeBare(MavenExecutionContext.java:458)
	at org.eclipse.m2e.core.internal.embedder.MavenExecutionContext.execute(MavenExecutionContext.java:339)
	at org.eclipse.m2e.core.internal.embedder.MavenExecutionContext.execute(MavenExecutionContext.java:278)
	at org.eclipse.m2e.core.internal.builder.MavenBuilder$BuildMethod.execute(MavenBuilder.java:83)
	at org.eclipse.m2e.core.internal.builder.MavenBuilder.build(MavenBuilder.java:192)
	at org.eclipse.core.internal.events.BuildManager$2.run(BuildManager.java:1077)
	at org.eclipse.core.runtime.SafeRunner.run(SafeRunner.java:47)
	at org.eclipse.core.internal.events.BuildManager.basicBuild(BuildManager.java:296)
	at org.eclipse.core.internal.events.BuildManager.basicBuild(BuildManager.java:352)
	at org.eclipse.core.internal.events.BuildManager$1.run(BuildManager.java:441)
	at org.eclipse.core.runtime.SafeRunner.run(SafeRunner.java:47)
	at org.eclipse.core.internal.events.BuildManager.basicBuild(BuildManager.java:444)
	at org.eclipse.core.internal.events.BuildManager.basicBuildLoop(BuildManager.java:555)
	at org.eclipse.core.internal.events.BuildManager.basicBuildLoop(BuildManager.java:503)
	at org.eclipse.core.internal.events.BuildManager.build(BuildManager.java:585)
	at org.eclipse.core.internal.events.AutoBuildJob.doBuild(AutoBuildJob.java:207)
	at org.eclipse.core.internal.events.AutoBuildJob.run(AutoBuildJob.java:300)
	at org.eclipse.core.internal.jobs.Worker.run(Worker.java:63)
Caused by: org.apache.maven.model.io.ModelParseException: expected START_TAG or END_TAG not TEXT (position: TEXT seen ...</description>\n\tpackaging>jar</... @16:17) 
	at org.apache.maven.model.io.DefaultModelReader.read(DefaultModelReader.java:96)
	at org.apache.maven.model.io.DefaultModelReader.read(DefaultModelReader.java:74)
	at org.eclipse.m2e.core.internal.IMavenToolbox.readModel(IMavenToolbox.java:243)
	... 24 common frames omitted
Caused by: org.codehaus.plexus.util.xml.pull.XmlPullParserException: expected START_TAG or END_TAG not TEXT (position: TEXT seen ...</description>\n\tpackaging>jar</... @16:17) 
	at org.codehaus.plexus.util.xml.pull.MXParser.nextTag(MXParser.java:1364)
	at org.apache.maven.model.io.xpp3.MavenXpp3Reader.parseModel(MavenXpp3Reader.java:2155)
	at org.apache.maven.model.io.xpp3.MavenXpp3Reader.read(MavenXpp3Reader.java:623)
	at org.apache.maven.model.io.xpp3.MavenXpp3Reader.read(MavenXpp3Reader.java:654)
	at org.apache.maven.model.io.DefaultModelReader.read(DefaultModelReader.java:93)
	... 26 common frames omitted
2025-06-27 19:53:04,870 [Worker-26: Building] INFO  o.a.m.s.f.DefaultMavenResourcesFiltering - Copying 0 resource from src\main\resources to target\classes
2025-06-27 19:53:04,871 [Worker-26: Building] INFO  o.a.m.s.f.DefaultMavenResourcesFiltering - Copying 0 resource from src\main\resources to target\classes
2025-06-27 19:53:04,872 [Worker-26: Building] INFO  o.a.m.s.f.DefaultMavenResourcesFiltering - skip non existing resourceDirectory D:\CLASES CIBERTEC\6TO CICLO\DESARROLLO DE APLICACIONES WEB II\EXAMENES\T2\DAWII-T2\eureka-server2\src\test\resources
2025-06-27 19:54:07,996 [Worker-7: Building] INFO  o.e.m.c.i.l.LifecycleMappingFactory - Using org.eclipse.m2e.jdt.JarLifecycleMapping lifecycle mapping for MavenProject: com.cibertec.edu:api-gateway:0.0.1-SNAPSHOT @ D:\CLASES CIBERTEC\6TO CICLO\DESARROLLO DE APLICACIONES WEB II\EXAMENES\T2\DAWII-T2\eureka-server2\api-gateway\pom.xml.
2025-06-27 19:54:08,677 [Worker-7: Building] INFO  o.a.m.s.f.DefaultMavenResourcesFiltering - Copying 1 resource from src\main\resources to target\classes
2025-06-27 19:54:08,687 [Worker-7: Building] INFO  o.a.m.s.f.DefaultMavenResourcesFiltering - Copying 0 resource from src\main\resources to target\classes
2025-06-27 19:54:08,690 [Worker-7: Building] INFO  o.a.m.s.f.DefaultMavenResourcesFiltering - skip non existing resourceDirectory D:\CLASES CIBERTEC\6TO CICLO\DESARROLLO DE APLICACIONES WEB II\EXAMENES\T2\DAWII-T2\eureka-server2\api-gateway\src\test\resources
2025-06-27 19:54:08,727 [Worker-7: Building] INFO  o.a.m.s.f.DefaultMavenResourcesFiltering - Copying 0 resource from src\main\resources to target\classes
2025-06-27 19:54:08,727 [Worker-7: Building] INFO  o.a.m.s.f.DefaultMavenResourcesFiltering - Copying 0 resource from src\main\resources to target\classes
2025-06-27 19:54:08,729 [Worker-7: Building] INFO  o.a.m.s.f.DefaultMavenResourcesFiltering - skip non existing resourceDirectory D:\CLASES CIBERTEC\6TO CICLO\DESARROLLO DE APLICACIONES WEB II\EXAMENES\T2\DAWII-T2\eureka-server2\src\test\resources
2025-06-27 19:54:09,969 [Worker-18: Building] INFO  o.a.m.s.f.DefaultMavenResourcesFiltering - Copying 1 resource from src\main\resources to target\classes
2025-06-27 19:54:09,970 [Worker-18: Building] INFO  o.a.m.s.f.DefaultMavenResourcesFiltering - Copying 0 resource from src\main\resources to target\classes
2025-06-27 19:54:09,973 [Worker-18: Building] INFO  o.a.m.s.f.DefaultMavenResourcesFiltering - skip non existing resourceDirectory D:\CLASES CIBERTEC\6TO CICLO\DESARROLLO DE APLICACIONES WEB II\EXAMENES\T2\DAWII-T2\eureka-server2\api-gateway\src\test\resources
2025-06-27 19:54:10,012 [Worker-18: Building] INFO  o.a.m.s.f.DefaultMavenResourcesFiltering - Copying 0 resource from src\main\resources to target\classes
2025-06-27 19:54:10,013 [Worker-18: Building] INFO  o.a.m.s.f.DefaultMavenResourcesFiltering - Copying 0 resource from src\main\resources to target\classes
2025-06-27 19:54:10,015 [Worker-18: Building] INFO  o.a.m.s.f.DefaultMavenResourcesFiltering - skip non existing resourceDirectory D:\CLASES CIBERTEC\6TO CICLO\DESARROLLO DE APLICACIONES WEB II\EXAMENES\T2\DAWII-T2\eureka-server2\src\test\resources
2025-06-27 19:54:24,778 [Worker-23: Updating Maven Project] INFO  o.e.m.c.i.p.ProjectConfigurationManager - Update started
2025-06-27 19:54:25,272 [Worker-23: Updating Maven Project] INFO  o.e.m.c.i.l.LifecycleMappingFactory - Using org.eclipse.m2e.jdt.JarLifecycleMapping lifecycle mapping for MavenProject: com.cibertec.edu:eureka-server:1.0.0 @ D:\CLASES CIBERTEC\6TO CICLO\DESARROLLO DE APLICACIONES WEB II\EXAMENES\T2\DAWII-T2\eureka-server2\pom.xml.
2025-06-27 19:54:25,603 [Worker-23: Updating Maven Project] INFO  o.e.m.c.i.l.LifecycleMappingFactory - Using org.eclipse.m2e.jdt.JarLifecycleMapping lifecycle mapping for MavenProject: com.cibertec.edu:api-gateway:0.0.1-SNAPSHOT @ D:\CLASES CIBERTEC\6TO CICLO\DESARROLLO DE APLICACIONES WEB II\EXAMENES\T2\DAWII-T2\eureka-server2\api-gateway\pom.xml.
2025-06-27 19:54:25,757 [Worker-23: Updating Maven Project] INFO  o.e.m.c.i.l.LifecycleMappingFactory - Using org.eclipse.m2e.jdt.JarLifecycleMapping lifecycle mapping for MavenProject: com.cibertec.edu:spring-security-api-rest:1.0.0 @ C:\Users\Usuario\OneDrive - CIBERTEC\Desktop\ProyectoDC\ProyCitasMedicas\proy-citas-inkasalud\pom.xml.
2025-06-27 19:54:26,551 [Worker-23: Updating Maven Project] INFO  o.e.m.j.i.AbstractJavaProjectConfigurator - Adding source folder /eureka-server2/src/main/java
2025-06-27 19:54:26,552 [Worker-23: Updating Maven Project] INFO  o.e.m.j.i.AbstractJavaProjectConfigurator - Adding resource folder /eureka-server2/src/main/resources
2025-06-27 19:54:26,552 [Worker-23: Updating Maven Project] INFO  o.e.m.j.i.AbstractJavaProjectConfigurator - Adding resource folder /eureka-server2/src/main/resources
2025-06-27 19:54:26,553 [Worker-23: Updating Maven Project] INFO  o.e.m.j.i.AbstractJavaProjectConfigurator - Adding source folder /eureka-server2/src/test/java
2025-06-27 19:54:26,553 [Worker-23: Updating Maven Project] INFO  o.e.m.j.i.AbstractJavaProjectConfigurator - Adding resource folder /eureka-server2/src/test/resources
2025-06-27 19:54:26,803 [Worker-23: Updating Maven Project] INFO  o.e.m.j.i.AbstractJavaProjectConfigurator - Adding source folder /api-gateway/src/main/java
2025-06-27 19:54:26,803 [Worker-23: Updating Maven Project] INFO  o.e.m.j.i.AbstractJavaProjectConfigurator - Adding resource folder /api-gateway/src/main/resources
2025-06-27 19:54:26,804 [Worker-23: Updating Maven Project] INFO  o.e.m.j.i.AbstractJavaProjectConfigurator - Adding resource folder /api-gateway/src/main/resources
2025-06-27 19:54:26,804 [Worker-23: Updating Maven Project] INFO  o.e.m.j.i.AbstractJavaProjectConfigurator - Adding source folder /api-gateway/src/test/java
2025-06-27 19:54:26,804 [Worker-23: Updating Maven Project] INFO  o.e.m.j.i.AbstractJavaProjectConfigurator - Adding resource folder /api-gateway/src/test/resources
2025-06-27 19:54:27,038 [Worker-23: Updating Maven Project] INFO  o.e.m.j.i.AbstractJavaProjectConfigurator - Adding source folder /proy-citas-inkasalud/src/main/java
2025-06-27 19:54:27,038 [Worker-23: Updating Maven Project] INFO  o.e.m.j.i.AbstractJavaProjectConfigurator - Adding resource folder /proy-citas-inkasalud/src/main/resources
2025-06-27 19:54:27,039 [Worker-23: Updating Maven Project] INFO  o.e.m.j.i.AbstractJavaProjectConfigurator - Adding resource folder /proy-citas-inkasalud/src/main/resources
2025-06-27 19:54:27,039 [Worker-23: Updating Maven Project] INFO  o.e.m.j.i.AbstractJavaProjectConfigurator - Adding source folder /proy-citas-inkasalud/src/test/java
2025-06-27 19:54:27,040 [Worker-23: Updating Maven Project] INFO  o.e.m.j.i.AbstractJavaProjectConfigurator - Adding resource folder /proy-citas-inkasalud/src/test/resources
2025-06-27 19:54:27,329 [Worker-23: Updating Maven Project] INFO  o.e.m.c.i.p.ProjectConfigurationManager - Update completed for 3 poms: local refresh takes 0,00 sec, refresh facades takes 1,00 sec, update config takes 0,00 sec 
2025-06-27 19:54:27,582 [Worker-26: Building] INFO  o.a.m.s.f.DefaultMavenResourcesFiltering - Copying 1 resource from src\main\resources to target\classes
2025-06-27 19:54:27,591 [Worker-26: Building] INFO  o.a.m.s.f.DefaultMavenResourcesFiltering - Copying 0 resource from src\main\resources to target\classes
2025-06-27 19:54:27,594 [Worker-26: Building] INFO  o.a.m.s.f.DefaultMavenResourcesFiltering - skip non existing resourceDirectory D:\CLASES CIBERTEC\6TO CICLO\DESARROLLO DE APLICACIONES WEB II\EXAMENES\T2\DAWII-T2\eureka-server2\api-gateway\src\test\resources
2025-06-27 19:54:27,711 [Worker-26: Building] INFO  o.a.m.s.f.DefaultMavenResourcesFiltering - Copying 1 resource from src\main\resources to target\classes
2025-06-27 19:54:27,720 [Worker-26: Building] INFO  o.a.m.s.f.DefaultMavenResourcesFiltering - Copying 0 resource from src\main\resources to target\classes
2025-06-27 19:54:27,722 [Worker-26: Building] INFO  o.a.m.s.f.DefaultMavenResourcesFiltering - skip non existing resourceDirectory D:\CLASES CIBERTEC\6TO CICLO\DESARROLLO DE APLICACIONES WEB II\EXAMENES\T2\DAWII-T2\eureka-server2\src\test\resources
2025-06-27 19:54:27,884 [Worker-26: Building] INFO  o.a.m.s.f.DefaultMavenResourcesFiltering - Copying 1 resource from src\main\resources to target\classes
2025-06-27 19:54:27,893 [Worker-26: Building] INFO  o.a.m.s.f.DefaultMavenResourcesFiltering - Copying 0 resource from src\main\resources to target\classes
2025-06-27 19:54:27,896 [Worker-26: Building] INFO  o.a.m.s.f.DefaultMavenResourcesFiltering - skip non existing resourceDirectory C:\Users\Usuario\OneDrive - CIBERTEC\Desktop\ProyectoDC\ProyCitasMedicas\proy-citas-inkasalud\src\test\resources
2025-06-27 19:57:19,846 [Worker-7: Loading available Gradle versions] INFO  o.e.b.c.i.u.g.PublishedGradleVersions - Gradle version information cache is up-to-date. Trying to read.
2025-06-27 19:57:43,128 [Worker-3: Building] INFO  o.e.m.c.i.l.LifecycleMappingFactory - Using org.eclipse.m2e.jdt.JarLifecycleMapping lifecycle mapping for MavenProject: com.cibertec.edu:spring-security-api-rest:1.0.0 @ C:\Users\Usuario\OneDrive - CIBERTEC\Desktop\ProyectoDC\ProyCitasMedicas\proy-citas-inkasalud\pom.xml.
2025-06-27 19:57:43,696 [Worker-3: Building] INFO  o.a.m.s.f.DefaultMavenResourcesFiltering - Copying 1 resource from src\main\resources to target\classes
2025-06-27 19:57:43,715 [Worker-3: Building] INFO  o.a.m.s.f.DefaultMavenResourcesFiltering - Copying 0 resource from src\main\resources to target\classes
2025-06-27 19:57:43,720 [Worker-3: Building] INFO  o.a.m.s.f.DefaultMavenResourcesFiltering - skip non existing resourceDirectory C:\Users\Usuario\OneDrive - CIBERTEC\Desktop\ProyectoDC\ProyCitasMedicas\proy-citas-inkasalud\src\test\resources
2025-06-27 19:57:48,624 [Worker-9: Updating Maven Project] INFO  o.e.m.c.i.p.ProjectConfigurationManager - Update started
2025-06-27 19:57:49,045 [Worker-9: Updating Maven Project] INFO  o.e.m.c.i.l.LifecycleMappingFactory - Using org.eclipse.m2e.jdt.JarLifecycleMapping lifecycle mapping for MavenProject: com.cibertec.edu:eureka-server:1.0.0 @ D:\CLASES CIBERTEC\6TO CICLO\DESARROLLO DE APLICACIONES WEB II\EXAMENES\T2\DAWII-T2\eureka-server2\pom.xml.
2025-06-27 19:57:49,439 [Worker-9: Updating Maven Project] INFO  o.e.m.c.i.l.LifecycleMappingFactory - Using org.eclipse.m2e.jdt.JarLifecycleMapping lifecycle mapping for MavenProject: com.cibertec.edu:api-gateway:0.0.1-SNAPSHOT @ D:\CLASES CIBERTEC\6TO CICLO\DESARROLLO DE APLICACIONES WEB II\EXAMENES\T2\DAWII-T2\eureka-server2\api-gateway\pom.xml.
2025-06-27 19:57:50,113 [Worker-9: Updating Maven Project] INFO  o.e.m.j.i.AbstractJavaProjectConfigurator - Adding source folder /eureka-server2/src/main/java
2025-06-27 19:57:50,115 [Worker-9: Updating Maven Project] INFO  o.e.m.j.i.AbstractJavaProjectConfigurator - Adding resource folder /eureka-server2/src/main/resources
2025-06-27 19:57:50,116 [Worker-9: Updating Maven Project] INFO  o.e.m.j.i.AbstractJavaProjectConfigurator - Adding resource folder /eureka-server2/src/main/resources
2025-06-27 19:57:50,117 [Worker-9: Updating Maven Project] INFO  o.e.m.j.i.AbstractJavaProjectConfigurator - Adding source folder /eureka-server2/src/test/java
2025-06-27 19:57:50,117 [Worker-9: Updating Maven Project] INFO  o.e.m.j.i.AbstractJavaProjectConfigurator - Adding resource folder /eureka-server2/src/test/resources
2025-06-27 19:57:50,515 [Worker-9: Updating Maven Project] INFO  o.e.m.j.i.AbstractJavaProjectConfigurator - Adding source folder /api-gateway/src/main/java
2025-06-27 19:57:50,515 [Worker-9: Updating Maven Project] INFO  o.e.m.j.i.AbstractJavaProjectConfigurator - Adding resource folder /api-gateway/src/main/resources
2025-06-27 19:57:50,516 [Worker-9: Updating Maven Project] INFO  o.e.m.j.i.AbstractJavaProjectConfigurator - Adding resource folder /api-gateway/src/main/resources
2025-06-27 19:57:50,516 [Worker-9: Updating Maven Project] INFO  o.e.m.j.i.AbstractJavaProjectConfigurator - Adding source folder /api-gateway/src/test/java
2025-06-27 19:57:50,517 [Worker-9: Updating Maven Project] INFO  o.e.m.j.i.AbstractJavaProjectConfigurator - Adding resource folder /api-gateway/src/test/resources
2025-06-27 19:57:50,955 [Worker-9: Updating Maven Project] INFO  o.e.m.c.i.p.ProjectConfigurationManager - Update completed for 2 poms: local refresh takes 0,00 sec, refresh facades takes 1,00 sec, update config takes 0,00 sec 
2025-06-27 19:57:51,465 [Worker-1: Building] INFO  o.a.m.s.f.DefaultMavenResourcesFiltering - Copying 1 resource from src\main\resources to target\classes
2025-06-27 19:57:51,475 [Worker-1: Building] INFO  o.a.m.s.f.DefaultMavenResourcesFiltering - Copying 0 resource from src\main\resources to target\classes
2025-06-27 19:57:51,478 [Worker-1: Building] INFO  o.a.m.s.f.DefaultMavenResourcesFiltering - skip non existing resourceDirectory D:\CLASES CIBERTEC\6TO CICLO\DESARROLLO DE APLICACIONES WEB II\EXAMENES\T2\DAWII-T2\eureka-server2\api-gateway\src\test\resources
2025-06-27 19:57:51,637 [Worker-1: Building] INFO  o.a.m.s.f.DefaultMavenResourcesFiltering - Copying 1 resource from src\main\resources to target\classes
2025-06-27 19:57:51,646 [Worker-1: Building] INFO  o.a.m.s.f.DefaultMavenResourcesFiltering - Copying 0 resource from src\main\resources to target\classes
2025-06-27 19:57:51,649 [Worker-1: Building] INFO  o.a.m.s.f.DefaultMavenResourcesFiltering - skip non existing resourceDirectory D:\CLASES CIBERTEC\6TO CICLO\DESARROLLO DE APLICACIONES WEB II\EXAMENES\T2\DAWII-T2\eureka-server2\src\test\resources
2025-06-27 19:58:47,368 [Worker-9: Building] INFO  o.e.m.c.i.l.LifecycleMappingFactory - Using org.eclipse.m2e.jdt.JarLifecycleMapping lifecycle mapping for MavenProject: com.cibertec.edu:eureka-server:1.0.0 @ D:\CLASES CIBERTEC\6TO CICLO\DESARROLLO DE APLICACIONES WEB II\EXAMENES\T2\DAWII-T2\eureka-server2\pom.xml.
2025-06-27 19:58:48,222 [Worker-9: Building] INFO  o.a.m.s.f.DefaultMavenResourcesFiltering - Copying 1 resource from src\main\resources to target\classes
2025-06-27 19:58:48,224 [Worker-9: Building] INFO  o.a.m.s.f.DefaultMavenResourcesFiltering - Copying 0 resource from src\main\resources to target\classes
2025-06-27 19:58:48,226 [Worker-9: Building] INFO  o.a.m.s.f.DefaultMavenResourcesFiltering - skip non existing resourceDirectory D:\CLASES CIBERTEC\6TO CICLO\DESARROLLO DE APLICACIONES WEB II\EXAMENES\T2\DAWII-T2\eureka-server2\src\test\resources
2025-06-27 19:58:50,178 [Worker-0: Building] INFO  o.a.m.s.f.DefaultMavenResourcesFiltering - Copying 1 resource from src\main\resources to target\classes
2025-06-27 19:58:50,187 [Worker-0: Building] INFO  o.a.m.s.f.DefaultMavenResourcesFiltering - Copying 0 resource from src\main\resources to target\classes
2025-06-27 19:58:50,190 [Worker-0: Building] INFO  o.a.m.s.f.DefaultMavenResourcesFiltering - skip non existing resourceDirectory D:\CLASES CIBERTEC\6TO CICLO\DESARROLLO DE APLICACIONES WEB II\EXAMENES\T2\DAWII-T2\eureka-server2\src\test\resources
2025-06-27 19:59:19,645 [Worker-6: Building] INFO  o.e.m.c.i.l.LifecycleMappingFactory - Using org.eclipse.m2e.jdt.JarLifecycleMapping lifecycle mapping for MavenProject: com.cibertec.edu:api-gateway:0.0.1-SNAPSHOT @ D:\CLASES CIBERTEC\6TO CICLO\DESARROLLO DE APLICACIONES WEB II\EXAMENES\T2\DAWII-T2\eureka-server2\api-gateway\pom.xml.
2025-06-27 19:59:20,268 [Worker-6: Building] INFO  o.a.m.s.f.DefaultMavenResourcesFiltering - Copying 1 resource from src\main\resources to target\classes
2025-06-27 19:59:20,269 [Worker-6: Building] INFO  o.a.m.s.f.DefaultMavenResourcesFiltering - Copying 0 resource from src\main\resources to target\classes
2025-06-27 19:59:20,271 [Worker-6: Building] INFO  o.a.m.s.f.DefaultMavenResourcesFiltering - skip non existing resourceDirectory D:\CLASES CIBERTEC\6TO CICLO\DESARROLLO DE APLICACIONES WEB II\EXAMENES\T2\DAWII-T2\eureka-server2\api-gateway\src\test\resources
2025-06-27 19:59:20,571 [Worker-2: Building] INFO  o.a.m.s.f.DefaultMavenResourcesFiltering - Copying 1 resource from src\main\resources to target\classes
2025-06-27 19:59:20,572 [Worker-2: Building] INFO  o.a.m.s.f.DefaultMavenResourcesFiltering - Copying 0 resource from src\main\resources to target\classes
2025-06-27 19:59:20,574 [Worker-2: Building] INFO  o.a.m.s.f.DefaultMavenResourcesFiltering - skip non existing resourceDirectory D:\CLASES CIBERTEC\6TO CICLO\DESARROLLO DE APLICACIONES WEB II\EXAMENES\T2\DAWII-T2\eureka-server2\api-gateway\src\test\resources
2025-06-27 19:59:20,610 [Worker-2: Building] INFO  o.a.m.s.f.DefaultMavenResourcesFiltering - Copying 0 resource from src\main\resources to target\classes
2025-06-27 19:59:20,611 [Worker-2: Building] INFO  o.a.m.s.f.DefaultMavenResourcesFiltering - Copying 0 resource from src\main\resources to target\classes
2025-06-27 19:59:20,613 [Worker-2: Building] INFO  o.a.m.s.f.DefaultMavenResourcesFiltering - skip non existing resourceDirectory D:\CLASES CIBERTEC\6TO CICLO\DESARROLLO DE APLICACIONES WEB II\EXAMENES\T2\DAWII-T2\eureka-server2\src\test\resources
2025-06-27 19:59:22,171 [Worker-7: Building] INFO  o.a.m.s.f.DefaultMavenResourcesFiltering - Copying 0 resource from src\main\resources to target\classes
2025-06-27 19:59:22,172 [Worker-7: Building] INFO  o.a.m.s.f.DefaultMavenResourcesFiltering - Copying 0 resource from src\main\resources to target\classes
2025-06-27 19:59:22,175 [Worker-7: Building] INFO  o.a.m.s.f.DefaultMavenResourcesFiltering - skip non existing resourceDirectory D:\CLASES CIBERTEC\6TO CICLO\DESARROLLO DE APLICACIONES WEB II\EXAMENES\T2\DAWII-T2\eureka-server2\api-gateway\src\test\resources
2025-06-27 19:59:58,188 [Worker-13: Updating Maven Project] INFO  o.e.m.c.i.p.ProjectConfigurationManager - Update started
2025-06-27 19:59:58,673 [Worker-13: Updating Maven Project] INFO  o.e.m.c.i.l.LifecycleMappingFactory - Using org.eclipse.m2e.jdt.JarLifecycleMapping lifecycle mapping for MavenProject: com.cibertec.edu:eureka-server:1.0.0 @ D:\CLASES CIBERTEC\6TO CICLO\DESARROLLO DE APLICACIONES WEB II\EXAMENES\T2\DAWII-T2\eureka-server2\pom.xml.
2025-06-27 19:59:58,993 [Worker-13: Updating Maven Project] INFO  o.e.m.c.i.l.LifecycleMappingFactory - Using org.eclipse.m2e.jdt.JarLifecycleMapping lifecycle mapping for MavenProject: com.cibertec.edu:api-gateway:0.0.1-SNAPSHOT @ D:\CLASES CIBERTEC\6TO CICLO\DESARROLLO DE APLICACIONES WEB II\EXAMENES\T2\DAWII-T2\eureka-server2\api-gateway\pom.xml.
2025-06-27 19:59:59,120 [Worker-13: Updating Maven Project] INFO  o.e.m.c.i.l.LifecycleMappingFactory - Using org.eclipse.m2e.jdt.JarLifecycleMapping lifecycle mapping for MavenProject: com.cibertec.edu:spring-security-api-rest:1.0.0 @ C:\Users\Usuario\OneDrive - CIBERTEC\Desktop\ProyectoDC\ProyCitasMedicas\proy-citas-inkasalud\pom.xml.
2025-06-27 19:59:59,749 [Worker-13: Updating Maven Project] INFO  o.e.m.j.i.AbstractJavaProjectConfigurator - Adding source folder /eureka-server-cm/src/main/java
2025-06-27 19:59:59,750 [Worker-13: Updating Maven Project] INFO  o.e.m.j.i.AbstractJavaProjectConfigurator - Adding resource folder /eureka-server-cm/src/main/resources
2025-06-27 19:59:59,750 [Worker-13: Updating Maven Project] INFO  o.e.m.j.i.AbstractJavaProjectConfigurator - Adding resource folder /eureka-server-cm/src/main/resources
2025-06-27 19:59:59,750 [Worker-13: Updating Maven Project] INFO  o.e.m.j.i.AbstractJavaProjectConfigurator - Adding source folder /eureka-server-cm/src/test/java
2025-06-27 19:59:59,751 [Worker-13: Updating Maven Project] INFO  o.e.m.j.i.AbstractJavaProjectConfigurator - Adding resource folder /eureka-server-cm/src/test/resources
2025-06-27 19:59:59,976 [Worker-13: Updating Maven Project] INFO  o.e.m.j.i.AbstractJavaProjectConfigurator - Adding source folder /api-gateway-cm/src/main/java
2025-06-27 19:59:59,977 [Worker-13: Updating Maven Project] INFO  o.e.m.j.i.AbstractJavaProjectConfigurator - Adding resource folder /api-gateway-cm/src/main/resources
2025-06-27 19:59:59,977 [Worker-13: Updating Maven Project] INFO  o.e.m.j.i.AbstractJavaProjectConfigurator - Adding resource folder /api-gateway-cm/src/main/resources
2025-06-27 19:59:59,977 [Worker-13: Updating Maven Project] INFO  o.e.m.j.i.AbstractJavaProjectConfigurator - Adding source folder /api-gateway-cm/src/test/java
2025-06-27 19:59:59,978 [Worker-13: Updating Maven Project] INFO  o.e.m.j.i.AbstractJavaProjectConfigurator - Adding resource folder /api-gateway-cm/src/test/resources
2025-06-27 20:00:00,171 [Worker-13: Updating Maven Project] INFO  o.e.m.j.i.AbstractJavaProjectConfigurator - Adding source folder /proy-citas-inkasalud/src/main/java
2025-06-27 20:00:00,172 [Worker-13: Updating Maven Project] INFO  o.e.m.j.i.AbstractJavaProjectConfigurator - Adding resource folder /proy-citas-inkasalud/src/main/resources
2025-06-27 20:00:00,172 [Worker-13: Updating Maven Project] INFO  o.e.m.j.i.AbstractJavaProjectConfigurator - Adding resource folder /proy-citas-inkasalud/src/main/resources
2025-06-27 20:00:00,172 [Worker-13: Updating Maven Project] INFO  o.e.m.j.i.AbstractJavaProjectConfigurator - Adding source folder /proy-citas-inkasalud/src/test/java
2025-06-27 20:00:00,173 [Worker-13: Updating Maven Project] INFO  o.e.m.j.i.AbstractJavaProjectConfigurator - Adding resource folder /proy-citas-inkasalud/src/test/resources
2025-06-27 20:00:00,400 [Worker-13: Updating Maven Project] INFO  o.e.m.c.i.p.ProjectConfigurationManager - Update completed for 3 poms: local refresh takes 0,00 sec, refresh facades takes 1,00 sec, update config takes 0,00 sec 
2025-06-27 20:00:00,690 [Worker-12: Building] INFO  o.a.m.s.f.DefaultMavenResourcesFiltering - Copying 1 resource from src\main\resources to target\classes
2025-06-27 20:00:00,702 [Worker-12: Building] INFO  o.a.m.s.f.DefaultMavenResourcesFiltering - Copying 0 resource from src\main\resources to target\classes
2025-06-27 20:00:00,705 [Worker-12: Building] INFO  o.a.m.s.f.DefaultMavenResourcesFiltering - skip non existing resourceDirectory D:\CLASES CIBERTEC\6TO CICLO\DESARROLLO DE APLICACIONES WEB II\EXAMENES\T2\DAWII-T2\eureka-server2\api-gateway\src\test\resources
2025-06-27 20:00:00,815 [Worker-12: Building] INFO  o.a.m.s.f.DefaultMavenResourcesFiltering - Copying 1 resource from src\main\resources to target\classes
2025-06-27 20:00:00,822 [Worker-12: Building] INFO  o.a.m.s.f.DefaultMavenResourcesFiltering - Copying 0 resource from src\main\resources to target\classes
2025-06-27 20:00:00,824 [Worker-12: Building] INFO  o.a.m.s.f.DefaultMavenResourcesFiltering - skip non existing resourceDirectory D:\CLASES CIBERTEC\6TO CICLO\DESARROLLO DE APLICACIONES WEB II\EXAMENES\T2\DAWII-T2\eureka-server2\src\test\resources
2025-06-27 20:00:00,960 [Worker-12: Building] INFO  o.a.m.s.f.DefaultMavenResourcesFiltering - Copying 1 resource from src\main\resources to target\classes
2025-06-27 20:00:00,968 [Worker-12: Building] INFO  o.a.m.s.f.DefaultMavenResourcesFiltering - Copying 0 resource from src\main\resources to target\classes
2025-06-27 20:00:00,971 [Worker-12: Building] INFO  o.a.m.s.f.DefaultMavenResourcesFiltering - skip non existing resourceDirectory C:\Users\Usuario\OneDrive - CIBERTEC\Desktop\ProyectoDC\ProyCitasMedicas\proy-citas-inkasalud\src\test\resources
2025-06-27 20:00:19,159 [Worker-6: Updating Maven Project] INFO  o.e.m.c.i.p.ProjectConfigurationManager - Update started
2025-06-27 20:00:19,600 [Worker-6: Updating Maven Project] INFO  o.e.m.c.i.l.LifecycleMappingFactory - Using org.eclipse.m2e.jdt.JarLifecycleMapping lifecycle mapping for MavenProject: com.cibertec.edu:eureka-server:1.0.0 @ D:\CLASES CIBERTEC\6TO CICLO\DESARROLLO DE APLICACIONES WEB II\EXAMENES\T2\DAWII-T2\eureka-server2\pom.xml.
2025-06-27 20:00:19,894 [Worker-6: Updating Maven Project] INFO  o.e.m.c.i.l.LifecycleMappingFactory - Using org.eclipse.m2e.jdt.JarLifecycleMapping lifecycle mapping for MavenProject: com.cibertec.edu:api-gateway:0.0.1-SNAPSHOT @ D:\CLASES CIBERTEC\6TO CICLO\DESARROLLO DE APLICACIONES WEB II\EXAMENES\T2\DAWII-T2\eureka-server2\api-gateway\pom.xml.
2025-06-27 20:00:20,059 [Worker-6: Updating Maven Project] INFO  o.e.m.c.i.l.LifecycleMappingFactory - Using org.eclipse.m2e.jdt.JarLifecycleMapping lifecycle mapping for MavenProject: com.cibertec.edu:spring-security-api-rest:1.0.0 @ C:\Users\Usuario\OneDrive - CIBERTEC\Desktop\ProyectoDC\ProyCitasMedicas\proy-citas-inkasalud\pom.xml.
2025-06-27 20:00:20,618 [Worker-6: Updating Maven Project] INFO  o.e.m.j.i.AbstractJavaProjectConfigurator - Adding source folder /eureka-server-cm/src/main/java
2025-06-27 20:00:20,618 [Worker-6: Updating Maven Project] INFO  o.e.m.j.i.AbstractJavaProjectConfigurator - Adding resource folder /eureka-server-cm/src/main/resources
2025-06-27 20:00:20,619 [Worker-6: Updating Maven Project] INFO  o.e.m.j.i.AbstractJavaProjectConfigurator - Adding resource folder /eureka-server-cm/src/main/resources
2025-06-27 20:00:20,619 [Worker-6: Updating Maven Project] INFO  o.e.m.j.i.AbstractJavaProjectConfigurator - Adding source folder /eureka-server-cm/src/test/java
2025-06-27 20:00:20,619 [Worker-6: Updating Maven Project] INFO  o.e.m.j.i.AbstractJavaProjectConfigurator - Adding resource folder /eureka-server-cm/src/test/resources
2025-06-27 20:00:20,846 [Worker-6: Updating Maven Project] INFO  o.e.m.j.i.AbstractJavaProjectConfigurator - Adding source folder /api-gateway-cm/src/main/java
2025-06-27 20:00:20,846 [Worker-6: Updating Maven Project] INFO  o.e.m.j.i.AbstractJavaProjectConfigurator - Adding resource folder /api-gateway-cm/src/main/resources
2025-06-27 20:00:20,847 [Worker-6: Updating Maven Project] INFO  o.e.m.j.i.AbstractJavaProjectConfigurator - Adding resource folder /api-gateway-cm/src/main/resources
2025-06-27 20:00:20,847 [Worker-6: Updating Maven Project] INFO  o.e.m.j.i.AbstractJavaProjectConfigurator - Adding source folder /api-gateway-cm/src/test/java
2025-06-27 20:00:20,847 [Worker-6: Updating Maven Project] INFO  o.e.m.j.i.AbstractJavaProjectConfigurator - Adding resource folder /api-gateway-cm/src/test/resources
2025-06-27 20:00:21,050 [Worker-6: Updating Maven Project] INFO  o.e.m.j.i.AbstractJavaProjectConfigurator - Adding source folder /proy-citas-inkasalud/src/main/java
2025-06-27 20:00:21,050 [Worker-6: Updating Maven Project] INFO  o.e.m.j.i.AbstractJavaProjectConfigurator - Adding resource folder /proy-citas-inkasalud/src/main/resources
2025-06-27 20:00:21,051 [Worker-6: Updating Maven Project] INFO  o.e.m.j.i.AbstractJavaProjectConfigurator - Adding resource folder /proy-citas-inkasalud/src/main/resources
2025-06-27 20:00:21,051 [Worker-6: Updating Maven Project] INFO  o.e.m.j.i.AbstractJavaProjectConfigurator - Adding source folder /proy-citas-inkasalud/src/test/java
2025-06-27 20:00:21,051 [Worker-6: Updating Maven Project] INFO  o.e.m.j.i.AbstractJavaProjectConfigurator - Adding resource folder /proy-citas-inkasalud/src/test/resources
2025-06-27 20:00:21,284 [Worker-6: Updating Maven Project] INFO  o.e.m.c.i.p.ProjectConfigurationManager - Update completed for 3 poms: local refresh takes 0,00 sec, refresh facades takes 1,00 sec, update config takes 0,00 sec 
2025-06-27 20:00:21,527 [Worker-1: Building] INFO  o.a.m.s.f.DefaultMavenResourcesFiltering - Copying 1 resource from src\main\resources to target\classes
2025-06-27 20:00:21,535 [Worker-1: Building] INFO  o.a.m.s.f.DefaultMavenResourcesFiltering - Copying 0 resource from src\main\resources to target\classes
2025-06-27 20:00:21,538 [Worker-1: Building] INFO  o.a.m.s.f.DefaultMavenResourcesFiltering - skip non existing resourceDirectory D:\CLASES CIBERTEC\6TO CICLO\DESARROLLO DE APLICACIONES WEB II\EXAMENES\T2\DAWII-T2\eureka-server2\api-gateway\src\test\resources
2025-06-27 20:00:21,648 [Worker-1: Building] INFO  o.a.m.s.f.DefaultMavenResourcesFiltering - Copying 1 resource from src\main\resources to target\classes
2025-06-27 20:00:21,660 [Worker-1: Building] INFO  o.a.m.s.f.DefaultMavenResourcesFiltering - Copying 0 resource from src\main\resources to target\classes
2025-06-27 20:00:21,662 [Worker-1: Building] INFO  o.a.m.s.f.DefaultMavenResourcesFiltering - skip non existing resourceDirectory D:\CLASES CIBERTEC\6TO CICLO\DESARROLLO DE APLICACIONES WEB II\EXAMENES\T2\DAWII-T2\eureka-server2\src\test\resources
2025-06-27 20:00:21,786 [Worker-1: Building] INFO  o.a.m.s.f.DefaultMavenResourcesFiltering - Copying 1 resource from src\main\resources to target\classes
2025-06-27 20:00:21,795 [Worker-1: Building] INFO  o.a.m.s.f.DefaultMavenResourcesFiltering - Copying 0 resource from src\main\resources to target\classes
2025-06-27 20:00:21,799 [Worker-1: Building] INFO  o.a.m.s.f.DefaultMavenResourcesFiltering - skip non existing resourceDirectory C:\Users\Usuario\OneDrive - CIBERTEC\Desktop\ProyectoDC\ProyCitasMedicas\proy-citas-inkasalud\src\test\resources
2025-06-27 20:02:13,047 [main] ERROR o.e.m2e.editor.pom.MavenPomEditor - Cannot determine URI for '/api-gateway/pom.xml'.
org.eclipse.ui.PartInitException: Cannot determine URI for '/api-gateway/pom.xml'.
	at org.eclipse.ui.texteditor.AbstractTextEditor.internalInit(AbstractTextEditor.java:3202)
	at org.eclipse.ui.texteditor.AbstractTextEditor.init(AbstractTextEditor.java:3213)
	at org.eclipse.ui.part.MultiPageEditorPart.addPage(MultiPageEditorPart.java:224)
	at org.eclipse.ui.forms.editor.FormEditor.addPage(FormEditor.java:331)
	at org.eclipse.ui.part.MultiPageEditorPart.addPage(MultiPageEditorPart.java:203)
	at org.eclipse.ui.forms.editor.FormEditor.addPage(FormEditor.java:313)
	at org.eclipse.m2e.editor.pom.MavenPomEditor.addFallbackEditors(MavenPomEditor.java:361)
	at org.eclipse.m2e.editor.pom.MavenPomEditor.addPages(MavenPomEditor.java:337)
	at org.eclipse.ui.forms.editor.FormEditor.createPages(FormEditor.java:143)
	at org.eclipse.ui.part.MultiPageEditorPart.createPartControl(MultiPageEditorPart.java:332)
	at org.eclipse.ui.internal.e4.compatibility.CompatibilityPart.createPartControl(CompatibilityPart.java:158)
	at org.eclipse.ui.internal.e4.compatibility.CompatibilityEditor.createPartControl(CompatibilityEditor.java:96)
	at org.eclipse.ui.internal.e4.compatibility.CompatibilityPart.create(CompatibilityPart.java:365)
	at java.base/jdk.internal.reflect.DirectMethodHandleAccessor.invoke(DirectMethodHandleAccessor.java:103)
	at java.base/java.lang.reflect.Method.invoke(Method.java:580)
	at org.eclipse.e4.core.internal.di.MethodRequestor.execute(MethodRequestor.java:58)
	at org.eclipse.e4.core.internal.di.InjectorImpl.processAnnotated(InjectorImpl.java:977)
	at org.eclipse.e4.core.internal.di.InjectorImpl.processAnnotated(InjectorImpl.java:939)
	at org.eclipse.e4.core.internal.di.InjectorImpl.internalInject(InjectorImpl.java:139)
	at org.eclipse.e4.core.internal.di.InjectorImpl.internalMake(InjectorImpl.java:386)
	at org.eclipse.e4.core.internal.di.InjectorImpl.make(InjectorImpl.java:312)
	at org.eclipse.e4.core.contexts.ContextInjectionFactory.make(ContextInjectionFactory.java:203)
	at org.eclipse.e4.ui.internal.workbench.ReflectionContributionFactory.createFromBundle(ReflectionContributionFactory.java:90)
	at org.eclipse.e4.ui.internal.workbench.ReflectionContributionFactory.doCreate(ReflectionContributionFactory.java:59)
	at org.eclipse.e4.ui.internal.workbench.ReflectionContributionFactory.create(ReflectionContributionFactory.java:42)
	at org.eclipse.e4.ui.workbench.renderers.swt.ContributedPartRenderer.createWidget(ContributedPartRenderer.java:132)
	at org.eclipse.e4.ui.internal.workbench.swt.PartRenderingEngine.createWidget(PartRenderingEngine.java:991)
	at org.eclipse.e4.ui.internal.workbench.swt.PartRenderingEngine.safeCreateGui(PartRenderingEngine.java:658)
	at org.eclipse.e4.ui.internal.workbench.swt.PartRenderingEngine.safeCreateGui(PartRenderingEngine.java:762)
	at org.eclipse.e4.ui.internal.workbench.swt.PartRenderingEngine$2.run(PartRenderingEngine.java:727)
	at org.eclipse.core.runtime.SafeRunner.run(SafeRunner.java:47)
	at org.eclipse.e4.ui.internal.workbench.swt.PartRenderingEngine.createGui(PartRenderingEngine.java:711)
	at org.eclipse.e4.ui.workbench.renderers.swt.StackRenderer.showTab(StackRenderer.java:1389)
	at org.eclipse.e4.ui.workbench.renderers.swt.LazyStackRenderer.postProcess(LazyStackRenderer.java:114)
	at org.eclipse.e4.ui.internal.workbench.swt.PartRenderingEngine.safeCreateGui(PartRenderingEngine.java:676)
	at org.eclipse.e4.ui.internal.workbench.swt.PartRenderingEngine.safeCreateGui(PartRenderingEngine.java:762)
	at org.eclipse.e4.ui.internal.workbench.swt.PartRenderingEngine$2.run(PartRenderingEngine.java:727)
	at org.eclipse.core.runtime.SafeRunner.run(SafeRunner.java:47)
	at org.eclipse.e4.ui.internal.workbench.swt.PartRenderingEngine.createGui(PartRenderingEngine.java:711)
	at org.eclipse.e4.ui.workbench.renderers.swt.SWTPartRenderer.processContents(SWTPartRenderer.java:72)
	at org.eclipse.e4.ui.workbench.renderers.swt.SashRenderer.processContents(SashRenderer.java:147)
	at org.eclipse.e4.ui.internal.workbench.swt.PartRenderingEngine.safeCreateGui(PartRenderingEngine.java:672)
	at org.eclipse.e4.ui.internal.workbench.swt.PartRenderingEngine.safeCreateGui(PartRenderingEngine.java:762)
	at org.eclipse.e4.ui.internal.workbench.swt.PartRenderingEngine$2.run(PartRenderingEngine.java:727)
	at org.eclipse.core.runtime.SafeRunner.run(SafeRunner.java:47)
	at org.eclipse.e4.ui.internal.workbench.swt.PartRenderingEngine.createGui(PartRenderingEngine.java:711)
	at org.eclipse.e4.ui.workbench.renderers.swt.SWTPartRenderer.processContents(SWTPartRenderer.java:72)
	at org.eclipse.e4.ui.internal.workbench.swt.PartRenderingEngine.safeCreateGui(PartRenderingEngine.java:672)
	at org.eclipse.e4.ui.internal.workbench.swt.PartRenderingEngine$1.run(PartRenderingEngine.java:543)
	at org.eclipse.core.runtime.SafeRunner.run(SafeRunner.java:47)
	at org.eclipse.e4.ui.internal.workbench.swt.PartRenderingEngine.createGui(PartRenderingEngine.java:527)
	at org.eclipse.e4.ui.workbench.renderers.swt.ElementReferenceRenderer.createWidget(ElementReferenceRenderer.java:73)
	at org.eclipse.e4.ui.internal.workbench.swt.PartRenderingEngine.createWidget(PartRenderingEngine.java:991)
	at org.eclipse.e4.ui.internal.workbench.swt.PartRenderingEngine.safeCreateGui(PartRenderingEngine.java:658)
	at org.eclipse.e4.ui.internal.workbench.swt.PartRenderingEngine.safeCreateGui(PartRenderingEngine.java:762)
	at org.eclipse.e4.ui.internal.workbench.swt.PartRenderingEngine$2.run(PartRenderingEngine.java:727)
	at org.eclipse.core.runtime.SafeRunner.run(SafeRunner.java:47)
	at org.eclipse.e4.ui.internal.workbench.swt.PartRenderingEngine.createGui(PartRenderingEngine.java:711)
	at org.eclipse.e4.ui.workbench.renderers.swt.SWTPartRenderer.processContents(SWTPartRenderer.java:72)
	at org.eclipse.e4.ui.workbench.renderers.swt.SashRenderer.processContents(SashRenderer.java:147)
	at org.eclipse.e4.ui.internal.workbench.swt.PartRenderingEngine.safeCreateGui(PartRenderingEngine.java:672)
	at org.eclipse.e4.ui.internal.workbench.swt.PartRenderingEngine.safeCreateGui(PartRenderingEngine.java:762)
	at org.eclipse.e4.ui.internal.workbench.swt.PartRenderingEngine$2.run(PartRenderingEngine.java:727)
	at org.eclipse.core.runtime.SafeRunner.run(SafeRunner.java:47)
	at org.eclipse.e4.ui.internal.workbench.swt.PartRenderingEngine.createGui(PartRenderingEngine.java:711)
	at org.eclipse.e4.ui.workbench.renderers.swt.SWTPartRenderer.processContents(SWTPartRenderer.java:72)
	at org.eclipse.e4.ui.workbench.renderers.swt.SashRenderer.processContents(SashRenderer.java:147)
	at org.eclipse.e4.ui.internal.workbench.swt.PartRenderingEngine.safeCreateGui(PartRenderingEngine.java:672)
	at org.eclipse.e4.ui.internal.workbench.swt.PartRenderingEngine.safeCreateGui(PartRenderingEngine.java:762)
	at org.eclipse.e4.ui.internal.workbench.swt.PartRenderingEngine$2.run(PartRenderingEngine.java:727)
	at org.eclipse.core.runtime.SafeRunner.run(SafeRunner.java:47)
	at org.eclipse.e4.ui.internal.workbench.swt.PartRenderingEngine.createGui(PartRenderingEngine.java:711)
	at org.eclipse.e4.ui.workbench.renderers.swt.SWTPartRenderer.processContents(SWTPartRenderer.java:72)
	at org.eclipse.e4.ui.workbench.renderers.swt.SashRenderer.processContents(SashRenderer.java:147)
	at org.eclipse.e4.ui.internal.workbench.swt.PartRenderingEngine.safeCreateGui(PartRenderingEngine.java:672)
	at org.eclipse.e4.ui.internal.workbench.swt.PartRenderingEngine.safeCreateGui(PartRenderingEngine.java:762)
	at org.eclipse.e4.ui.internal.workbench.swt.PartRenderingEngine$2.run(PartRenderingEngine.java:727)
	at org.eclipse.core.runtime.SafeRunner.run(SafeRunner.java:47)
	at org.eclipse.e4.ui.internal.workbench.swt.PartRenderingEngine.createGui(PartRenderingEngine.java:711)
	at org.eclipse.e4.ui.workbench.renderers.swt.SWTPartRenderer.processContents(SWTPartRenderer.java:72)
	at org.eclipse.e4.ui.workbench.renderers.swt.PerspectiveRenderer.processContents(PerspectiveRenderer.java:48)
	at org.eclipse.e4.ui.internal.workbench.swt.PartRenderingEngine.safeCreateGui(PartRenderingEngine.java:672)
	at org.eclipse.e4.ui.internal.workbench.swt.PartRenderingEngine.safeCreateGui(PartRenderingEngine.java:762)
	at org.eclipse.e4.ui.internal.workbench.swt.PartRenderingEngine$2.run(PartRenderingEngine.java:727)
	at org.eclipse.core.runtime.SafeRunner.run(SafeRunner.java:47)
	at org.eclipse.e4.ui.internal.workbench.swt.PartRenderingEngine.createGui(PartRenderingEngine.java:711)
	at org.eclipse.e4.ui.workbench.renderers.swt.PerspectiveStackRenderer.showTab(PerspectiveStackRenderer.java:79)
	at org.eclipse.e4.ui.workbench.renderers.swt.LazyStackRenderer.postProcess(LazyStackRenderer.java:114)
	at org.eclipse.e4.ui.workbench.renderers.swt.PerspectiveStackRenderer.postProcess(PerspectiveStackRenderer.java:61)
	at org.eclipse.e4.ui.internal.workbench.swt.PartRenderingEngine.safeCreateGui(PartRenderingEngine.java:676)
	at org.eclipse.e4.ui.internal.workbench.swt.PartRenderingEngine.safeCreateGui(PartRenderingEngine.java:762)
	at org.eclipse.e4.ui.internal.workbench.swt.PartRenderingEngine$2.run(PartRenderingEngine.java:727)
	at org.eclipse.core.runtime.SafeRunner.run(SafeRunner.java:47)
	at org.eclipse.e4.ui.internal.workbench.swt.PartRenderingEngine.createGui(PartRenderingEngine.java:711)
	at org.eclipse.e4.ui.workbench.renderers.swt.SWTPartRenderer.processContents(SWTPartRenderer.java:72)
	at org.eclipse.e4.ui.workbench.renderers.swt.SashRenderer.processContents(SashRenderer.java:147)
	at org.eclipse.e4.ui.internal.workbench.swt.PartRenderingEngine.safeCreateGui(PartRenderingEngine.java:672)
	at org.eclipse.e4.ui.internal.workbench.swt.PartRenderingEngine.safeCreateGui(PartRenderingEngine.java:762)
	at org.eclipse.e4.ui.internal.workbench.swt.PartRenderingEngine$2.run(PartRenderingEngine.java:727)
	at org.eclipse.core.runtime.SafeRunner.run(SafeRunner.java:47)
	at org.eclipse.e4.ui.internal.workbench.swt.PartRenderingEngine.createGui(PartRenderingEngine.java:711)
	at org.eclipse.e4.ui.workbench.renderers.swt.SWTPartRenderer.processContents(SWTPartRenderer.java:72)
	at org.eclipse.e4.ui.workbench.renderers.swt.WBWRenderer.processContents(WBWRenderer.java:660)
	at org.eclipse.e4.ui.internal.workbench.swt.PartRenderingEngine.safeCreateGui(PartRenderingEngine.java:672)
	at org.eclipse.e4.ui.internal.workbench.swt.PartRenderingEngine.safeCreateGui(PartRenderingEngine.java:762)
	at org.eclipse.e4.ui.internal.workbench.swt.PartRenderingEngine$2.run(PartRenderingEngine.java:727)
	at org.eclipse.core.runtime.SafeRunner.run(SafeRunner.java:47)
	at org.eclipse.e4.ui.internal.workbench.swt.PartRenderingEngine.createGui(PartRenderingEngine.java:711)
	at org.eclipse.e4.ui.internal.workbench.swt.PartRenderingEngine$5.run(PartRenderingEngine.java:1079)
	at org.eclipse.core.databinding.observable.Realm.runWithDefault(Realm.java:339)
	at org.eclipse.e4.ui.internal.workbench.swt.PartRenderingEngine.run(PartRenderingEngine.java:1042)
	at org.eclipse.e4.ui.internal.workbench.E4Workbench.createAndRunUI(E4Workbench.java:152)
	at org.eclipse.ui.internal.Workbench.lambda$3(Workbench.java:639)
	at org.eclipse.core.databinding.observable.Realm.runWithDefault(Realm.java:339)
	at org.eclipse.ui.internal.Workbench.createAndRunWorkbench(Workbench.java:546)
	at org.eclipse.ui.PlatformUI.createAndRunWorkbench(PlatformUI.java:173)
	at org.eclipse.ui.internal.ide.application.IDEApplication.start(IDEApplication.java:152)
	at org.eclipse.equinox.internal.app.EclipseAppHandle.run(EclipseAppHandle.java:208)
	at org.eclipse.core.runtime.internal.adaptor.EclipseAppLauncher.runApplication(EclipseAppLauncher.java:143)
	at org.eclipse.core.runtime.internal.adaptor.EclipseAppLauncher.start(EclipseAppLauncher.java:109)
	at org.eclipse.core.runtime.adaptor.EclipseStarter.run(EclipseStarter.java:439)
	at org.eclipse.core.runtime.adaptor.EclipseStarter.run(EclipseStarter.java:271)
	at java.base/jdk.internal.reflect.DirectMethodHandleAccessor.invoke(DirectMethodHandleAccessor.java:103)
	at java.base/java.lang.reflect.Method.invoke(Method.java:580)
	at org.eclipse.equinox.launcher.Main.invokeFramework(Main.java:668)
	at org.eclipse.equinox.launcher.Main.basicRun(Main.java:605)
	at org.eclipse.equinox.launcher.Main.run(Main.java:1481)
Caused by: org.eclipse.core.runtime.CoreException: Cannot determine URI for '/api-gateway/pom.xml'.
	at org.eclipse.core.internal.filebuffers.ResourceFileBuffer.create(ResourceFileBuffer.java:239)
	at org.eclipse.core.internal.filebuffers.TextFileBufferManager.connect(TextFileBufferManager.java:116)
	at org.eclipse.ui.editors.text.TextFileDocumentProvider.createFileInfo(TextFileDocumentProvider.java:565)
	at org.eclipse.ui.editors.text.TextFileDocumentProvider.connect(TextFileDocumentProvider.java:481)
	at org.eclipse.ui.texteditor.AbstractTextEditor.doSetInput(AbstractTextEditor.java:4187)
	at org.eclipse.ui.texteditor.StatusTextEditor.doSetInput(StatusTextEditor.java:262)
	at org.eclipse.ui.texteditor.AbstractDecoratedTextEditor.doSetInput(AbstractDecoratedTextEditor.java:1483)
	at org.eclipse.ui.editors.text.TextEditor.doSetInput(TextEditor.java:153)
	at org.eclipse.ui.internal.genericeditor.ExtensionBasedTextEditor.doSetInput(ExtensionBasedTextEditor.java:92)
	at org.eclipse.ui.texteditor.AbstractTextEditor.lambda$1(AbstractTextEditor.java:3171)
	at org.eclipse.ui.internal.WorkbenchWindow.run(WorkbenchWindow.java:2279)
	at org.eclipse.ui.texteditor.AbstractTextEditor.internalInit(AbstractTextEditor.java:3188)
	... 126 common frames omitted
2025-06-27 20:02:14,203 [Worker-2: Loading available Gradle versions] INFO  o.e.b.c.i.u.g.PublishedGradleVersions - Gradle version information cache is up-to-date. Trying to read.
2025-06-27 20:02:51,942 [Worker-3: Building] ERROR o.e.m.c.i.p.r.ProjectRegistryManager - Could not read pom.xml
org.eclipse.core.runtime.CoreException: Could not read pom.xml
	at org.eclipse.m2e.core.internal.IMavenToolbox.readModel(IMavenToolbox.java:245)
	at org.eclipse.m2e.core.internal.project.registry.ProjectRegistryManager.refreshPhase2(ProjectRegistryManager.java:591)
	at org.eclipse.m2e.core.internal.project.registry.ProjectRegistryManager.refresh(ProjectRegistryManager.java:491)
	at org.eclipse.m2e.core.internal.project.registry.ProjectRegistryManager.refresh(ProjectRegistryManager.java:370)
	at org.eclipse.m2e.core.internal.project.registry.ProjectRegistryManager.refresh(ProjectRegistryManager.java:322)
	at org.eclipse.m2e.core.internal.builder.MavenBuilder$BuildMethod.getProjectFacade(MavenBuilder.java:146)
	at org.eclipse.m2e.core.internal.builder.MavenBuilder$BuildMethod.lambda$0(MavenBuilder.java:84)
	at org.eclipse.m2e.core.internal.embedder.MavenExecutionContext.executeBare(MavenExecutionContext.java:458)
	at org.eclipse.m2e.core.internal.embedder.MavenExecutionContext.execute(MavenExecutionContext.java:339)
	at org.eclipse.m2e.core.internal.embedder.MavenExecutionContext.execute(MavenExecutionContext.java:278)
	at org.eclipse.m2e.core.internal.builder.MavenBuilder$BuildMethod.execute(MavenBuilder.java:83)
	at org.eclipse.m2e.core.internal.builder.MavenBuilder.build(MavenBuilder.java:192)
	at org.eclipse.core.internal.events.BuildManager$2.run(BuildManager.java:1077)
	at org.eclipse.core.runtime.SafeRunner.run(SafeRunner.java:47)
	at org.eclipse.core.internal.events.BuildManager.basicBuild(BuildManager.java:296)
	at org.eclipse.core.internal.events.BuildManager.basicBuild(BuildManager.java:352)
	at org.eclipse.core.internal.events.BuildManager$1.run(BuildManager.java:441)
	at org.eclipse.core.runtime.SafeRunner.run(SafeRunner.java:47)
	at org.eclipse.core.internal.events.BuildManager.basicBuild(BuildManager.java:444)
	at org.eclipse.core.internal.events.BuildManager.basicBuildLoop(BuildManager.java:555)
	at org.eclipse.core.internal.events.BuildManager.basicBuildLoop(BuildManager.java:503)
	at org.eclipse.core.internal.events.BuildManager.build(BuildManager.java:585)
	at org.eclipse.core.internal.events.AutoBuildJob.doBuild(AutoBuildJob.java:207)
	at org.eclipse.core.internal.events.AutoBuildJob.run(AutoBuildJob.java:300)
	at org.eclipse.core.internal.jobs.Worker.run(Worker.java:63)
Caused by: org.apache.maven.model.io.ModelParseException: Duplicated tag: 'packaging' (position: START_TAG seen ...</packaging>\n\t<packaging>... @18:13) 
	at org.apache.maven.model.io.DefaultModelReader.read(DefaultModelReader.java:96)
	at org.apache.maven.model.io.DefaultModelReader.read(DefaultModelReader.java:74)
	at org.eclipse.m2e.core.internal.IMavenToolbox.readModel(IMavenToolbox.java:243)
	... 24 common frames omitted
Caused by: org.codehaus.plexus.util.xml.pull.XmlPullParserException: Duplicated tag: 'packaging' (position: START_TAG seen ...</packaging>\n\t<packaging>... @18:13) 
	at org.apache.maven.model.io.xpp3.MavenXpp3Reader.checkFieldWithDuplicate(MavenXpp3Reader.java:141)
	at org.apache.maven.model.io.xpp3.MavenXpp3Reader.parseModel(MavenXpp3Reader.java:2177)
	at org.apache.maven.model.io.xpp3.MavenXpp3Reader.read(MavenXpp3Reader.java:623)
	at org.apache.maven.model.io.xpp3.MavenXpp3Reader.read(MavenXpp3Reader.java:654)
	at org.apache.maven.model.io.DefaultModelReader.read(DefaultModelReader.java:93)
	... 26 common frames omitted
2025-06-27 20:02:53,214 [Worker-3: Building] ERROR o.e.m.c.i.p.r.ProjectRegistryManager - Could not read pom.xml
org.eclipse.core.runtime.CoreException: Could not read pom.xml
	at org.eclipse.m2e.core.internal.IMavenToolbox.readModel(IMavenToolbox.java:245)
	at org.eclipse.m2e.core.internal.project.registry.ProjectRegistryManager.refreshPhase2(ProjectRegistryManager.java:591)
	at org.eclipse.m2e.core.internal.project.registry.ProjectRegistryManager.refresh(ProjectRegistryManager.java:491)
	at org.eclipse.m2e.core.internal.project.registry.ProjectRegistryManager.refresh(ProjectRegistryManager.java:370)
	at org.eclipse.m2e.core.internal.project.registry.ProjectRegistryManager.refresh(ProjectRegistryManager.java:322)
	at org.eclipse.m2e.core.internal.builder.MavenBuilder$BuildMethod.getProjectFacade(MavenBuilder.java:146)
	at org.eclipse.m2e.core.internal.builder.MavenBuilder$BuildMethod.lambda$0(MavenBuilder.java:84)
	at org.eclipse.m2e.core.internal.embedder.MavenExecutionContext.executeBare(MavenExecutionContext.java:458)
	at org.eclipse.m2e.core.internal.embedder.MavenExecutionContext.execute(MavenExecutionContext.java:339)
	at org.eclipse.m2e.core.internal.embedder.MavenExecutionContext.execute(MavenExecutionContext.java:278)
	at org.eclipse.m2e.core.internal.builder.MavenBuilder$BuildMethod.execute(MavenBuilder.java:83)
	at org.eclipse.m2e.core.internal.builder.MavenBuilder.build(MavenBuilder.java:192)
	at org.eclipse.core.internal.events.BuildManager$2.run(BuildManager.java:1077)
	at org.eclipse.core.runtime.SafeRunner.run(SafeRunner.java:47)
	at org.eclipse.core.internal.events.BuildManager.basicBuild(BuildManager.java:296)
	at org.eclipse.core.internal.events.BuildManager.basicBuild(BuildManager.java:352)
	at org.eclipse.core.internal.events.BuildManager$1.run(BuildManager.java:441)
	at org.eclipse.core.runtime.SafeRunner.run(SafeRunner.java:47)
	at org.eclipse.core.internal.events.BuildManager.basicBuild(BuildManager.java:444)
	at org.eclipse.core.internal.events.BuildManager.basicBuildLoop(BuildManager.java:555)
	at org.eclipse.core.internal.events.BuildManager.basicBuildLoop(BuildManager.java:503)
	at org.eclipse.core.internal.events.BuildManager.build(BuildManager.java:585)
	at org.eclipse.core.internal.events.AutoBuildJob.doBuild(AutoBuildJob.java:207)
	at org.eclipse.core.internal.events.AutoBuildJob.run(AutoBuildJob.java:300)
	at org.eclipse.core.internal.jobs.Worker.run(Worker.java:63)
Caused by: org.apache.maven.model.io.ModelParseException: Duplicated tag: 'packaging' (position: START_TAG seen ...</packaging>\n\t<packaging>... @18:13) 
	at org.apache.maven.model.io.DefaultModelReader.read(DefaultModelReader.java:96)
	at org.apache.maven.model.io.DefaultModelReader.read(DefaultModelReader.java:74)
	at org.eclipse.m2e.core.internal.IMavenToolbox.readModel(IMavenToolbox.java:243)
	... 24 common frames omitted
Caused by: org.codehaus.plexus.util.xml.pull.XmlPullParserException: Duplicated tag: 'packaging' (position: START_TAG seen ...</packaging>\n\t<packaging>... @18:13) 
	at org.apache.maven.model.io.xpp3.MavenXpp3Reader.checkFieldWithDuplicate(MavenXpp3Reader.java:141)
	at org.apache.maven.model.io.xpp3.MavenXpp3Reader.parseModel(MavenXpp3Reader.java:2177)
	at org.apache.maven.model.io.xpp3.MavenXpp3Reader.read(MavenXpp3Reader.java:623)
	at org.apache.maven.model.io.xpp3.MavenXpp3Reader.read(MavenXpp3Reader.java:654)
	at org.apache.maven.model.io.DefaultModelReader.read(DefaultModelReader.java:93)
	... 26 common frames omitted
2025-06-27 20:02:57,749 [Worker-10: reload maven project] ERROR o.e.m.c.i.p.r.ProjectRegistryManager - Failed to read Maven project: Some problems were encountered while processing the POMs:
[FATAL] Non-parseable POM D:\CLASES CIBERTEC\6TO CICLO\DESARROLLO DE APLICACIONES WEB II\EXAMENES\T2\DAWII-T2\eureka-server2\pom.xml: Duplicated tag: 'packaging' (position: START_TAG seen ...</packaging>\n\t<packaging>... @18:13)  @ line 18, column 13

org.apache.maven.project.ProjectBuildingException: Some problems were encountered while processing the POMs:
[FATAL] Non-parseable POM D:\CLASES CIBERTEC\6TO CICLO\DESARROLLO DE APLICACIONES WEB II\EXAMENES\T2\DAWII-T2\eureka-server2\pom.xml: Duplicated tag: 'packaging' (position: START_TAG seen ...</packaging>\n\t<packaging>... @18:13)  @ line 18, column 13

	at org.eclipse.m2e.core.internal.IMavenToolbox.readMavenProjects(IMavenToolbox.java:140)
	at org.eclipse.m2e.core.internal.project.registry.ProjectRegistryManager.lambda$22(ProjectRegistryManager.java:943)
	at org.eclipse.m2e.core.internal.embedder.MavenExecutionContext.executeBare(MavenExecutionContext.java:458)
	at org.eclipse.m2e.core.internal.embedder.MavenExecutionContext.execute(MavenExecutionContext.java:339)
	at org.eclipse.m2e.core.internal.embedder.MavenExecutionContext.execute(MavenExecutionContext.java:278)
	at org.eclipse.m2e.core.internal.project.registry.ProjectRegistryManager.readProjectsWithDependencies(ProjectRegistryManager.java:939)
	at org.eclipse.m2e.core.internal.project.registry.ProjectRegistryManager.create(ProjectRegistryManager.java:219)
	at org.eclipse.m2e.core.internal.project.registry.MavenProjectManager.create(MavenProjectManager.java:105)
	at org.eclipse.m2e.core.ui.internal.actions.SelectionUtil.getMavenProject(SelectionUtil.java:239)
	at org.eclipse.m2e.editor.pom.MavenPomEditor.readMavenProject(MavenPomEditor.java:709)
	at org.eclipse.m2e.editor.pom.MavenPomEditor$4.run(MavenPomEditor.java:1029)
	at org.eclipse.core.internal.jobs.Worker.run(Worker.java:63)
2025-06-27 20:02:58,786 [Worker-12: Building] ERROR o.e.m.c.i.p.r.ProjectRegistryManager - Could not read pom.xml
org.eclipse.core.runtime.CoreException: Could not read pom.xml
	at org.eclipse.m2e.core.internal.IMavenToolbox.readModel(IMavenToolbox.java:245)
	at org.eclipse.m2e.core.internal.project.registry.ProjectRegistryManager.refreshPhase2(ProjectRegistryManager.java:591)
	at org.eclipse.m2e.core.internal.project.registry.ProjectRegistryManager.refresh(ProjectRegistryManager.java:491)
	at org.eclipse.m2e.core.internal.project.registry.ProjectRegistryManager.refresh(ProjectRegistryManager.java:370)
	at org.eclipse.m2e.core.internal.project.registry.ProjectRegistryManager.refresh(ProjectRegistryManager.java:322)
	at org.eclipse.m2e.core.internal.builder.MavenBuilder$BuildMethod.getProjectFacade(MavenBuilder.java:146)
	at org.eclipse.m2e.core.internal.builder.MavenBuilder$BuildMethod.lambda$0(MavenBuilder.java:84)
	at org.eclipse.m2e.core.internal.embedder.MavenExecutionContext.executeBare(MavenExecutionContext.java:458)
	at org.eclipse.m2e.core.internal.embedder.MavenExecutionContext.execute(MavenExecutionContext.java:339)
	at org.eclipse.m2e.core.internal.embedder.MavenExecutionContext.execute(MavenExecutionContext.java:278)
	at org.eclipse.m2e.core.internal.builder.MavenBuilder$BuildMethod.execute(MavenBuilder.java:83)
	at org.eclipse.m2e.core.internal.builder.MavenBuilder.build(MavenBuilder.java:192)
	at org.eclipse.core.internal.events.BuildManager$2.run(BuildManager.java:1077)
	at org.eclipse.core.runtime.SafeRunner.run(SafeRunner.java:47)
	at org.eclipse.core.internal.events.BuildManager.basicBuild(BuildManager.java:296)
	at org.eclipse.core.internal.events.BuildManager.basicBuild(BuildManager.java:352)
	at org.eclipse.core.internal.events.BuildManager$1.run(BuildManager.java:441)
	at org.eclipse.core.runtime.SafeRunner.run(SafeRunner.java:47)
	at org.eclipse.core.internal.events.BuildManager.basicBuild(BuildManager.java:444)
	at org.eclipse.core.internal.events.BuildManager.basicBuildLoop(BuildManager.java:555)
	at org.eclipse.core.internal.events.BuildManager.basicBuildLoop(BuildManager.java:503)
	at org.eclipse.core.internal.events.BuildManager.build(BuildManager.java:585)
	at org.eclipse.core.internal.events.AutoBuildJob.doBuild(AutoBuildJob.java:207)
	at org.eclipse.core.internal.events.AutoBuildJob.run(AutoBuildJob.java:300)
	at org.eclipse.core.internal.jobs.Worker.run(Worker.java:63)
Caused by: org.apache.maven.model.io.ModelParseException: Duplicated tag: 'packaging' (position: START_TAG seen ...</packaging>\n\t<packaging>... @18:13) 
	at org.apache.maven.model.io.DefaultModelReader.read(DefaultModelReader.java:96)
	at org.apache.maven.model.io.DefaultModelReader.read(DefaultModelReader.java:74)
	at org.eclipse.m2e.core.internal.IMavenToolbox.readModel(IMavenToolbox.java:243)
	... 24 common frames omitted
Caused by: org.codehaus.plexus.util.xml.pull.XmlPullParserException: Duplicated tag: 'packaging' (position: START_TAG seen ...</packaging>\n\t<packaging>... @18:13) 
	at org.apache.maven.model.io.xpp3.MavenXpp3Reader.checkFieldWithDuplicate(MavenXpp3Reader.java:141)
	at org.apache.maven.model.io.xpp3.MavenXpp3Reader.parseModel(MavenXpp3Reader.java:2177)
	at org.apache.maven.model.io.xpp3.MavenXpp3Reader.read(MavenXpp3Reader.java:623)
	at org.apache.maven.model.io.xpp3.MavenXpp3Reader.read(MavenXpp3Reader.java:654)
	at org.apache.maven.model.io.DefaultModelReader.read(DefaultModelReader.java:93)
	... 26 common frames omitted
2025-06-27 20:03:11,121 [Worker-15: Building] INFO  o.e.m.c.i.l.LifecycleMappingFactory - Using org.eclipse.m2e.jdt.JarLifecycleMapping lifecycle mapping for MavenProject: com.cibertec.edu:eureka-server:1.0.0 @ D:\CLASES CIBERTEC\6TO CICLO\DESARROLLO DE APLICACIONES WEB II\EXAMENES\T2\DAWII-T2\eureka-server2\pom.xml.
2025-06-27 20:03:12,540 [Worker-15: Building] INFO  o.a.m.s.f.DefaultMavenResourcesFiltering - Copying 1 resource from src\main\resources to target\classes
2025-06-27 20:03:12,551 [Worker-15: Building] INFO  o.a.m.s.f.DefaultMavenResourcesFiltering - Copying 0 resource from src\main\resources to target\classes
2025-06-27 20:03:12,554 [Worker-15: Building] INFO  o.a.m.s.f.DefaultMavenResourcesFiltering - skip non existing resourceDirectory D:\CLASES CIBERTEC\6TO CICLO\DESARROLLO DE APLICACIONES WEB II\EXAMENES\T2\DAWII-T2\eureka-server2\src\test\resources
2025-06-27 20:03:13,718 [Worker-6: Building] INFO  o.a.m.s.f.DefaultMavenResourcesFiltering - Copying 1 resource from src\main\resources to target\classes
2025-06-27 20:03:13,719 [Worker-6: Building] INFO  o.a.m.s.f.DefaultMavenResourcesFiltering - Copying 0 resource from src\main\resources to target\classes
2025-06-27 20:03:13,722 [Worker-6: Building] INFO  o.a.m.s.f.DefaultMavenResourcesFiltering - skip non existing resourceDirectory D:\CLASES CIBERTEC\6TO CICLO\DESARROLLO DE APLICACIONES WEB II\EXAMENES\T2\DAWII-T2\eureka-server2\src\test\resources
2025-06-27 20:03:24,973 [Worker-10: Building] INFO  o.e.m.c.i.l.LifecycleMappingFactory - Using org.eclipse.m2e.jdt.JarLifecycleMapping lifecycle mapping for MavenProject: com.cibertec.edu:eureka-server:1.0.0 @ D:\CLASES CIBERTEC\6TO CICLO\DESARROLLO DE APLICACIONES WEB II\EXAMENES\T2\DAWII-T2\eureka-server2\pom.xml.
2025-06-27 20:03:25,548 [Worker-10: Building] INFO  o.a.m.s.f.DefaultMavenResourcesFiltering - Copying 0 resource from src\main\resources to target\classes
2025-06-27 20:03:25,549 [Worker-10: Building] INFO  o.a.m.s.f.DefaultMavenResourcesFiltering - Copying 0 resource from src\main\resources to target\classes
2025-06-27 20:03:25,552 [Worker-10: Building] INFO  o.a.m.s.f.DefaultMavenResourcesFiltering - skip non existing resourceDirectory D:\CLASES CIBERTEC\6TO CICLO\DESARROLLO DE APLICACIONES WEB II\EXAMENES\T2\DAWII-T2\eureka-server2\src\test\resources
2025-06-27 20:03:49,364 [Worker-11: Updating Maven Project] INFO  o.e.m.c.i.p.ProjectConfigurationManager - Update started
2025-06-27 20:03:49,749 [Worker-11: Updating Maven Project] INFO  o.e.m.c.i.l.LifecycleMappingFactory - Using org.eclipse.m2e.jdt.JarLifecycleMapping lifecycle mapping for MavenProject: com.cibertec.edu:eureka-server:1.0.0 @ D:\CLASES CIBERTEC\6TO CICLO\DESARROLLO DE APLICACIONES WEB II\EXAMENES\T2\DAWII-T2\eureka-server2\pom.xml.
2025-06-27 20:03:50,111 [Worker-11: Updating Maven Project] INFO  o.e.m.c.i.l.LifecycleMappingFactory - Using org.eclipse.m2e.jdt.JarLifecycleMapping lifecycle mapping for MavenProject: com.cibertec.edu:api-gateway:0.0.1-SNAPSHOT @ D:\CLASES CIBERTEC\6TO CICLO\DESARROLLO DE APLICACIONES WEB II\EXAMENES\T2\DAWII-T2\eureka-server2\api-gateway\pom.xml.
2025-06-27 20:03:50,671 [Worker-11: Updating Maven Project] INFO  o.e.m.j.i.AbstractJavaProjectConfigurator - Adding source folder /eureka-server-cm/src/main/java
2025-06-27 20:03:50,672 [Worker-11: Updating Maven Project] INFO  o.e.m.j.i.AbstractJavaProjectConfigurator - Adding resource folder /eureka-server-cm/src/main/resources
2025-06-27 20:03:50,672 [Worker-11: Updating Maven Project] INFO  o.e.m.j.i.AbstractJavaProjectConfigurator - Adding resource folder /eureka-server-cm/src/main/resources
2025-06-27 20:03:50,673 [Worker-11: Updating Maven Project] INFO  o.e.m.j.i.AbstractJavaProjectConfigurator - Adding source folder /eureka-server-cm/src/test/java
2025-06-27 20:03:50,673 [Worker-11: Updating Maven Project] INFO  o.e.m.j.i.AbstractJavaProjectConfigurator - Adding resource folder /eureka-server-cm/src/test/resources
2025-06-27 20:03:50,915 [Worker-11: Updating Maven Project] INFO  o.e.m.j.i.AbstractJavaProjectConfigurator - Adding source folder /api-gateway-cm/src/main/java
2025-06-27 20:03:50,915 [Worker-11: Updating Maven Project] INFO  o.e.m.j.i.AbstractJavaProjectConfigurator - Adding resource folder /api-gateway-cm/src/main/resources
2025-06-27 20:03:50,916 [Worker-11: Updating Maven Project] INFO  o.e.m.j.i.AbstractJavaProjectConfigurator - Adding resource folder /api-gateway-cm/src/main/resources
2025-06-27 20:03:50,916 [Worker-11: Updating Maven Project] INFO  o.e.m.j.i.AbstractJavaProjectConfigurator - Adding source folder /api-gateway-cm/src/test/java
2025-06-27 20:03:50,916 [Worker-11: Updating Maven Project] INFO  o.e.m.j.i.AbstractJavaProjectConfigurator - Adding resource folder /api-gateway-cm/src/test/resources
2025-06-27 20:03:51,180 [Worker-11: Updating Maven Project] INFO  o.e.m.c.i.p.ProjectConfigurationManager - Update completed for 2 poms: local refresh takes 0,00 sec, refresh facades takes 1,00 sec, update config takes 0,00 sec 
2025-06-27 20:03:51,521 [Worker-10: Building] INFO  o.a.m.s.f.DefaultMavenResourcesFiltering - Copying 1 resource from src\main\resources to target\classes
2025-06-27 20:03:51,534 [Worker-10: Building] INFO  o.a.m.s.f.DefaultMavenResourcesFiltering - Copying 0 resource from src\main\resources to target\classes
2025-06-27 20:03:51,538 [Worker-10: Building] INFO  o.a.m.s.f.DefaultMavenResourcesFiltering - skip non existing resourceDirectory D:\CLASES CIBERTEC\6TO CICLO\DESARROLLO DE APLICACIONES WEB II\EXAMENES\T2\DAWII-T2\eureka-server2\api-gateway\src\test\resources
2025-06-27 20:03:51,692 [Worker-10: Building] INFO  o.a.m.s.f.DefaultMavenResourcesFiltering - Copying 1 resource from src\main\resources to target\classes
2025-06-27 20:03:51,701 [Worker-10: Building] INFO  o.a.m.s.f.DefaultMavenResourcesFiltering - Copying 0 resource from src\main\resources to target\classes
2025-06-27 20:03:51,703 [Worker-10: Building] INFO  o.a.m.s.f.DefaultMavenResourcesFiltering - skip non existing resourceDirectory D:\CLASES CIBERTEC\6TO CICLO\DESARROLLO DE APLICACIONES WEB II\EXAMENES\T2\DAWII-T2\eureka-server2\src\test\resources
2025-06-27 20:05:28,745 [Worker-0: Updating Maven Dependencies] ERROR o.e.m.j.i.l.MavenLaunchConfigurationListener - Launch configuration ASTFrame references non-existing project eureka-server-cm.
org.eclipse.core.runtime.CoreException: Launch configuration ASTFrame references non-existing project eureka-server-cm.
	at org.eclipse.jdt.launching.JavaRuntime.abort(JavaRuntime.java:1867)
	at org.eclipse.jdt.launching.JavaRuntime.getJavaProject(JavaRuntime.java:1744)
	at org.eclipse.m2e.jdt.internal.launch.MavenLaunchConfigurationListener.updateLaunchConfiguration(MavenLaunchConfigurationListener.java:64)
	at org.eclipse.m2e.jdt.internal.launch.MavenLaunchConfigurationListener.launchConfigurationChanged(MavenLaunchConfigurationListener.java:50)
	at org.eclipse.debug.internal.core.LaunchManager$ConfigurationNotifier.run(LaunchManager.java:220)
	at org.eclipse.core.runtime.SafeRunner.run(SafeRunner.java:47)
	at org.eclipse.debug.internal.core.LaunchManager$ConfigurationNotifier.notify(LaunchManager.java:204)
	at org.eclipse.debug.internal.core.LaunchConfigurationWorkingCopy.setDirty(LaunchConfigurationWorkingCopy.java:527)
	at org.eclipse.debug.internal.core.LaunchConfigurationWorkingCopy.setAttribute(LaunchConfigurationWorkingCopy.java:415)
	at org.eclipse.m2e.jdt.internal.launch.MavenRuntimeClasspathProvider.disable(MavenRuntimeClasspathProvider.java:409)
	at org.eclipse.m2e.jdt.internal.launch.MavenRuntimeClasspathProvider.disable(MavenRuntimeClasspathProvider.java:435)
	at org.eclipse.m2e.jdt.internal.launch.MavenLaunchConfigurationListener.mavenProjectChanged(MavenLaunchConfigurationListener.java:135)
	at org.eclipse.m2e.core.internal.project.registry.ProjectRegistryManager.notifyProjectChangeListeners(ProjectRegistryManager.java:892)
	at org.eclipse.m2e.core.internal.project.registry.ProjectRegistryManager.applyMutableProjectRegistry(ProjectRegistryManager.java:1042)
	at org.eclipse.m2e.core.internal.project.registry.ProjectRegistryRefreshJob.lambda$0(ProjectRegistryRefreshJob.java:162)
	at org.eclipse.m2e.core.internal.embedder.MavenExecutionContext.executeBare(MavenExecutionContext.java:458)
	at org.eclipse.m2e.core.internal.embedder.MavenExecutionContext.execute(MavenExecutionContext.java:339)
	at org.eclipse.m2e.core.internal.embedder.MavenExecutionContext.execute(MavenExecutionContext.java:278)
	at org.eclipse.m2e.core.internal.project.registry.ProjectRegistryRefreshJob.run(ProjectRegistryRefreshJob.java:106)
	at org.eclipse.core.internal.jobs.Worker.run(Worker.java:63)
2025-06-27 20:05:28,746 [Worker-0: Updating Maven Dependencies] ERROR o.e.m.j.i.l.MavenLaunchConfigurationListener - Launch configuration ASTFrame references non-existing project eureka-server-cm.
org.eclipse.core.runtime.CoreException: Launch configuration ASTFrame references non-existing project eureka-server-cm.
	at org.eclipse.jdt.launching.JavaRuntime.abort(JavaRuntime.java:1867)
	at org.eclipse.jdt.launching.JavaRuntime.getJavaProject(JavaRuntime.java:1744)
	at org.eclipse.m2e.jdt.internal.launch.MavenLaunchConfigurationListener.updateLaunchConfiguration(MavenLaunchConfigurationListener.java:64)
	at org.eclipse.m2e.jdt.internal.launch.MavenLaunchConfigurationListener.launchConfigurationChanged(MavenLaunchConfigurationListener.java:50)
	at org.eclipse.debug.internal.core.LaunchManager$ConfigurationNotifier.run(LaunchManager.java:220)
	at org.eclipse.core.runtime.SafeRunner.run(SafeRunner.java:47)
	at org.eclipse.debug.internal.core.LaunchManager$ConfigurationNotifier.notify(LaunchManager.java:204)
	at org.eclipse.debug.internal.core.LaunchConfigurationWorkingCopy.setDirty(LaunchConfigurationWorkingCopy.java:527)
	at org.eclipse.debug.internal.core.LaunchConfigurationWorkingCopy.setAttribute(LaunchConfigurationWorkingCopy.java:415)
	at org.eclipse.m2e.jdt.internal.launch.MavenRuntimeClasspathProvider.disable(MavenRuntimeClasspathProvider.java:410)
	at org.eclipse.m2e.jdt.internal.launch.MavenRuntimeClasspathProvider.disable(MavenRuntimeClasspathProvider.java:435)
	at org.eclipse.m2e.jdt.internal.launch.MavenLaunchConfigurationListener.mavenProjectChanged(MavenLaunchConfigurationListener.java:135)
	at org.eclipse.m2e.core.internal.project.registry.ProjectRegistryManager.notifyProjectChangeListeners(ProjectRegistryManager.java:892)
	at org.eclipse.m2e.core.internal.project.registry.ProjectRegistryManager.applyMutableProjectRegistry(ProjectRegistryManager.java:1042)
	at org.eclipse.m2e.core.internal.project.registry.ProjectRegistryRefreshJob.lambda$0(ProjectRegistryRefreshJob.java:162)
	at org.eclipse.m2e.core.internal.embedder.MavenExecutionContext.executeBare(MavenExecutionContext.java:458)
	at org.eclipse.m2e.core.internal.embedder.MavenExecutionContext.execute(MavenExecutionContext.java:339)
	at org.eclipse.m2e.core.internal.embedder.MavenExecutionContext.execute(MavenExecutionContext.java:278)
	at org.eclipse.m2e.core.internal.project.registry.ProjectRegistryRefreshJob.run(ProjectRegistryRefreshJob.java:106)
	at org.eclipse.core.internal.jobs.Worker.run(Worker.java:63)
2025-06-27 20:05:28,750 [Worker-0: Updating Maven Dependencies] ERROR o.e.m.j.i.l.MavenLaunchConfigurationListener - Launch configuration ASTFrame references non-existing project eureka-server-cm.
org.eclipse.core.runtime.CoreException: Launch configuration ASTFrame references non-existing project eureka-server-cm.
	at org.eclipse.jdt.launching.JavaRuntime.abort(JavaRuntime.java:1867)
	at org.eclipse.jdt.launching.JavaRuntime.getJavaProject(JavaRuntime.java:1744)
	at org.eclipse.m2e.jdt.internal.launch.MavenLaunchConfigurationListener.updateLaunchConfiguration(MavenLaunchConfigurationListener.java:64)
	at org.eclipse.m2e.jdt.internal.launch.MavenLaunchConfigurationListener.launchConfigurationChanged(MavenLaunchConfigurationListener.java:50)
	at org.eclipse.debug.internal.core.LaunchManager$ConfigurationNotifier.run(LaunchManager.java:220)
	at org.eclipse.core.runtime.SafeRunner.run(SafeRunner.java:47)
	at org.eclipse.debug.internal.core.LaunchManager$ConfigurationNotifier.notify(LaunchManager.java:204)
	at org.eclipse.debug.internal.core.LaunchManager.launchConfigurationChanged(LaunchManager.java:2010)
	at org.eclipse.debug.internal.core.LaunchConfigurationWorkingCopy.writeNewFile(LaunchConfigurationWorkingCopy.java:380)
	at org.eclipse.debug.internal.core.LaunchConfigurationWorkingCopy.doSave0(LaunchConfigurationWorkingCopy.java:259)
	at org.eclipse.debug.internal.core.LaunchConfigurationWorkingCopy.doSave(LaunchConfigurationWorkingCopy.java:229)
	at org.eclipse.debug.internal.core.LaunchConfigurationWorkingCopy.doSave(LaunchConfigurationWorkingCopy.java:187)
	at org.eclipse.m2e.jdt.internal.launch.MavenRuntimeClasspathProvider.disable(MavenRuntimeClasspathProvider.java:411)
	at org.eclipse.m2e.jdt.internal.launch.MavenRuntimeClasspathProvider.disable(MavenRuntimeClasspathProvider.java:435)
	at org.eclipse.m2e.jdt.internal.launch.MavenLaunchConfigurationListener.mavenProjectChanged(MavenLaunchConfigurationListener.java:135)
	at org.eclipse.m2e.core.internal.project.registry.ProjectRegistryManager.notifyProjectChangeListeners(ProjectRegistryManager.java:892)
	at org.eclipse.m2e.core.internal.project.registry.ProjectRegistryManager.applyMutableProjectRegistry(ProjectRegistryManager.java:1042)
	at org.eclipse.m2e.core.internal.project.registry.ProjectRegistryRefreshJob.lambda$0(ProjectRegistryRefreshJob.java:162)
	at org.eclipse.m2e.core.internal.embedder.MavenExecutionContext.executeBare(MavenExecutionContext.java:458)
	at org.eclipse.m2e.core.internal.embedder.MavenExecutionContext.execute(MavenExecutionContext.java:339)
	at org.eclipse.m2e.core.internal.embedder.MavenExecutionContext.execute(MavenExecutionContext.java:278)
	at org.eclipse.m2e.core.internal.project.registry.ProjectRegistryRefreshJob.run(ProjectRegistryRefreshJob.java:106)
	at org.eclipse.core.internal.jobs.Worker.run(Worker.java:63)
2025-06-27 20:05:28,751 [Worker-0: Updating Maven Dependencies] ERROR o.e.m.j.i.l.MavenLaunchConfigurationListener - Launch configuration EurekaServer2Application references non-existing project eureka-server-cm.
org.eclipse.core.runtime.CoreException: Launch configuration EurekaServer2Application references non-existing project eureka-server-cm.
	at org.eclipse.jdt.launching.JavaRuntime.abort(JavaRuntime.java:1867)
	at org.eclipse.jdt.launching.JavaRuntime.getJavaProject(JavaRuntime.java:1744)
	at org.eclipse.m2e.jdt.internal.launch.MavenLaunchConfigurationListener.updateLaunchConfiguration(MavenLaunchConfigurationListener.java:64)
	at org.eclipse.m2e.jdt.internal.launch.MavenLaunchConfigurationListener.launchConfigurationChanged(MavenLaunchConfigurationListener.java:50)
	at org.eclipse.debug.internal.core.LaunchManager$ConfigurationNotifier.run(LaunchManager.java:220)
	at org.eclipse.core.runtime.SafeRunner.run(SafeRunner.java:47)
	at org.eclipse.debug.internal.core.LaunchManager$ConfigurationNotifier.notify(LaunchManager.java:204)
	at org.eclipse.debug.internal.core.LaunchConfigurationWorkingCopy.setDirty(LaunchConfigurationWorkingCopy.java:527)
	at org.eclipse.debug.internal.core.LaunchConfigurationWorkingCopy.setAttribute(LaunchConfigurationWorkingCopy.java:415)
	at org.eclipse.m2e.jdt.internal.launch.MavenRuntimeClasspathProvider.disable(MavenRuntimeClasspathProvider.java:409)
	at org.eclipse.m2e.jdt.internal.launch.MavenRuntimeClasspathProvider.disable(MavenRuntimeClasspathProvider.java:435)
	at org.eclipse.m2e.jdt.internal.launch.MavenLaunchConfigurationListener.mavenProjectChanged(MavenLaunchConfigurationListener.java:135)
	at org.eclipse.m2e.core.internal.project.registry.ProjectRegistryManager.notifyProjectChangeListeners(ProjectRegistryManager.java:892)
	at org.eclipse.m2e.core.internal.project.registry.ProjectRegistryManager.applyMutableProjectRegistry(ProjectRegistryManager.java:1042)
	at org.eclipse.m2e.core.internal.project.registry.ProjectRegistryRefreshJob.lambda$0(ProjectRegistryRefreshJob.java:162)
	at org.eclipse.m2e.core.internal.embedder.MavenExecutionContext.executeBare(MavenExecutionContext.java:458)
	at org.eclipse.m2e.core.internal.embedder.MavenExecutionContext.execute(MavenExecutionContext.java:339)
	at org.eclipse.m2e.core.internal.embedder.MavenExecutionContext.execute(MavenExecutionContext.java:278)
	at org.eclipse.m2e.core.internal.project.registry.ProjectRegistryRefreshJob.run(ProjectRegistryRefreshJob.java:106)
	at org.eclipse.core.internal.jobs.Worker.run(Worker.java:63)
2025-06-27 20:05:28,752 [Worker-0: Updating Maven Dependencies] ERROR o.e.m.j.i.l.MavenLaunchConfigurationListener - Launch configuration EurekaServer2Application references non-existing project eureka-server-cm.
org.eclipse.core.runtime.CoreException: Launch configuration EurekaServer2Application references non-existing project eureka-server-cm.
	at org.eclipse.jdt.launching.JavaRuntime.abort(JavaRuntime.java:1867)
	at org.eclipse.jdt.launching.JavaRuntime.getJavaProject(JavaRuntime.java:1744)
	at org.eclipse.m2e.jdt.internal.launch.MavenLaunchConfigurationListener.updateLaunchConfiguration(MavenLaunchConfigurationListener.java:64)
	at org.eclipse.m2e.jdt.internal.launch.MavenLaunchConfigurationListener.launchConfigurationChanged(MavenLaunchConfigurationListener.java:50)
	at org.eclipse.debug.internal.core.LaunchManager$ConfigurationNotifier.run(LaunchManager.java:220)
	at org.eclipse.core.runtime.SafeRunner.run(SafeRunner.java:47)
	at org.eclipse.debug.internal.core.LaunchManager$ConfigurationNotifier.notify(LaunchManager.java:204)
	at org.eclipse.debug.internal.core.LaunchConfigurationWorkingCopy.setDirty(LaunchConfigurationWorkingCopy.java:527)
	at org.eclipse.debug.internal.core.LaunchConfigurationWorkingCopy.setAttribute(LaunchConfigurationWorkingCopy.java:415)
	at org.eclipse.m2e.jdt.internal.launch.MavenRuntimeClasspathProvider.disable(MavenRuntimeClasspathProvider.java:410)
	at org.eclipse.m2e.jdt.internal.launch.MavenRuntimeClasspathProvider.disable(MavenRuntimeClasspathProvider.java:435)
	at org.eclipse.m2e.jdt.internal.launch.MavenLaunchConfigurationListener.mavenProjectChanged(MavenLaunchConfigurationListener.java:135)
	at org.eclipse.m2e.core.internal.project.registry.ProjectRegistryManager.notifyProjectChangeListeners(ProjectRegistryManager.java:892)
	at org.eclipse.m2e.core.internal.project.registry.ProjectRegistryManager.applyMutableProjectRegistry(ProjectRegistryManager.java:1042)
	at org.eclipse.m2e.core.internal.project.registry.ProjectRegistryRefreshJob.lambda$0(ProjectRegistryRefreshJob.java:162)
	at org.eclipse.m2e.core.internal.embedder.MavenExecutionContext.executeBare(MavenExecutionContext.java:458)
	at org.eclipse.m2e.core.internal.embedder.MavenExecutionContext.execute(MavenExecutionContext.java:339)
	at org.eclipse.m2e.core.internal.embedder.MavenExecutionContext.execute(MavenExecutionContext.java:278)
	at org.eclipse.m2e.core.internal.project.registry.ProjectRegistryRefreshJob.run(ProjectRegistryRefreshJob.java:106)
	at org.eclipse.core.internal.jobs.Worker.run(Worker.java:63)
2025-06-27 20:05:28,755 [Worker-0: Updating Maven Dependencies] ERROR o.e.m.j.i.l.MavenLaunchConfigurationListener - Launch configuration EurekaServer2Application references non-existing project eureka-server-cm.
org.eclipse.core.runtime.CoreException: Launch configuration EurekaServer2Application references non-existing project eureka-server-cm.
	at org.eclipse.jdt.launching.JavaRuntime.abort(JavaRuntime.java:1867)
	at org.eclipse.jdt.launching.JavaRuntime.getJavaProject(JavaRuntime.java:1744)
	at org.eclipse.m2e.jdt.internal.launch.MavenLaunchConfigurationListener.updateLaunchConfiguration(MavenLaunchConfigurationListener.java:64)
	at org.eclipse.m2e.jdt.internal.launch.MavenLaunchConfigurationListener.launchConfigurationChanged(MavenLaunchConfigurationListener.java:50)
	at org.eclipse.debug.internal.core.LaunchManager$ConfigurationNotifier.run(LaunchManager.java:220)
	at org.eclipse.core.runtime.SafeRunner.run(SafeRunner.java:47)
	at org.eclipse.debug.internal.core.LaunchManager$ConfigurationNotifier.notify(LaunchManager.java:204)
	at org.eclipse.debug.internal.core.LaunchManager.launchConfigurationChanged(LaunchManager.java:2010)
	at org.eclipse.debug.internal.core.LaunchConfigurationWorkingCopy.writeNewFile(LaunchConfigurationWorkingCopy.java:380)
	at org.eclipse.debug.internal.core.LaunchConfigurationWorkingCopy.doSave0(LaunchConfigurationWorkingCopy.java:259)
	at org.eclipse.debug.internal.core.LaunchConfigurationWorkingCopy.doSave(LaunchConfigurationWorkingCopy.java:229)
	at org.eclipse.debug.internal.core.LaunchConfigurationWorkingCopy.doSave(LaunchConfigurationWorkingCopy.java:187)
	at org.eclipse.m2e.jdt.internal.launch.MavenRuntimeClasspathProvider.disable(MavenRuntimeClasspathProvider.java:411)
	at org.eclipse.m2e.jdt.internal.launch.MavenRuntimeClasspathProvider.disable(MavenRuntimeClasspathProvider.java:435)
	at org.eclipse.m2e.jdt.internal.launch.MavenLaunchConfigurationListener.mavenProjectChanged(MavenLaunchConfigurationListener.java:135)
	at org.eclipse.m2e.core.internal.project.registry.ProjectRegistryManager.notifyProjectChangeListeners(ProjectRegistryManager.java:892)
	at org.eclipse.m2e.core.internal.project.registry.ProjectRegistryManager.applyMutableProjectRegistry(ProjectRegistryManager.java:1042)
	at org.eclipse.m2e.core.internal.project.registry.ProjectRegistryRefreshJob.lambda$0(ProjectRegistryRefreshJob.java:162)
	at org.eclipse.m2e.core.internal.embedder.MavenExecutionContext.executeBare(MavenExecutionContext.java:458)
	at org.eclipse.m2e.core.internal.embedder.MavenExecutionContext.execute(MavenExecutionContext.java:339)
	at org.eclipse.m2e.core.internal.embedder.MavenExecutionContext.execute(MavenExecutionContext.java:278)
	at org.eclipse.m2e.core.internal.project.registry.ProjectRegistryRefreshJob.run(ProjectRegistryRefreshJob.java:106)
	at org.eclipse.core.internal.jobs.Worker.run(Worker.java:63)
2025-06-27 20:10:20,035 [Worker-14: Importing Maven projects] INFO  o.e.m.c.i.l.LifecycleMappingFactory - Using org.eclipse.m2e.jdt.JarLifecycleMapping lifecycle mapping for MavenProject: com.cibertec.edu:eureka-server:1.0.0 @ C:\Users\Usuario\OneDrive - CIBERTEC\Desktop\ProyectoDC\ProyCitasMedicas\eureka-server-cm\pom.xml.
2025-06-27 20:10:20,876 [Worker-14: Importing Maven projects] INFO  o.e.m.j.i.AbstractJavaProjectConfigurator - Adding source folder /eureka-server-cm/src/main/java
2025-06-27 20:10:20,876 [Worker-14: Importing Maven projects] INFO  o.e.m.j.i.AbstractJavaProjectConfigurator - Adding resource folder /eureka-server-cm/src/main/resources
2025-06-27 20:10:20,877 [Worker-14: Importing Maven projects] INFO  o.e.m.j.i.AbstractJavaProjectConfigurator - Adding resource folder /eureka-server-cm/src/main/resources
2025-06-27 20:10:20,877 [Worker-14: Importing Maven projects] INFO  o.e.m.j.i.AbstractJavaProjectConfigurator - Adding source folder /eureka-server-cm/src/test/java
2025-06-27 20:10:20,878 [Worker-14: Importing Maven projects] INFO  o.e.m.j.i.AbstractJavaProjectConfigurator - Adding resource folder /eureka-server-cm/src/test/resources
2025-06-27 20:10:21,115 [Worker-14: Importing Maven projects] INFO  o.e.m.c.i.p.ProjectConfigurationManager - Imported and configured 1 project(s) in 1 sec
2025-06-27 20:10:21,420 [Worker-0: Building] INFO  o.a.m.s.f.DefaultMavenResourcesFiltering - Copying 1 resource from src\main\resources to target\classes
2025-06-27 20:10:21,431 [Worker-0: Building] INFO  o.a.m.s.f.DefaultMavenResourcesFiltering - Copying 0 resource from src\main\resources to target\classes
2025-06-27 20:10:21,435 [Worker-0: Building] INFO  o.a.m.s.f.DefaultMavenResourcesFiltering - skip non existing resourceDirectory C:\Users\Usuario\OneDrive - CIBERTEC\Desktop\ProyectoDC\ProyCitasMedicas\eureka-server-cm\src\test\resources
2025-06-27 20:11:20,446 [Worker-14: Building] INFO  o.e.m.c.i.l.LifecycleMappingFactory - Using org.eclipse.m2e.jdt.JarLifecycleMapping lifecycle mapping for MavenProject: com.cibertec.edu:eureka-server:1.0.0 @ C:\Users\Usuario\OneDrive - CIBERTEC\Desktop\ProyectoDC\ProyCitasMedicas\eureka-server-cm\pom.xml.
2025-06-27 20:11:20,981 [Worker-14: Building] INFO  o.a.m.s.f.DefaultMavenResourcesFiltering - Copying 0 resource from src\main\resources to target\classes
2025-06-27 20:11:20,981 [Worker-14: Building] INFO  o.a.m.s.f.DefaultMavenResourcesFiltering - Copying 0 resource from src\main\resources to target\classes
2025-06-27 20:11:20,984 [Worker-14: Building] INFO  o.a.m.s.f.DefaultMavenResourcesFiltering - skip non existing resourceDirectory C:\Users\Usuario\OneDrive - CIBERTEC\Desktop\ProyectoDC\ProyCitasMedicas\eureka-server-cm\src\test\resources
2025-06-27 20:12:21,036 [Worker-18: Importing Maven projects] INFO  o.e.m.c.i.l.LifecycleMappingFactory - Using org.eclipse.m2e.jdt.JarLifecycleMapping lifecycle mapping for MavenProject: com.example:api-gateway:0.0.1-SNAPSHOT @ C:\Users\Usuario\OneDrive - CIBERTEC\Desktop\ProyectoDC\ProyCitasMedicas\api-gateway-cm\pom.xml.
2025-06-27 20:12:21,572 [Worker-18: Importing Maven projects] INFO  o.e.m.j.i.AbstractJavaProjectConfigurator - Adding source folder /api-gateway-cm/src/main/java
2025-06-27 20:12:21,573 [Worker-18: Importing Maven projects] INFO  o.e.m.j.i.AbstractJavaProjectConfigurator - Adding resource folder /api-gateway-cm/src/main/resources
2025-06-27 20:12:21,573 [Worker-18: Importing Maven projects] INFO  o.e.m.j.i.AbstractJavaProjectConfigurator - Adding resource folder /api-gateway-cm/src/main/resources
2025-06-27 20:12:21,573 [Worker-18: Importing Maven projects] INFO  o.e.m.j.i.AbstractJavaProjectConfigurator - Adding source folder /api-gateway-cm/src/test/java
2025-06-27 20:12:21,574 [Worker-18: Importing Maven projects] INFO  o.e.m.j.i.AbstractJavaProjectConfigurator - Adding resource folder /api-gateway-cm/src/test/resources
2025-06-27 20:12:21,786 [Worker-18: Importing Maven projects] INFO  o.e.m.c.i.p.ProjectConfigurationManager - Imported and configured 1 project(s) in 0 sec
2025-06-27 20:12:22,158 [Worker-23: Building] INFO  o.a.m.s.f.DefaultMavenResourcesFiltering - Copying 1 resource from src\main\resources to target\classes
2025-06-27 20:12:22,169 [Worker-23: Building] INFO  o.a.m.s.f.DefaultMavenResourcesFiltering - Copying 0 resource from src\main\resources to target\classes
2025-06-27 20:12:22,173 [Worker-23: Building] INFO  o.a.m.s.f.DefaultMavenResourcesFiltering - skip non existing resourceDirectory C:\Users\Usuario\OneDrive - CIBERTEC\Desktop\ProyectoDC\ProyCitasMedicas\api-gateway-cm\src\test\resources
2025-06-27 20:12:57,491 [Worker-14: Building] INFO  o.e.m.c.i.l.LifecycleMappingFactory - Using org.eclipse.m2e.jdt.JarLifecycleMapping lifecycle mapping for MavenProject: com.example:api-gateway:0.0.1-SNAPSHOT @ C:\Users\Usuario\OneDrive - CIBERTEC\Desktop\ProyectoDC\ProyCitasMedicas\api-gateway-cm\pom.xml.
2025-06-27 20:12:58,045 [Worker-14: Building] INFO  o.a.m.s.f.DefaultMavenResourcesFiltering - Copying 0 resource from src\main\resources to target\classes
2025-06-27 20:12:58,045 [Worker-14: Building] INFO  o.a.m.s.f.DefaultMavenResourcesFiltering - Copying 0 resource from src\main\resources to target\classes
2025-06-27 20:12:58,048 [Worker-14: Building] INFO  o.a.m.s.f.DefaultMavenResourcesFiltering - skip non existing resourceDirectory C:\Users\Usuario\OneDrive - CIBERTEC\Desktop\ProyectoDC\ProyCitasMedicas\api-gateway-cm\src\test\resources
2025-06-27 20:13:08,984 [Worker-14: Building] INFO  o.e.m.c.i.l.LifecycleMappingFactory - Using org.eclipse.m2e.jdt.JarLifecycleMapping lifecycle mapping for MavenProject: com.example:api-gateway:0.0.1-SNAPSHOT @ C:\Users\Usuario\OneDrive - CIBERTEC\Desktop\ProyectoDC\ProyCitasMedicas\api-gateway-cm\pom.xml.
2025-06-27 20:13:09,526 [Worker-14: Building] INFO  o.a.m.s.f.DefaultMavenResourcesFiltering - Copying 0 resource from src\main\resources to target\classes
2025-06-27 20:13:09,526 [Worker-14: Building] INFO  o.a.m.s.f.DefaultMavenResourcesFiltering - Copying 0 resource from src\main\resources to target\classes
2025-06-27 20:13:09,529 [Worker-14: Building] INFO  o.a.m.s.f.DefaultMavenResourcesFiltering - skip non existing resourceDirectory C:\Users\Usuario\OneDrive - CIBERTEC\Desktop\ProyectoDC\ProyCitasMedicas\api-gateway-cm\src\test\resources
2025-06-27 20:14:14,645 [Worker-20: Building] INFO  o.e.m.c.i.l.LifecycleMappingFactory - Using org.eclipse.m2e.jdt.JarLifecycleMapping lifecycle mapping for MavenProject: com.cibertec.edu:spring-security-api-rest:1.0.0 @ C:\Users\Usuario\OneDrive - CIBERTEC\Desktop\ProyectoDC\ProyCitasMedicas\proy-citas-inkasalud\pom.xml.
2025-06-27 20:14:15,034 [Worker-20: Building] INFO  o.a.m.s.f.DefaultMavenResourcesFiltering - Copying 1 resource from src\main\resources to target\classes
2025-06-27 20:14:15,043 [Worker-20: Building] INFO  o.a.m.s.f.DefaultMavenResourcesFiltering - Copying 0 resource from src\main\resources to target\classes
2025-06-27 20:14:15,047 [Worker-20: Building] INFO  o.a.m.s.f.DefaultMavenResourcesFiltering - skip non existing resourceDirectory C:\Users\Usuario\OneDrive - CIBERTEC\Desktop\ProyectoDC\ProyCitasMedicas\proy-citas-inkasalud\src\test\resources
2025-06-27 20:23:43,559 [Worker-26: Importing Maven projects] INFO  o.e.m.c.i.l.LifecycleMappingFactory - Using org.eclipse.m2e.jdt.JarLifecycleMapping lifecycle mapping for MavenProject: com.cibertec.edu:api-gateway:0.0.1-SNAPSHOT @ C:\Users\Usuario\OneDrive - CIBERTEC\Desktop\ProyectoDC\ProyCitasMedicas\api-gateway-cm\pom.xml.
2025-06-27 20:23:44,067 [Worker-26: Importing Maven projects] INFO  o.e.m.j.i.AbstractJavaProjectConfigurator - Adding source folder /api-gateway-cm/src/main/java
2025-06-27 20:23:44,068 [Worker-26: Importing Maven projects] INFO  o.e.m.j.i.AbstractJavaProjectConfigurator - Adding resource folder /api-gateway-cm/src/main/resources
2025-06-27 20:23:44,068 [Worker-26: Importing Maven projects] INFO  o.e.m.j.i.AbstractJavaProjectConfigurator - Adding resource folder /api-gateway-cm/src/main/resources
2025-06-27 20:23:44,068 [Worker-26: Importing Maven projects] INFO  o.e.m.j.i.AbstractJavaProjectConfigurator - Adding source folder /api-gateway-cm/src/test/java
2025-06-27 20:23:44,069 [Worker-26: Importing Maven projects] INFO  o.e.m.j.i.AbstractJavaProjectConfigurator - Adding resource folder /api-gateway-cm/src/test/resources
2025-06-27 20:23:44,370 [Worker-26: Importing Maven projects] INFO  o.e.m.c.i.p.ProjectConfigurationManager - Imported and configured 1 project(s) in 0 sec
2025-06-27 20:23:44,747 [Worker-32: Building] INFO  o.a.m.s.f.DefaultMavenResourcesFiltering - Copying 1 resource from src\main\resources to target\classes
2025-06-27 20:23:44,755 [Worker-32: Building] INFO  o.a.m.s.f.DefaultMavenResourcesFiltering - Copying 0 resource from src\main\resources to target\classes
2025-06-27 20:23:44,759 [Worker-32: Building] INFO  o.a.m.s.f.DefaultMavenResourcesFiltering - skip non existing resourceDirectory C:\Users\Usuario\OneDrive - CIBERTEC\Desktop\ProyectoDC\ProyCitasMedicas\api-gateway-cm\src\test\resources
2025-06-27 20:23:49,622 [main] ERROR o.e.m2e.editor.pom.MavenPomEditor - Cannot determine URI for '/eureka-server2/pom.xml'.
org.eclipse.ui.PartInitException: Cannot determine URI for '/eureka-server2/pom.xml'.
	at org.eclipse.ui.texteditor.AbstractTextEditor.internalInit(AbstractTextEditor.java:3202)
	at org.eclipse.ui.texteditor.AbstractTextEditor.init(AbstractTextEditor.java:3213)
	at org.eclipse.ui.part.MultiPageEditorPart.addPage(MultiPageEditorPart.java:224)
	at org.eclipse.ui.forms.editor.FormEditor.addPage(FormEditor.java:331)
	at org.eclipse.ui.part.MultiPageEditorPart.addPage(MultiPageEditorPart.java:203)
	at org.eclipse.ui.forms.editor.FormEditor.addPage(FormEditor.java:313)
	at org.eclipse.m2e.editor.pom.MavenPomEditor.addFallbackEditors(MavenPomEditor.java:361)
	at org.eclipse.m2e.editor.pom.MavenPomEditor.addPages(MavenPomEditor.java:337)
	at org.eclipse.ui.forms.editor.FormEditor.createPages(FormEditor.java:143)
	at org.eclipse.ui.part.MultiPageEditorPart.createPartControl(MultiPageEditorPart.java:332)
	at org.eclipse.ui.internal.e4.compatibility.CompatibilityPart.createPartControl(CompatibilityPart.java:158)
	at org.eclipse.ui.internal.e4.compatibility.CompatibilityEditor.createPartControl(CompatibilityEditor.java:96)
	at org.eclipse.ui.internal.e4.compatibility.CompatibilityPart.create(CompatibilityPart.java:365)
	at java.base/jdk.internal.reflect.DirectMethodHandleAccessor.invoke(DirectMethodHandleAccessor.java:103)
	at java.base/java.lang.reflect.Method.invoke(Method.java:580)
	at org.eclipse.e4.core.internal.di.MethodRequestor.execute(MethodRequestor.java:58)
	at org.eclipse.e4.core.internal.di.InjectorImpl.processAnnotated(InjectorImpl.java:977)
	at org.eclipse.e4.core.internal.di.InjectorImpl.processAnnotated(InjectorImpl.java:939)
	at org.eclipse.e4.core.internal.di.InjectorImpl.internalInject(InjectorImpl.java:139)
	at org.eclipse.e4.core.internal.di.InjectorImpl.internalMake(InjectorImpl.java:386)
	at org.eclipse.e4.core.internal.di.InjectorImpl.make(InjectorImpl.java:312)
	at org.eclipse.e4.core.contexts.ContextInjectionFactory.make(ContextInjectionFactory.java:203)
	at org.eclipse.e4.ui.internal.workbench.ReflectionContributionFactory.createFromBundle(ReflectionContributionFactory.java:90)
	at org.eclipse.e4.ui.internal.workbench.ReflectionContributionFactory.doCreate(ReflectionContributionFactory.java:59)
	at org.eclipse.e4.ui.internal.workbench.ReflectionContributionFactory.create(ReflectionContributionFactory.java:42)
	at org.eclipse.e4.ui.workbench.renderers.swt.ContributedPartRenderer.createWidget(ContributedPartRenderer.java:132)
	at org.eclipse.e4.ui.internal.workbench.swt.PartRenderingEngine.createWidget(PartRenderingEngine.java:991)
	at org.eclipse.e4.ui.internal.workbench.swt.PartRenderingEngine.safeCreateGui(PartRenderingEngine.java:658)
	at org.eclipse.e4.ui.internal.workbench.swt.PartRenderingEngine.safeCreateGui(PartRenderingEngine.java:762)
	at org.eclipse.e4.ui.internal.workbench.swt.PartRenderingEngine$2.run(PartRenderingEngine.java:727)
	at org.eclipse.core.runtime.SafeRunner.run(SafeRunner.java:47)
	at org.eclipse.e4.ui.internal.workbench.swt.PartRenderingEngine.createGui(PartRenderingEngine.java:711)
	at org.eclipse.e4.ui.internal.workbench.PartServiceImpl.lambda$0(PartServiceImpl.java:105)
	at org.eclipse.e4.ui.services.internal.events.UIEventHandler.lambda$0(UIEventHandler.java:38)
	at org.eclipse.swt.widgets.Synchronizer.syncExec(Synchronizer.java:183)
	at org.eclipse.ui.internal.UISynchronizer.syncExec(UISynchronizer.java:133)
	at org.eclipse.swt.widgets.Display.syncExec(Display.java:4814)
	at org.eclipse.e4.ui.workbench.swt.DisplayUISynchronize.syncExec(DisplayUISynchronize.java:34)
	at org.eclipse.e4.ui.services.internal.events.UIEventHandler.handleEvent(UIEventHandler.java:38)
	at org.eclipse.equinox.internal.event.EventHandlerWrapper.handleEvent(EventHandlerWrapper.java:206)
	at org.eclipse.equinox.internal.event.EventHandlerTracker.dispatchEvent(EventHandlerTracker.java:201)
	at org.eclipse.equinox.internal.event.EventHandlerTracker.dispatchEvent(EventHandlerTracker.java:1)
	at org.eclipse.osgi.framework.eventmgr.EventManager.dispatchEvent(EventManager.java:230)
	at org.eclipse.osgi.framework.eventmgr.ListenerQueue.dispatchEventSynchronous(ListenerQueue.java:151)
	at org.eclipse.equinox.internal.event.EventAdminImpl.dispatchEvent(EventAdminImpl.java:131)
	at org.eclipse.equinox.internal.event.EventAdminImpl.sendEvent(EventAdminImpl.java:73)
	at org.eclipse.equinox.internal.event.EventComponent.sendEvent(EventComponent.java:44)
	at org.eclipse.e4.ui.services.internal.events.EventBroker.send(EventBroker.java:55)
	at org.eclipse.e4.ui.internal.workbench.UIEventPublisher.notifyChanged(UIEventPublisher.java:60)
	at org.eclipse.emf.common.notify.impl.BasicNotifierImpl.eNotify(BasicNotifierImpl.java:424)
	at org.eclipse.e4.ui.model.application.ui.impl.ElementContainerImpl.setSelectedElementGen(ElementContainerImpl.java:168)
	at org.eclipse.e4.ui.model.application.ui.impl.ElementContainerImpl.setSelectedElement(ElementContainerImpl.java:187)
	at org.eclipse.e4.ui.workbench.renderers.swt.StackRenderer.lambda$28(StackRenderer.java:1160)
	at org.eclipse.swt.events.SelectionListener$1.widgetSelected(SelectionListener.java:84)
	at org.eclipse.swt.widgets.TypedListener.handleEvent(TypedListener.java:265)
	at org.eclipse.swt.widgets.EventTable.sendEvent(EventTable.java:91)
	at org.eclipse.swt.widgets.Display.sendEvent(Display.java:4285)
	at org.eclipse.swt.widgets.Widget.sendEvent(Widget.java:1160)
	at org.eclipse.swt.widgets.Widget.sendEvent(Widget.java:1184)
	at org.eclipse.swt.widgets.Widget.sendEvent(Widget.java:1169)
	at org.eclipse.swt.widgets.Widget.notifyListeners(Widget.java:841)
	at org.eclipse.swt.custom.CTabFolder.setSelection(CTabFolder.java:3259)
	at org.eclipse.swt.custom.CTabFolder.onMouse(CTabFolder.java:1898)
	at org.eclipse.swt.custom.CTabFolder.lambda$0(CTabFolder.java:333)
	at org.eclipse.swt.widgets.EventTable.sendEvent(EventTable.java:91)
	at org.eclipse.swt.widgets.Display.sendEvent(Display.java:4285)
	at org.eclipse.swt.widgets.Widget.sendEvent(Widget.java:1160)
	at org.eclipse.swt.widgets.Display.runDeferredEvents(Display.java:4083)
	at org.eclipse.swt.widgets.Display.readAndDispatch(Display.java:3673)
	at org.eclipse.e4.ui.internal.workbench.swt.PartRenderingEngine$5.run(PartRenderingEngine.java:1151)
	at org.eclipse.core.databinding.observable.Realm.runWithDefault(Realm.java:339)
	at org.eclipse.e4.ui.internal.workbench.swt.PartRenderingEngine.run(PartRenderingEngine.java:1042)
	at org.eclipse.e4.ui.internal.workbench.E4Workbench.createAndRunUI(E4Workbench.java:152)
	at org.eclipse.ui.internal.Workbench.lambda$3(Workbench.java:639)
	at org.eclipse.core.databinding.observable.Realm.runWithDefault(Realm.java:339)
	at org.eclipse.ui.internal.Workbench.createAndRunWorkbench(Workbench.java:546)
	at org.eclipse.ui.PlatformUI.createAndRunWorkbench(PlatformUI.java:173)
	at org.eclipse.ui.internal.ide.application.IDEApplication.start(IDEApplication.java:152)
	at org.eclipse.equinox.internal.app.EclipseAppHandle.run(EclipseAppHandle.java:208)
	at org.eclipse.core.runtime.internal.adaptor.EclipseAppLauncher.runApplication(EclipseAppLauncher.java:143)
	at org.eclipse.core.runtime.internal.adaptor.EclipseAppLauncher.start(EclipseAppLauncher.java:109)
	at org.eclipse.core.runtime.adaptor.EclipseStarter.run(EclipseStarter.java:439)
	at org.eclipse.core.runtime.adaptor.EclipseStarter.run(EclipseStarter.java:271)
	at java.base/jdk.internal.reflect.DirectMethodHandleAccessor.invoke(DirectMethodHandleAccessor.java:103)
	at java.base/java.lang.reflect.Method.invoke(Method.java:580)
	at org.eclipse.equinox.launcher.Main.invokeFramework(Main.java:668)
	at org.eclipse.equinox.launcher.Main.basicRun(Main.java:605)
	at org.eclipse.equinox.launcher.Main.run(Main.java:1481)
Caused by: org.eclipse.core.runtime.CoreException: Cannot determine URI for '/eureka-server2/pom.xml'.
	at org.eclipse.core.internal.filebuffers.ResourceFileBuffer.create(ResourceFileBuffer.java:239)
	at org.eclipse.core.internal.filebuffers.TextFileBufferManager.connect(TextFileBufferManager.java:116)
	at org.eclipse.ui.editors.text.TextFileDocumentProvider.createFileInfo(TextFileDocumentProvider.java:565)
	at org.eclipse.ui.editors.text.TextFileDocumentProvider.connect(TextFileDocumentProvider.java:481)
	at org.eclipse.ui.texteditor.AbstractTextEditor.doSetInput(AbstractTextEditor.java:4187)
	at org.eclipse.ui.texteditor.StatusTextEditor.doSetInput(StatusTextEditor.java:262)
	at org.eclipse.ui.texteditor.AbstractDecoratedTextEditor.doSetInput(AbstractDecoratedTextEditor.java:1483)
	at org.eclipse.ui.editors.text.TextEditor.doSetInput(TextEditor.java:153)
	at org.eclipse.ui.internal.genericeditor.ExtensionBasedTextEditor.doSetInput(ExtensionBasedTextEditor.java:92)
	at org.eclipse.ui.texteditor.AbstractTextEditor.lambda$1(AbstractTextEditor.java:3171)
	at org.eclipse.jface.operation.ModalContext.runInCurrentThread(ModalContext.java:434)
	at org.eclipse.jface.operation.ModalContext.run(ModalContext.java:354)
	at org.eclipse.ui.internal.WorkbenchWindow.lambda$7(WorkbenchWindow.java:2335)
	at org.eclipse.swt.custom.BusyIndicator.showWhile(BusyIndicator.java:67)
	at org.eclipse.ui.internal.WorkbenchWindow.run(WorkbenchWindow.java:2332)
	at org.eclipse.ui.texteditor.AbstractTextEditor.internalInit(AbstractTextEditor.java:3188)
	... 87 common frames omitted
2025-06-27 20:24:31,283 [Worker-32: Building] INFO  o.e.m.c.i.l.LifecycleMappingFactory - Using org.eclipse.m2e.jdt.JarLifecycleMapping lifecycle mapping for MavenProject: com.cibertec.edu:api-gateway:0.0.1-SNAPSHOT @ C:\Users\Usuario\OneDrive - CIBERTEC\Desktop\ProyectoDC\ProyCitasMedicas\api-gateway-cm\pom.xml.
2025-06-27 20:24:31,786 [Worker-32: Building] INFO  o.a.m.s.f.DefaultMavenResourcesFiltering - Copying 0 resource from src\main\resources to target\classes
2025-06-27 20:24:31,787 [Worker-32: Building] INFO  o.a.m.s.f.DefaultMavenResourcesFiltering - Copying 0 resource from src\main\resources to target\classes
2025-06-27 20:24:31,790 [Worker-32: Building] INFO  o.a.m.s.f.DefaultMavenResourcesFiltering - skip non existing resourceDirectory C:\Users\Usuario\OneDrive - CIBERTEC\Desktop\ProyectoDC\ProyCitasMedicas\api-gateway-cm\src\test\resources
2025-06-27 20:24:58,988 [Worker-33: Importing Maven projects] INFO  o.e.m.c.i.l.LifecycleMappingFactory - Using org.eclipse.m2e.jdt.JarLifecycleMapping lifecycle mapping for MavenProject: com.cibertec.edu:config-server:1.0.0 @ C:\Users\Usuario\OneDrive - CIBERTEC\Desktop\ProyectoDC\ProyCitasMedicas\config-server-cm\pom.xml.
2025-06-27 20:24:59,515 [Worker-33: Importing Maven projects] INFO  o.e.m.j.i.AbstractJavaProjectConfigurator - Adding source folder /config-server-cm/src/main/java
2025-06-27 20:24:59,516 [Worker-33: Importing Maven projects] INFO  o.e.m.j.i.AbstractJavaProjectConfigurator - Adding resource folder /config-server-cm/src/main/resources
2025-06-27 20:24:59,517 [Worker-33: Importing Maven projects] INFO  o.e.m.j.i.AbstractJavaProjectConfigurator - Adding resource folder /config-server-cm/src/main/resources
2025-06-27 20:24:59,517 [Worker-33: Importing Maven projects] INFO  o.e.m.j.i.AbstractJavaProjectConfigurator - Adding source folder /config-server-cm/src/test/java
2025-06-27 20:24:59,517 [Worker-33: Importing Maven projects] INFO  o.e.m.j.i.AbstractJavaProjectConfigurator - Adding resource folder /config-server-cm/src/test/resources
2025-06-27 20:24:59,733 [Worker-33: Importing Maven projects] INFO  o.e.m.c.i.p.ProjectConfigurationManager - Imported and configured 1 project(s) in 0 sec
2025-06-27 20:25:00,041 [Worker-36: Building] INFO  o.a.m.s.f.DefaultMavenResourcesFiltering - Copying 1 resource from src\main\resources to target\classes
2025-06-27 20:25:00,049 [Worker-36: Building] INFO  o.a.m.s.f.DefaultMavenResourcesFiltering - Copying 0 resource from src\main\resources to target\classes
2025-06-27 20:25:00,052 [Worker-36: Building] INFO  o.a.m.s.f.DefaultMavenResourcesFiltering - skip non existing resourceDirectory C:\Users\Usuario\OneDrive - CIBERTEC\Desktop\ProyectoDC\ProyCitasMedicas\config-server-cm\src\test\resources
2025-06-27 20:25:13,843 [Worker-36: Building] INFO  o.e.m.c.i.l.LifecycleMappingFactory - Using org.eclipse.m2e.jdt.JarLifecycleMapping lifecycle mapping for MavenProject: com.cibertec.edu:config-server:1.0.0 @ C:\Users\Usuario\OneDrive - CIBERTEC\Desktop\ProyectoDC\ProyCitasMedicas\config-server-cm\pom.xml.
2025-06-27 20:25:14,276 [Worker-36: Building] INFO  o.a.m.s.f.DefaultMavenResourcesFiltering - Copying 0 resource from src\main\resources to target\classes
2025-06-27 20:25:14,276 [Worker-36: Building] INFO  o.a.m.s.f.DefaultMavenResourcesFiltering - Copying 0 resource from src\main\resources to target\classes
2025-06-27 20:25:14,278 [Worker-36: Building] INFO  o.a.m.s.f.DefaultMavenResourcesFiltering - skip non existing resourceDirectory C:\Users\Usuario\OneDrive - CIBERTEC\Desktop\ProyectoDC\ProyCitasMedicas\config-server-cm\src\test\resources
2025-06-27 20:25:47,957 [Worker-29: Importing Maven projects] INFO  o.e.m.c.i.l.LifecycleMappingFactory - Using org.eclipse.m2e.jdt.JarLifecycleMapping lifecycle mapping for MavenProject: com.cibertec.edu:auth-api-rest:0.0.1-SNAPSHOT @ C:\Users\Usuario\OneDrive - CIBERTEC\Desktop\ProyectoDC\ProyCitasMedicas\auth-api-rest-cm\pom.xml.
2025-06-27 20:25:48,533 [Worker-29: Importing Maven projects] INFO  o.e.m.j.i.AbstractJavaProjectConfigurator - Adding source folder /auth-api-rest-cm/src/main/java
2025-06-27 20:25:48,534 [Worker-29: Importing Maven projects] INFO  o.e.m.j.i.AbstractJavaProjectConfigurator - Adding resource folder /auth-api-rest-cm/src/main/resources
2025-06-27 20:25:48,534 [Worker-29: Importing Maven projects] INFO  o.e.m.j.i.AbstractJavaProjectConfigurator - Adding resource folder /auth-api-rest-cm/src/main/resources
2025-06-27 20:25:48,534 [Worker-29: Importing Maven projects] INFO  o.e.m.j.i.AbstractJavaProjectConfigurator - Adding source folder /auth-api-rest-cm/src/test/java
2025-06-27 20:25:48,535 [Worker-29: Importing Maven projects] INFO  o.e.m.j.i.AbstractJavaProjectConfigurator - Adding resource folder /auth-api-rest-cm/src/test/resources
2025-06-27 20:25:48,784 [Worker-29: Importing Maven projects] INFO  o.e.m.c.i.p.ProjectConfigurationManager - Imported and configured 1 project(s) in 1 sec
2025-06-27 20:25:49,184 [Worker-29: Building] INFO  o.a.m.s.f.DefaultMavenResourcesFiltering - Copying 1 resource from src\main\resources to target\classes
2025-06-27 20:25:49,196 [Worker-29: Building] INFO  o.a.m.s.f.DefaultMavenResourcesFiltering - Copying 0 resource from src\main\resources to target\classes
2025-06-27 20:25:49,201 [Worker-29: Building] INFO  o.a.m.s.f.DefaultMavenResourcesFiltering - skip non existing resourceDirectory C:\Users\Usuario\OneDrive - CIBERTEC\Desktop\ProyectoDC\ProyCitasMedicas\auth-api-rest-cm\src\test\resources
2025-06-27 20:26:39,795 [Worker-29: Updating Maven Project] INFO  o.e.m.c.i.p.ProjectConfigurationManager - Update started
2025-06-27 20:26:40,403 [Worker-29: Updating Maven Project] INFO  o.e.m.c.i.l.LifecycleMappingFactory - Using org.eclipse.m2e.jdt.JarLifecycleMapping lifecycle mapping for MavenProject: com.cibertec.edu:api-gateway:0.0.1-SNAPSHOT @ C:\Users\Usuario\OneDrive - CIBERTEC\Desktop\ProyectoDC\ProyCitasMedicas\api-gateway-cm\pom.xml.
2025-06-27 20:26:40,674 [Worker-29: Updating Maven Project] INFO  o.e.m.c.i.l.LifecycleMappingFactory - Using org.eclipse.m2e.jdt.JarLifecycleMapping lifecycle mapping for MavenProject: com.cibertec.edu:config-server:1.0.0 @ C:\Users\Usuario\OneDrive - CIBERTEC\Desktop\ProyectoDC\ProyCitasMedicas\config-server-cm\pom.xml.
2025-06-27 20:26:40,786 [Worker-29: Updating Maven Project] INFO  o.e.m.c.i.l.LifecycleMappingFactory - Using org.eclipse.m2e.jdt.JarLifecycleMapping lifecycle mapping for MavenProject: com.cibertec.edu:eureka-server:1.0.0 @ C:\Users\Usuario\OneDrive - CIBERTEC\Desktop\ProyectoDC\ProyCitasMedicas\eureka-server-cm\pom.xml.
2025-06-27 20:26:40,910 [Worker-29: Updating Maven Project] INFO  o.e.m.c.i.l.LifecycleMappingFactory - Using org.eclipse.m2e.jdt.JarLifecycleMapping lifecycle mapping for MavenProject: com.cibertec.edu:spring-security-api-rest:1.0.0 @ C:\Users\Usuario\OneDrive - CIBERTEC\Desktop\ProyectoDC\ProyCitasMedicas\proy-citas-inkasalud\pom.xml.
2025-06-27 20:26:41,847 [Worker-29: Updating Maven Project] INFO  o.e.m.j.i.AbstractJavaProjectConfigurator - Adding source folder /api-gateway-cm/src/main/java
2025-06-27 20:26:41,848 [Worker-29: Updating Maven Project] INFO  o.e.m.j.i.AbstractJavaProjectConfigurator - Adding resource folder /api-gateway-cm/src/main/resources
2025-06-27 20:26:41,848 [Worker-29: Updating Maven Project] INFO  o.e.m.j.i.AbstractJavaProjectConfigurator - Adding resource folder /api-gateway-cm/src/main/resources
2025-06-27 20:26:41,848 [Worker-29: Updating Maven Project] INFO  o.e.m.j.i.AbstractJavaProjectConfigurator - Adding source folder /api-gateway-cm/src/test/java
2025-06-27 20:26:41,849 [Worker-29: Updating Maven Project] INFO  o.e.m.j.i.AbstractJavaProjectConfigurator - Adding resource folder /api-gateway-cm/src/test/resources
2025-06-27 20:26:42,115 [Worker-29: Updating Maven Project] INFO  o.e.m.j.i.AbstractJavaProjectConfigurator - Adding source folder /config-server-cm/src/main/java
2025-06-27 20:26:42,116 [Worker-29: Updating Maven Project] INFO  o.e.m.j.i.AbstractJavaProjectConfigurator - Adding resource folder /config-server-cm/src/main/resources
2025-06-27 20:26:42,116 [Worker-29: Updating Maven Project] INFO  o.e.m.j.i.AbstractJavaProjectConfigurator - Adding resource folder /config-server-cm/src/main/resources
2025-06-27 20:26:42,116 [Worker-29: Updating Maven Project] INFO  o.e.m.j.i.AbstractJavaProjectConfigurator - Adding source folder /config-server-cm/src/test/java
2025-06-27 20:26:42,117 [Worker-29: Updating Maven Project] INFO  o.e.m.j.i.AbstractJavaProjectConfigurator - Adding resource folder /config-server-cm/src/test/resources
2025-06-27 20:26:42,344 [Worker-29: Updating Maven Project] INFO  o.e.m.j.i.AbstractJavaProjectConfigurator - Adding source folder /eureka-server-cm/src/main/java
2025-06-27 20:26:42,345 [Worker-29: Updating Maven Project] INFO  o.e.m.j.i.AbstractJavaProjectConfigurator - Adding resource folder /eureka-server-cm/src/main/resources
2025-06-27 20:26:42,345 [Worker-29: Updating Maven Project] INFO  o.e.m.j.i.AbstractJavaProjectConfigurator - Adding resource folder /eureka-server-cm/src/main/resources
2025-06-27 20:26:42,345 [Worker-29: Updating Maven Project] INFO  o.e.m.j.i.AbstractJavaProjectConfigurator - Adding source folder /eureka-server-cm/src/test/java
2025-06-27 20:26:42,346 [Worker-29: Updating Maven Project] INFO  o.e.m.j.i.AbstractJavaProjectConfigurator - Adding resource folder /eureka-server-cm/src/test/resources
2025-06-27 20:26:42,600 [Worker-29: Updating Maven Project] INFO  o.e.m.j.i.AbstractJavaProjectConfigurator - Adding source folder /proy-citas-inkasalud/src/main/java
2025-06-27 20:26:42,601 [Worker-29: Updating Maven Project] INFO  o.e.m.j.i.AbstractJavaProjectConfigurator - Adding resource folder /proy-citas-inkasalud/src/main/resources
2025-06-27 20:26:42,601 [Worker-29: Updating Maven Project] INFO  o.e.m.j.i.AbstractJavaProjectConfigurator - Adding resource folder /proy-citas-inkasalud/src/main/resources
2025-06-27 20:26:42,601 [Worker-29: Updating Maven Project] INFO  o.e.m.j.i.AbstractJavaProjectConfigurator - Adding source folder /proy-citas-inkasalud/src/test/java
2025-06-27 20:26:42,602 [Worker-29: Updating Maven Project] INFO  o.e.m.j.i.AbstractJavaProjectConfigurator - Adding resource folder /proy-citas-inkasalud/src/test/resources
2025-06-27 20:26:42,907 [Worker-29: Updating Maven Project] INFO  o.e.m.c.i.p.ProjectConfigurationManager - Update completed for 4 poms: local refresh takes 0,00 sec, refresh facades takes 1,00 sec, update config takes 0,00 sec 
2025-06-27 20:26:43,151 [Worker-26: Building] INFO  o.a.m.s.f.DefaultMavenResourcesFiltering - Copying 1 resource from src\main\resources to target\classes
2025-06-27 20:26:43,163 [Worker-26: Building] INFO  o.a.m.s.f.DefaultMavenResourcesFiltering - Copying 0 resource from src\main\resources to target\classes
2025-06-27 20:26:43,166 [Worker-26: Building] INFO  o.a.m.s.f.DefaultMavenResourcesFiltering - skip non existing resourceDirectory C:\Users\Usuario\OneDrive - CIBERTEC\Desktop\ProyectoDC\ProyCitasMedicas\api-gateway-cm\src\test\resources
2025-06-27 20:26:43,273 [Worker-26: Building] INFO  o.a.m.s.f.DefaultMavenResourcesFiltering - Copying 1 resource from src\main\resources to target\classes
2025-06-27 20:26:43,280 [Worker-26: Building] INFO  o.a.m.s.f.DefaultMavenResourcesFiltering - Copying 0 resource from src\main\resources to target\classes
2025-06-27 20:26:43,283 [Worker-26: Building] INFO  o.a.m.s.f.DefaultMavenResourcesFiltering - skip non existing resourceDirectory C:\Users\Usuario\OneDrive - CIBERTEC\Desktop\ProyectoDC\ProyCitasMedicas\config-server-cm\src\test\resources
2025-06-27 20:26:43,385 [Worker-26: Building] INFO  o.a.m.s.f.DefaultMavenResourcesFiltering - Copying 1 resource from src\main\resources to target\classes
2025-06-27 20:26:43,392 [Worker-26: Building] INFO  o.a.m.s.f.DefaultMavenResourcesFiltering - Copying 0 resource from src\main\resources to target\classes
2025-06-27 20:26:43,395 [Worker-26: Building] INFO  o.a.m.s.f.DefaultMavenResourcesFiltering - skip non existing resourceDirectory C:\Users\Usuario\OneDrive - CIBERTEC\Desktop\ProyectoDC\ProyCitasMedicas\eureka-server-cm\src\test\resources
2025-06-27 20:26:43,514 [Worker-26: Building] INFO  o.a.m.s.f.DefaultMavenResourcesFiltering - Copying 1 resource from src\main\resources to target\classes
2025-06-27 20:26:43,522 [Worker-26: Building] INFO  o.a.m.s.f.DefaultMavenResourcesFiltering - Copying 0 resource from src\main\resources to target\classes
2025-06-27 20:26:43,524 [Worker-26: Building] INFO  o.a.m.s.f.DefaultMavenResourcesFiltering - skip non existing resourceDirectory C:\Users\Usuario\OneDrive - CIBERTEC\Desktop\ProyectoDC\ProyCitasMedicas\proy-citas-inkasalud\src\test\resources
2025-06-27 21:53:44,905 [Worker-7: Loading available Gradle versions] INFO  o.e.b.c.i.u.g.PublishedGradleVersions - Gradle version information cache is up-to-date. Trying to read.
2025-06-27 21:53:45,189 [Worker-12: reload maven project] ERROR o.e.m2e.editor.pom.MavenPomEditor - failed to load maven project for org.eclipse.ui.part.FileEditorInput(/eureka-server-cm/pom.xml)
org.eclipse.core.runtime.CoreException: Could not read maven project
	at org.eclipse.m2e.core.internal.project.registry.ProjectRegistryManager.readProjectWithDependencies(ProjectRegistryManager.java:917)
	at org.eclipse.m2e.core.internal.project.registry.MavenProjectCache$CacheLine.lambda$1(MavenProjectCache.java:192)
	at java.base/java.util.concurrent.ConcurrentHashMap.computeIfAbsent(ConcurrentHashMap.java:1708)
	at org.eclipse.m2e.core.internal.project.registry.MavenProjectCache$CacheLine.getProject(MavenProjectCache.java:191)
	at org.eclipse.m2e.core.internal.project.registry.MavenProjectCache.getMavenProject(MavenProjectCache.java:105)
	at org.eclipse.m2e.core.internal.project.registry.ProjectRegistryManager.lambda$24(ProjectRegistryManager.java:1101)
	at java.base/java.util.Map.computeIfAbsent(Map.java:1066)
	at org.eclipse.m2e.core.internal.project.registry.ProjectRegistryManager.getMavenProject(ProjectRegistryManager.java:1100)
	at org.eclipse.m2e.core.internal.project.registry.MavenProjectFacade.getMavenProject(MavenProjectFacade.java:289)
	at org.eclipse.m2e.core.ui.internal.actions.SelectionUtil.getMavenProject(SelectionUtil.java:241)
	at org.eclipse.m2e.editor.pom.MavenPomEditor.readMavenProject(MavenPomEditor.java:709)
	at org.eclipse.m2e.editor.pom.MavenPomEditor$4.run(MavenPomEditor.java:1029)
	at org.eclipse.core.internal.jobs.Worker.run(Worker.java:63)
2025-06-29 20:06:43,541 [Worker-7: Loading available Gradle versions] INFO  o.e.b.c.i.u.g.PublishedGradleVersions - Gradle version information cache is out-of-date. Trying to update.
2025-06-29 20:06:43,711 [Worker-12: reload maven project] ERROR o.e.m2e.editor.pom.MavenPomEditor - failed to load maven project for org.eclipse.ui.part.FileEditorInput(/eureka-server-cm/pom.xml)
org.eclipse.core.runtime.CoreException: Could not read maven project
	at org.eclipse.m2e.core.internal.project.registry.ProjectRegistryManager.readProjectWithDependencies(ProjectRegistryManager.java:917)
	at org.eclipse.m2e.core.internal.project.registry.MavenProjectCache$CacheLine.lambda$1(MavenProjectCache.java:192)
	at java.base/java.util.concurrent.ConcurrentHashMap.computeIfAbsent(ConcurrentHashMap.java:1708)
	at org.eclipse.m2e.core.internal.project.registry.MavenProjectCache$CacheLine.getProject(MavenProjectCache.java:191)
	at org.eclipse.m2e.core.internal.project.registry.MavenProjectCache.getMavenProject(MavenProjectCache.java:105)
	at org.eclipse.m2e.core.internal.project.registry.ProjectRegistryManager.lambda$24(ProjectRegistryManager.java:1101)
	at java.base/java.util.Map.computeIfAbsent(Map.java:1066)
	at org.eclipse.m2e.core.internal.project.registry.ProjectRegistryManager.getMavenProject(ProjectRegistryManager.java:1100)
	at org.eclipse.m2e.core.internal.project.registry.MavenProjectFacade.getMavenProject(MavenProjectFacade.java:289)
	at org.eclipse.m2e.core.ui.internal.actions.SelectionUtil.getMavenProject(SelectionUtil.java:241)
	at org.eclipse.m2e.editor.pom.MavenPomEditor.readMavenProject(MavenPomEditor.java:709)
	at org.eclipse.m2e.editor.pom.MavenPomEditor$4.run(MavenPomEditor.java:1029)
	at org.eclipse.core.internal.jobs.Worker.run(Worker.java:63)
2025-06-29 20:06:56,558 [Worker-12: Building] INFO  o.e.m.c.i.l.LifecycleMappingFactory - Using org.eclipse.m2e.jdt.JarLifecycleMapping lifecycle mapping for MavenProject: com.cibertec.edu:api-gateway:0.0.1-SNAPSHOT @ C:\Users\Usuario\OneDrive - CIBERTEC\Desktop\ProyectoFinal\ProyCitasMedicas\api-gateway-cm\pom.xml.
2025-06-29 20:06:58,508 [Worker-12: Building] INFO  o.a.m.s.f.DefaultMavenResourcesFiltering - Copying 1 resource from src\main\resources to target\classes
2025-06-29 20:06:58,525 [Worker-12: Building] INFO  o.a.m.s.f.DefaultMavenResourcesFiltering - Copying 0 resource from src\main\resources to target\classes
2025-06-29 20:06:58,531 [Worker-12: Building] INFO  o.a.m.s.f.DefaultMavenResourcesFiltering - skip non existing resourceDirectory C:\Users\Usuario\OneDrive - CIBERTEC\Desktop\ProyectoFinal\ProyCitasMedicas\api-gateway-cm\src\test\resources
2025-06-29 20:07:00,778 [Worker-19: Building] INFO  o.e.m.c.i.l.LifecycleMappingFactory - Using org.eclipse.m2e.jdt.JarLifecycleMapping lifecycle mapping for MavenProject: com.cibertec.edu:config-server:1.0.0 @ C:\Users\Usuario\OneDrive - CIBERTEC\Desktop\ProyectoFinal\ProyCitasMedicas\config-server-cm\pom.xml.
2025-06-29 20:07:01,144 [Worker-19: Building] INFO  o.a.m.s.f.DefaultMavenResourcesFiltering - Copying 1 resource from src\main\resources to target\classes
2025-06-29 20:07:01,162 [Worker-19: Building] INFO  o.a.m.s.f.DefaultMavenResourcesFiltering - Copying 0 resource from src\main\resources to target\classes
2025-06-29 20:07:01,166 [Worker-19: Building] INFO  o.a.m.s.f.DefaultMavenResourcesFiltering - skip non existing resourceDirectory C:\Users\Usuario\OneDrive - CIBERTEC\Desktop\ProyectoFinal\ProyCitasMedicas\config-server-cm\src\test\resources
2025-06-29 20:07:01,675 [Worker-1: Building] INFO  o.e.m.c.i.l.LifecycleMappingFactory - Using org.eclipse.m2e.jdt.JarLifecycleMapping lifecycle mapping for MavenProject: com.cibertec.edu:config-server:1.0.0 @ C:\Users\Usuario\OneDrive - CIBERTEC\Desktop\ProyectoFinal\ProyCitasMedicas\config-server-cm\pom.xml.
2025-06-29 20:07:02,482 [Worker-1: Building] INFO  o.a.m.s.f.DefaultMavenResourcesFiltering - Copying 1 resource from src\main\resources to target\classes
2025-06-29 20:07:02,493 [Worker-1: Building] INFO  o.a.m.s.f.DefaultMavenResourcesFiltering - Copying 0 resource from src\main\resources to target\classes
2025-06-29 20:07:02,498 [Worker-1: Building] INFO  o.a.m.s.f.DefaultMavenResourcesFiltering - skip non existing resourceDirectory C:\Users\Usuario\OneDrive - CIBERTEC\Desktop\ProyectoFinal\ProyCitasMedicas\config-server-cm\src\test\resources
2025-06-29 20:07:04,620 [Worker-1: Building] INFO  o.e.m.c.i.l.LifecycleMappingFactory - Using org.eclipse.m2e.jdt.JarLifecycleMapping lifecycle mapping for MavenProject: com.cibertec.edu:spring-security-api-rest:1.0.0 @ C:\Users\Usuario\OneDrive - CIBERTEC\Desktop\ProyectoFinal\ProyCitasMedicas\proy-citas-inkasalud\pom.xml.
2025-06-29 20:07:04,917 [Worker-1: Building] INFO  o.a.m.s.f.DefaultMavenResourcesFiltering - Copying 1 resource from src\main\resources to target\classes
2025-06-29 20:07:04,926 [Worker-1: Building] INFO  o.a.m.s.f.DefaultMavenResourcesFiltering - Copying 0 resource from src\main\resources to target\classes
2025-06-29 20:07:04,931 [Worker-1: Building] INFO  o.a.m.s.f.DefaultMavenResourcesFiltering - skip non existing resourceDirectory C:\Users\Usuario\OneDrive - CIBERTEC\Desktop\ProyectoFinal\ProyCitasMedicas\proy-citas-inkasalud\src\test\resources
2025-06-29 20:07:05,110 [Worker-9: Updating Maven Project] INFO  o.e.m.c.i.p.ProjectConfigurationManager - Update started
2025-06-29 20:07:05,384 [Worker-9: Updating Maven Project] INFO  o.e.m.c.i.l.LifecycleMappingFactory - Using org.eclipse.m2e.jdt.JarLifecycleMapping lifecycle mapping for MavenProject: com.cibertec.edu:spring-security-api-rest:1.0.0 @ C:\Users\Usuario\OneDrive - CIBERTEC\Desktop\ProyectoFinal\ProyCitasMedicas\proy-citas-inkasalud\pom.xml.
2025-06-29 20:07:05,844 [Worker-9: Updating Maven Project] INFO  o.e.m.j.i.AbstractJavaProjectConfigurator - Adding source folder /proy-citas-inkasalud/src/main/java
2025-06-29 20:07:05,845 [Worker-9: Updating Maven Project] INFO  o.e.m.j.i.AbstractJavaProjectConfigurator - Adding resource folder /proy-citas-inkasalud/src/main/resources
2025-06-29 20:07:05,846 [Worker-9: Updating Maven Project] INFO  o.e.m.j.i.AbstractJavaProjectConfigurator - Adding resource folder /proy-citas-inkasalud/src/main/resources
2025-06-29 20:07:05,848 [Worker-9: Updating Maven Project] INFO  o.e.m.j.i.AbstractJavaProjectConfigurator - Adding source folder /proy-citas-inkasalud/src/test/java
2025-06-29 20:07:05,849 [Worker-9: Updating Maven Project] INFO  o.e.m.j.i.AbstractJavaProjectConfigurator - Adding resource folder /proy-citas-inkasalud/src/test/resources
2025-06-29 20:07:06,311 [Worker-9: Updating Maven Project] INFO  o.e.m.c.i.p.ProjectConfigurationManager - Update completed for 1 poms: local refresh takes 0,00 sec, refresh facades takes 0,00 sec, update config takes 0,00 sec 
2025-06-29 20:07:06,821 [Worker-7: Building] INFO  o.a.m.s.f.DefaultMavenResourcesFiltering - Copying 1 resource from src\main\resources to target\classes
2025-06-29 20:07:06,831 [Worker-7: Building] INFO  o.a.m.s.f.DefaultMavenResourcesFiltering - Copying 23 resources from src\main\resources to target\classes
2025-06-29 20:07:06,855 [Worker-7: Building] INFO  o.a.m.s.f.DefaultMavenResourcesFiltering - skip non existing resourceDirectory C:\Users\Usuario\OneDrive - CIBERTEC\Desktop\ProyectoFinal\ProyCitasMedicas\proy-citas-inkasalud\src\test\resources
2025-06-29 20:08:46,791 [Worker-5: Building] INFO  o.e.m.c.i.l.LifecycleMappingFactory - Using org.eclipse.m2e.jdt.JarLifecycleMapping lifecycle mapping for MavenProject: com.cibertec.edu:api-gateway:0.0.1-SNAPSHOT @ C:\Users\Usuario\OneDrive - CIBERTEC\Desktop\ProyectoFinal\ProyCitasMedicas\api-gateway-cm\pom.xml.
2025-06-29 20:08:47,389 [Worker-5: Building] INFO  o.a.m.s.f.DefaultMavenResourcesFiltering - Copying 1 resource from src\main\resources to target\classes
2025-06-29 20:08:47,399 [Worker-5: Building] INFO  o.a.m.s.f.DefaultMavenResourcesFiltering - Copying 0 resource from src\main\resources to target\classes
2025-06-29 20:08:47,403 [Worker-5: Building] INFO  o.a.m.s.f.DefaultMavenResourcesFiltering - skip non existing resourceDirectory C:\Users\Usuario\OneDrive - CIBERTEC\Desktop\ProyectoFinal\ProyCitasMedicas\api-gateway-cm\src\test\resources
2025-06-29 20:16:03,107 [Worker-10: Building] INFO  o.a.m.s.f.DefaultMavenResourcesFiltering - Copying 1 resource from src\main\resources to target\classes
2025-06-29 20:16:03,117 [Worker-10: Building] INFO  o.a.m.s.f.DefaultMavenResourcesFiltering - Copying 0 resource from src\main\resources to target\classes
2025-06-29 20:16:03,120 [Worker-10: Building] INFO  o.a.m.s.f.DefaultMavenResourcesFiltering - skip non existing resourceDirectory C:\Users\Usuario\OneDrive - CIBERTEC\Desktop\ProyectoFinal\ProyCitasMedicas\proy-citas-inkasalud\src\test\resources
2025-06-29 20:20:42,051 [Worker-22: Building] INFO  o.a.m.s.f.DefaultMavenResourcesFiltering - Copying 1 resource from src\main\resources to target\classes
2025-06-29 20:20:42,058 [Worker-22: Building] INFO  o.a.m.s.f.DefaultMavenResourcesFiltering - Copying 0 resource from src\main\resources to target\classes
2025-06-29 20:20:42,061 [Worker-22: Building] INFO  o.a.m.s.f.DefaultMavenResourcesFiltering - skip non existing resourceDirectory C:\Users\Usuario\OneDrive - CIBERTEC\Desktop\ProyectoFinal\ProyCitasMedicas\proy-citas-inkasalud\src\test\resources
2025-06-29 20:21:02,189 [Worker-22: Updating Maven Project] INFO  o.e.m.c.i.p.ProjectConfigurationManager - Update started
2025-06-29 20:21:02,378 [Worker-22: Updating Maven Project] INFO  o.e.m.c.i.l.LifecycleMappingFactory - Using org.eclipse.m2e.jdt.JarLifecycleMapping lifecycle mapping for MavenProject: com.cibertec.edu:spring-security-api-rest:1.0.0 @ C:\Users\Usuario\OneDrive - CIBERTEC\Desktop\ProyectoFinal\ProyCitasMedicas\proy-citas-inkasalud\pom.xml.
2025-06-29 20:21:02,774 [Worker-22: Updating Maven Project] INFO  o.e.m.j.i.AbstractJavaProjectConfigurator - Adding source folder /proy-citas-inkasalud/src/main/java
2025-06-29 20:21:02,775 [Worker-22: Updating Maven Project] INFO  o.e.m.j.i.AbstractJavaProjectConfigurator - Adding resource folder /proy-citas-inkasalud/src/main/resources
2025-06-29 20:21:02,776 [Worker-22: Updating Maven Project] INFO  o.e.m.j.i.AbstractJavaProjectConfigurator - Adding resource folder /proy-citas-inkasalud/src/main/resources
2025-06-29 20:21:02,776 [Worker-22: Updating Maven Project] INFO  o.e.m.j.i.AbstractJavaProjectConfigurator - Adding source folder /proy-citas-inkasalud/src/test/java
2025-06-29 20:21:02,776 [Worker-22: Updating Maven Project] INFO  o.e.m.j.i.AbstractJavaProjectConfigurator - Adding resource folder /proy-citas-inkasalud/src/test/resources
2025-06-29 20:21:02,995 [Worker-22: Updating Maven Project] INFO  o.e.m.c.i.p.ProjectConfigurationManager - Update completed for 1 poms: local refresh takes 0,00 sec, refresh facades takes 0,00 sec, update config takes 0,00 sec 
2025-06-29 20:21:03,298 [Worker-25: Building] INFO  o.a.m.s.f.DefaultMavenResourcesFiltering - Copying 1 resource from src\main\resources to target\classes
2025-06-29 20:21:03,308 [Worker-25: Building] INFO  o.a.m.s.f.DefaultMavenResourcesFiltering - Copying 23 resources from src\main\resources to target\classes
2025-06-29 20:21:03,330 [Worker-25: Building] INFO  o.a.m.s.f.DefaultMavenResourcesFiltering - skip non existing resourceDirectory C:\Users\Usuario\OneDrive - CIBERTEC\Desktop\ProyectoFinal\ProyCitasMedicas\proy-citas-inkasalud\src\test\resources
2025-06-29 20:22:58,967 [Worker-29: Building] INFO  o.a.m.s.f.DefaultMavenResourcesFiltering - Copying 1 resource from src\main\resources to target\classes
2025-06-29 20:22:58,976 [Worker-29: Building] INFO  o.a.m.s.f.DefaultMavenResourcesFiltering - Copying 0 resource from src\main\resources to target\classes
2025-06-29 20:22:58,979 [Worker-29: Building] INFO  o.a.m.s.f.DefaultMavenResourcesFiltering - skip non existing resourceDirectory C:\Users\Usuario\OneDrive - CIBERTEC\Desktop\ProyectoFinal\ProyCitasMedicas\proy-citas-inkasalud\src\test\resources
2025-06-29 20:23:14,024 [Worker-28: Updating Maven Project] INFO  o.e.m.c.i.p.ProjectConfigurationManager - Update started
2025-06-29 20:23:14,191 [Worker-28: Updating Maven Project] INFO  o.e.m.c.i.l.LifecycleMappingFactory - Using org.eclipse.m2e.jdt.JarLifecycleMapping lifecycle mapping for MavenProject: com.cibertec.edu:spring-security-api-rest:1.0.0 @ C:\Users\Usuario\OneDrive - CIBERTEC\Desktop\ProyectoFinal\ProyCitasMedicas\proy-citas-inkasalud\pom.xml.
2025-06-29 20:23:14,506 [Worker-28: Updating Maven Project] INFO  o.e.m.j.i.AbstractJavaProjectConfigurator - Adding source folder /proy-citas-inkasalud/src/main/java
2025-06-29 20:23:14,506 [Worker-28: Updating Maven Project] INFO  o.e.m.j.i.AbstractJavaProjectConfigurator - Adding resource folder /proy-citas-inkasalud/src/main/resources
2025-06-29 20:23:14,507 [Worker-28: Updating Maven Project] INFO  o.e.m.j.i.AbstractJavaProjectConfigurator - Adding resource folder /proy-citas-inkasalud/src/main/resources
2025-06-29 20:23:14,507 [Worker-28: Updating Maven Project] INFO  o.e.m.j.i.AbstractJavaProjectConfigurator - Adding source folder /proy-citas-inkasalud/src/test/java
2025-06-29 20:23:14,507 [Worker-28: Updating Maven Project] INFO  o.e.m.j.i.AbstractJavaProjectConfigurator - Adding resource folder /proy-citas-inkasalud/src/test/resources
2025-06-29 20:23:14,706 [Worker-28: Updating Maven Project] INFO  o.e.m.c.i.p.ProjectConfigurationManager - Update completed for 1 poms: local refresh takes 0,00 sec, refresh facades takes 0,00 sec, update config takes 0,00 sec 
2025-06-29 20:23:14,927 [Worker-29: Building] INFO  o.a.m.s.f.DefaultMavenResourcesFiltering - Copying 1 resource from src\main\resources to target\classes
2025-06-29 20:23:14,936 [Worker-29: Building] INFO  o.a.m.s.f.DefaultMavenResourcesFiltering - Copying 23 resources from src\main\resources to target\classes
2025-06-29 20:23:14,959 [Worker-29: Building] INFO  o.a.m.s.f.DefaultMavenResourcesFiltering - skip non existing resourceDirectory C:\Users\Usuario\OneDrive - CIBERTEC\Desktop\ProyectoFinal\ProyCitasMedicas\proy-citas-inkasalud\src\test\resources
2025-06-29 21:29:41,010 [Worker-24: Importing Maven projects] INFO  o.e.m.c.i.l.LifecycleMappingFactory - Using org.eclipse.m2e.jdt.JarLifecycleMapping lifecycle mapping for MavenProject: com.cibertec.edu:eureka-serve:1.0.0 @ C:\Users\Usuario\OneDrive - CIBERTEC\Desktop\ProyectoFinal\ProyCitasMedicas\eureka-server-cm\pom.xml.
2025-06-29 21:29:41,527 [Worker-24: Importing Maven projects] INFO  o.e.m.j.i.AbstractJavaProjectConfigurator - Adding source folder /eureka-server-cm/src/main/java
2025-06-29 21:29:41,528 [Worker-24: Importing Maven projects] INFO  o.e.m.j.i.AbstractJavaProjectConfigurator - Adding resource folder /eureka-server-cm/src/main/resources
2025-06-29 21:29:41,529 [Worker-24: Importing Maven projects] INFO  o.e.m.j.i.AbstractJavaProjectConfigurator - Adding resource folder /eureka-server-cm/src/main/resources
2025-06-29 21:29:41,529 [Worker-24: Importing Maven projects] INFO  o.e.m.j.i.AbstractJavaProjectConfigurator - Adding source folder /eureka-server-cm/src/test/java
2025-06-29 21:29:41,530 [Worker-24: Importing Maven projects] INFO  o.e.m.j.i.AbstractJavaProjectConfigurator - Adding resource folder /eureka-server-cm/src/test/resources
2025-06-29 21:29:41,972 [Worker-24: Importing Maven projects] INFO  o.e.m.c.i.p.ProjectConfigurationManager - Imported and configured 1 project(s) in 2 sec
2025-06-29 21:29:42,372 [Worker-28: Building] INFO  o.a.m.s.f.DefaultMavenResourcesFiltering - Copying 1 resource from src\main\resources to target\classes
2025-06-29 21:29:42,402 [Worker-28: Building] INFO  o.a.m.s.f.DefaultMavenResourcesFiltering - Copying 0 resource from src\main\resources to target\classes
2025-06-29 21:29:42,408 [Worker-28: Building] INFO  o.a.m.s.f.DefaultMavenResourcesFiltering - skip non existing resourceDirectory C:\Users\Usuario\OneDrive - CIBERTEC\Desktop\ProyectoFinal\ProyCitasMedicas\eureka-server-cm\src\test\resources
2025-06-29 21:29:59,229 [Worker-22: Building] INFO  o.e.m.c.i.l.LifecycleMappingFactory - Using org.eclipse.m2e.jdt.JarLifecycleMapping lifecycle mapping for MavenProject: com.cibertec.edu:eureka-serve:1.0.0 @ C:\Users\Usuario\OneDrive - CIBERTEC\Desktop\ProyectoFinal\ProyCitasMedicas\eureka-server-cm\pom.xml.
2025-06-29 21:30:00,008 [Worker-22: Building] INFO  o.a.m.s.f.DefaultMavenResourcesFiltering - Copying 0 resource from src\main\resources to target\classes
2025-06-29 21:30:00,009 [Worker-22: Building] INFO  o.a.m.s.f.DefaultMavenResourcesFiltering - Copying 0 resource from src\main\resources to target\classes
2025-06-29 21:30:00,014 [Worker-22: Building] INFO  o.a.m.s.f.DefaultMavenResourcesFiltering - skip non existing resourceDirectory C:\Users\Usuario\OneDrive - CIBERTEC\Desktop\ProyectoFinal\ProyCitasMedicas\eureka-server-cm\src\test\resources
2025-06-29 21:36:09,957 [Worker-32: Building] INFO  o.a.m.s.f.DefaultMavenResourcesFiltering - Copying 1 resource from src\main\resources to target\classes
2025-06-29 21:36:09,966 [Worker-32: Building] INFO  o.a.m.s.f.DefaultMavenResourcesFiltering - Copying 23 resources from src\main\resources to target\classes
2025-06-29 21:36:09,976 [Worker-32: Building] INFO  o.a.m.s.f.DefaultMavenResourcesFiltering - skip non existing resourceDirectory C:\Users\Usuario\OneDrive - CIBERTEC\Desktop\ProyectoFinal\ProyCitasMedicas\proy-citas-inkasalud\src\test\resources
2025-06-29 21:49:53,182 [Worker-38: Building] INFO  o.a.m.s.f.DefaultMavenResourcesFiltering - Copying 1 resource from src\main\resources to target\classes
2025-06-29 21:49:53,189 [Worker-38: Building] INFO  o.a.m.s.f.DefaultMavenResourcesFiltering - Copying 23 resources from src\main\resources to target\classes
2025-06-29 21:49:53,196 [Worker-38: Building] INFO  o.a.m.s.f.DefaultMavenResourcesFiltering - skip non existing resourceDirectory C:\Users\Usuario\OneDrive - CIBERTEC\Desktop\ProyectoFinal\ProyCitasMedicas\proy-citas-inkasalud\src\test\resources
2025-06-29 21:49:59,531 [Worker-37: Updating Maven Project] INFO  o.e.m.c.i.p.ProjectConfigurationManager - Update started
2025-06-29 21:49:59,703 [Worker-37: Updating Maven Project] INFO  o.e.m.c.i.l.LifecycleMappingFactory - Using org.eclipse.m2e.jdt.JarLifecycleMapping lifecycle mapping for MavenProject: com.cibertec.edu:spring-security-api-rest:1.0.0 @ C:\Users\Usuario\OneDrive - CIBERTEC\Desktop\ProyectoFinal\ProyCitasMedicas\proy-citas-inkasalud\pom.xml.
2025-06-29 21:50:00,035 [Worker-37: Updating Maven Project] INFO  o.e.m.j.i.AbstractJavaProjectConfigurator - Adding source folder /proy-citas-inkasalud/src/main/java
2025-06-29 21:50:00,036 [Worker-37: Updating Maven Project] INFO  o.e.m.j.i.AbstractJavaProjectConfigurator - Adding resource folder /proy-citas-inkasalud/src/main/resources
2025-06-29 21:50:00,037 [Worker-37: Updating Maven Project] INFO  o.e.m.j.i.AbstractJavaProjectConfigurator - Adding resource folder /proy-citas-inkasalud/src/main/resources
2025-06-29 21:50:00,037 [Worker-37: Updating Maven Project] INFO  o.e.m.j.i.AbstractJavaProjectConfigurator - Adding source folder /proy-citas-inkasalud/src/test/java
2025-06-29 21:50:00,037 [Worker-37: Updating Maven Project] INFO  o.e.m.j.i.AbstractJavaProjectConfigurator - Adding resource folder /proy-citas-inkasalud/src/test/resources
2025-06-29 21:50:00,258 [Worker-37: Updating Maven Project] INFO  o.e.m.c.i.p.ProjectConfigurationManager - Update completed for 1 poms: local refresh takes 0,00 sec, refresh facades takes 0,00 sec, update config takes 0,00 sec 
2025-06-29 21:50:00,503 [Worker-28: Building] INFO  o.a.m.s.f.DefaultMavenResourcesFiltering - Copying 1 resource from src\main\resources to target\classes
2025-06-29 21:50:00,515 [Worker-28: Building] INFO  o.a.m.s.f.DefaultMavenResourcesFiltering - Copying 23 resources from src\main\resources to target\classes
2025-06-29 21:50:00,561 [Worker-28: Building] INFO  o.a.m.s.f.DefaultMavenResourcesFiltering - skip non existing resourceDirectory C:\Users\Usuario\OneDrive - CIBERTEC\Desktop\ProyectoFinal\ProyCitasMedicas\proy-citas-inkasalud\src\test\resources
2025-06-29 21:56:04,877 [Worker-39: Building] INFO  o.a.m.s.f.DefaultMavenResourcesFiltering - Copying 1 resource from src\main\resources to target\classes
2025-06-29 21:56:04,884 [Worker-39: Building] INFO  o.a.m.s.f.DefaultMavenResourcesFiltering - Copying 0 resource from src\main\resources to target\classes
2025-06-29 21:56:04,886 [Worker-39: Building] INFO  o.a.m.s.f.DefaultMavenResourcesFiltering - skip non existing resourceDirectory C:\Users\Usuario\OneDrive - CIBERTEC\Desktop\ProyectoFinal\ProyCitasMedicas\proy-citas-inkasalud\src\test\resources
2025-06-29 21:58:42,936 [Worker-44: Importing Maven projects] INFO  o.e.m.c.i.l.LifecycleMappingFactory - Using org.eclipse.m2e.jdt.JarLifecycleMapping lifecycle mapping for MavenProject: com.cibertec.edu:auth-api-rest:0.0.1-SNAPSHOT @ C:\Users\Usuario\OneDrive - CIBERTEC\Desktop\ProyectoFinal\ProyCitasMedicas\auth-api-rest-cm\pom.xml.
2025-06-29 21:58:43,535 [Worker-44: Importing Maven projects] INFO  o.e.m.j.i.AbstractJavaProjectConfigurator - Adding source folder /auth-api-rest-cm/src/main/java
2025-06-29 21:58:43,536 [Worker-44: Importing Maven projects] INFO  o.e.m.j.i.AbstractJavaProjectConfigurator - Adding resource folder /auth-api-rest-cm/src/main/resources
2025-06-29 21:58:43,536 [Worker-44: Importing Maven projects] INFO  o.e.m.j.i.AbstractJavaProjectConfigurator - Adding resource folder /auth-api-rest-cm/src/main/resources
2025-06-29 21:58:43,537 [Worker-44: Importing Maven projects] INFO  o.e.m.j.i.AbstractJavaProjectConfigurator - Adding source folder /auth-api-rest-cm/src/test/java
2025-06-29 21:58:43,537 [Worker-44: Importing Maven projects] INFO  o.e.m.j.i.AbstractJavaProjectConfigurator - Adding resource folder /auth-api-rest-cm/src/test/resources
2025-06-29 21:58:43,791 [Worker-44: Importing Maven projects] INFO  o.e.m.c.i.p.ProjectConfigurationManager - Imported and configured 1 project(s) in 1 sec
2025-06-29 21:58:44,448 [Worker-43: Building] INFO  o.a.m.s.f.DefaultMavenResourcesFiltering - Copying 1 resource from src\main\resources to target\classes
2025-06-29 21:58:44,469 [Worker-43: Building] INFO  o.a.m.s.f.DefaultMavenResourcesFiltering - Copying 0 resource from src\main\resources to target\classes
2025-06-29 21:58:44,474 [Worker-43: Building] INFO  o.a.m.s.f.DefaultMavenResourcesFiltering - skip non existing resourceDirectory C:\Users\Usuario\OneDrive - CIBERTEC\Desktop\ProyectoFinal\ProyCitasMedicas\auth-api-rest-cm\src\test\resources
2025-06-29 21:59:31,748 [Worker-39: Building] INFO  o.a.m.s.f.DefaultMavenResourcesFiltering - Copying 1 resource from src\main\resources to target\classes
2025-06-29 21:59:31,754 [Worker-39: Building] INFO  o.a.m.s.f.DefaultMavenResourcesFiltering - Copying 0 resource from src\main\resources to target\classes
2025-06-29 21:59:31,756 [Worker-39: Building] INFO  o.a.m.s.f.DefaultMavenResourcesFiltering - skip non existing resourceDirectory C:\Users\Usuario\OneDrive - CIBERTEC\Desktop\ProyectoFinal\ProyCitasMedicas\auth-api-rest-cm\src\test\resources
2025-06-29 22:13:12,643 [Worker-44: Building] INFO  o.a.m.s.f.DefaultMavenResourcesFiltering - Copying 0 resource from src\main\resources to target\classes
2025-06-29 22:13:12,643 [Worker-44: Building] INFO  o.a.m.s.f.DefaultMavenResourcesFiltering - Copying 0 resource from src\main\resources to target\classes
2025-06-29 22:13:12,645 [Worker-44: Building] INFO  o.a.m.s.f.DefaultMavenResourcesFiltering - skip non existing resourceDirectory C:\Users\Usuario\OneDrive - CIBERTEC\Desktop\ProyectoFinal\ProyCitasMedicas\eureka-server-cm\src\test\resources
2025-06-29 22:13:42,808 [Worker-55: Updating Maven Project] INFO  o.e.m.c.i.p.ProjectConfigurationManager - Update started
2025-06-29 22:13:43,000 [Worker-55: Updating Maven Project] INFO  o.e.m.c.i.l.LifecycleMappingFactory - Using org.eclipse.m2e.jdt.JarLifecycleMapping lifecycle mapping for MavenProject: com.cibertec.edu:eureka-serve:1.0.0 @ C:\Users\Usuario\OneDrive - CIBERTEC\Desktop\ProyectoFinal\ProyCitasMedicas\eureka-server-cm\pom.xml.
2025-06-29 22:13:43,743 [Worker-55: Updating Maven Project] INFO  o.e.m.j.i.AbstractJavaProjectConfigurator - Adding source folder /eureka-server-cm/src/main/java
2025-06-29 22:13:43,743 [Worker-55: Updating Maven Project] INFO  o.e.m.j.i.AbstractJavaProjectConfigurator - Adding resource folder /eureka-server-cm/src/main/resources
2025-06-29 22:13:43,744 [Worker-55: Updating Maven Project] INFO  o.e.m.j.i.AbstractJavaProjectConfigurator - Adding resource folder /eureka-server-cm/src/main/resources
2025-06-29 22:13:43,744 [Worker-55: Updating Maven Project] INFO  o.e.m.j.i.AbstractJavaProjectConfigurator - Adding source folder /eureka-server-cm/src/test/java
2025-06-29 22:13:43,744 [Worker-55: Updating Maven Project] INFO  o.e.m.j.i.AbstractJavaProjectConfigurator - Adding resource folder /eureka-server-cm/src/test/resources
2025-06-29 22:13:44,048 [Worker-55: Updating Maven Project] INFO  o.e.m.c.i.p.ProjectConfigurationManager - Update completed for 1 poms: local refresh takes 0,00 sec, refresh facades takes 0,00 sec, update config takes 0,00 sec 
2025-06-29 22:13:44,253 [Worker-53: Building] INFO  o.a.m.s.f.DefaultMavenResourcesFiltering - Copying 1 resource from src\main\resources to target\classes
2025-06-29 22:13:44,262 [Worker-53: Building] INFO  o.a.m.s.f.DefaultMavenResourcesFiltering - Copying 0 resource from src\main\resources to target\classes
2025-06-29 22:13:44,265 [Worker-53: Building] INFO  o.a.m.s.f.DefaultMavenResourcesFiltering - skip non existing resourceDirectory C:\Users\Usuario\OneDrive - CIBERTEC\Desktop\ProyectoFinal\ProyCitasMedicas\eureka-server-cm\src\test\resources
2025-06-29 22:24:55,324 [Worker-2: Loading available Gradle versions] INFO  o.e.b.c.i.u.g.PublishedGradleVersions - Gradle version information cache is up-to-date. Trying to read.
2025-06-29 22:48:10,285 [Worker-7: Loading available Gradle versions] INFO  o.e.b.c.i.u.g.PublishedGradleVersions - Gradle version information cache is up-to-date. Trying to read.
2025-06-29 23:02:32,548 [Worker-17: Building] INFO  o.a.m.s.f.DefaultMavenResourcesFiltering - Copying 1 resource from src\main\resources to target\classes
2025-06-29 23:02:32,585 [Worker-17: Building] INFO  o.a.m.s.f.DefaultMavenResourcesFiltering - Copying 0 resource from src\main\resources to target\classes
2025-06-29 23:02:32,591 [Worker-17: Building] INFO  o.a.m.s.f.DefaultMavenResourcesFiltering - skip non existing resourceDirectory C:\Users\Usuario\OneDrive - CIBERTEC\Desktop\ProyectoFinal\ProyCitasMedicas\auth-api-rest-cm\src\test\resources
2025-06-29 23:02:47,716 [Worker-15: Updating Maven Project] INFO  o.e.m.c.i.p.ProjectConfigurationManager - Update started
2025-06-29 23:02:48,265 [Worker-15: Updating Maven Project] INFO  o.e.m.c.i.l.LifecycleMappingFactory - Using org.eclipse.m2e.jdt.JarLifecycleMapping lifecycle mapping for MavenProject: com.cibertec.edu:auth-api-rest:0.0.1-SNAPSHOT @ C:\Users\Usuario\OneDrive - CIBERTEC\Desktop\ProyectoFinal\ProyCitasMedicas\auth-api-rest-cm\pom.xml.
2025-06-29 23:02:49,107 [Worker-15: Updating Maven Project] INFO  o.e.m.j.i.AbstractJavaProjectConfigurator - Adding source folder /auth-api-rest-cm/src/main/java
2025-06-29 23:02:49,109 [Worker-15: Updating Maven Project] INFO  o.e.m.j.i.AbstractJavaProjectConfigurator - Adding resource folder /auth-api-rest-cm/src/main/resources
2025-06-29 23:02:49,109 [Worker-15: Updating Maven Project] INFO  o.e.m.j.i.AbstractJavaProjectConfigurator - Adding resource folder /auth-api-rest-cm/src/main/resources
2025-06-29 23:02:49,110 [Worker-15: Updating Maven Project] INFO  o.e.m.j.i.AbstractJavaProjectConfigurator - Adding source folder /auth-api-rest-cm/src/test/java
2025-06-29 23:02:49,111 [Worker-15: Updating Maven Project] INFO  o.e.m.j.i.AbstractJavaProjectConfigurator - Adding resource folder /auth-api-rest-cm/src/test/resources
2025-06-29 23:02:49,516 [Worker-15: Updating Maven Project] INFO  o.e.m.c.i.p.ProjectConfigurationManager - Update completed for 1 poms: local refresh takes 0,00 sec, refresh facades takes 1,00 sec, update config takes 0,00 sec 
2025-06-29 23:02:50,376 [Worker-18: Building] INFO  o.a.m.s.f.DefaultMavenResourcesFiltering - Copying 1 resource from src\main\resources to target\classes
2025-06-29 23:02:50,397 [Worker-18: Building] INFO  o.a.m.s.f.DefaultMavenResourcesFiltering - Copying 0 resource from src\main\resources to target\classes
2025-06-29 23:02:50,402 [Worker-18: Building] INFO  o.a.m.s.f.DefaultMavenResourcesFiltering - skip non existing resourceDirectory C:\Users\Usuario\OneDrive - CIBERTEC\Desktop\ProyectoFinal\ProyCitasMedicas\auth-api-rest-cm\src\test\resources
2025-06-29 23:10:34,648 [Worker-23: Building] INFO  o.a.m.s.f.DefaultMavenResourcesFiltering - Copying 1 resource from src\main\resources to target\classes
2025-06-29 23:10:34,654 [Worker-23: Building] INFO  o.a.m.s.f.DefaultMavenResourcesFiltering - Copying 0 resource from src\main\resources to target\classes
2025-06-29 23:10:34,657 [Worker-23: Building] INFO  o.a.m.s.f.DefaultMavenResourcesFiltering - skip non existing resourceDirectory C:\Users\Usuario\OneDrive - CIBERTEC\Desktop\ProyectoFinal\ProyCitasMedicas\auth-api-rest-cm\src\test\resources
2025-06-30 01:06:21,143 [Worker-7: Loading available Gradle versions] INFO  o.e.b.c.i.u.g.PublishedGradleVersions - Gradle version information cache is up-to-date. Trying to read.
2025-06-30 21:57:07,545 [Worker-2: Loading available Gradle versions] INFO  o.e.b.c.i.u.g.PublishedGradleVersions - Gradle version information cache is out-of-date. Trying to update.
2025-06-30 22:38:37,451 [Worker-35: Building] INFO  o.e.m.c.i.l.LifecycleMappingFactory - Using org.eclipse.m2e.jdt.JarLifecycleMapping lifecycle mapping for MavenProject: com.cibertec.edu:auth-api-rest:0.0.1-SNAPSHOT @ C:\Users\Usuario\OneDrive - CIBERTEC\Desktop\ProyectoFinalDSWII\ProyCitasMedicas\auth-api-rest-cm\pom.xml.
2025-06-30 22:38:38,232 [Worker-35: Building] INFO  o.a.m.s.f.DefaultMavenResourcesFiltering - Copying 1 resource from src\main\resources to target\classes
2025-06-30 22:38:38,243 [Worker-35: Building] INFO  o.a.m.s.f.DefaultMavenResourcesFiltering - Copying 0 resource from src\main\resources to target\classes
2025-06-30 22:38:38,247 [Worker-35: Building] INFO  o.a.m.s.f.DefaultMavenResourcesFiltering - skip non existing resourceDirectory C:\Users\Usuario\OneDrive - CIBERTEC\Desktop\ProyectoFinalDSWII\ProyCitasMedicas\auth-api-rest-cm\src\test\resources
2025-06-30 22:38:57,115 [Worker-36: Building] INFO  o.e.m.c.i.l.LifecycleMappingFactory - Using org.eclipse.m2e.jdt.JarLifecycleMapping lifecycle mapping for MavenProject: com.cibertec.edu:spring-security-api-rest:1.0.0 @ C:\Users\Usuario\OneDrive - CIBERTEC\Desktop\ProyectoFinalDSWII\ProyCitasMedicas\proy-citas-inkasalud\pom.xml.
2025-06-30 22:39:02,427 [Worker-38: Building] INFO  o.e.m.c.i.l.LifecycleMappingFactory - Using org.eclipse.m2e.jdt.JarLifecycleMapping lifecycle mapping for MavenProject: com.cibertec.edu:spring-security-api-rest:1.0.0 @ C:\Users\Usuario\OneDrive - CIBERTEC\Desktop\ProyectoFinalDSWII\ProyCitasMedicas\proy-citas-inkasalud\pom.xml.
2025-06-30 22:39:02,789 [Worker-38: Building] INFO  o.a.m.s.f.DefaultMavenResourcesFiltering - Copying 1 resource from src\main\resources to target\classes
2025-06-30 22:39:02,801 [Worker-38: Building] INFO  o.a.m.s.f.DefaultMavenResourcesFiltering - Copying 23 resources from src\main\resources to target\classes
2025-06-30 22:39:02,809 [Worker-38: Building] INFO  o.a.m.s.f.DefaultMavenResourcesFiltering - skip non existing resourceDirectory C:\Users\Usuario\OneDrive - CIBERTEC\Desktop\ProyectoFinalDSWII\ProyCitasMedicas\proy-citas-inkasalud\src\test\resources
2025-06-30 22:39:10,955 [Worker-39: Building] INFO  o.e.m.c.i.l.LifecycleMappingFactory - Using org.eclipse.m2e.jdt.JarLifecycleMapping lifecycle mapping for MavenProject: com.cibertec.edu:spring-security-api-rest:1.0.0 @ C:\Users\Usuario\OneDrive - CIBERTEC\Desktop\ProyectoFinalDSWII\ProyCitasMedicas\proy-citas-inkasalud\pom.xml.
2025-06-30 22:39:24,296 [Worker-36: Building] INFO  o.e.m.c.i.l.LifecycleMappingFactory - Using org.eclipse.m2e.jdt.JarLifecycleMapping lifecycle mapping for MavenProject: com.cibertec.edu:spring-security-api-rest:1.0.0 @ C:\Users\Usuario\OneDrive - CIBERTEC\Desktop\ProyectoFinalDSWII\ProyCitasMedicas\proy-citas-inkasalud\pom.xml.
2025-06-30 22:39:24,667 [Worker-36: Building] INFO  o.a.m.s.f.DefaultMavenResourcesFiltering - Copying 0 resource from src\main\resources to target\classes
2025-06-30 22:39:24,671 [Worker-36: Building] INFO  o.a.m.s.f.DefaultMavenResourcesFiltering - Copying 0 resource from src\main\resources to target\classes
2025-06-30 22:39:24,674 [Worker-36: Building] INFO  o.a.m.s.f.DefaultMavenResourcesFiltering - skip non existing resourceDirectory C:\Users\Usuario\OneDrive - CIBERTEC\Desktop\ProyectoFinalDSWII\ProyCitasMedicas\proy-citas-inkasalud\src\test\resources
2025-06-30 22:40:14,955 [Worker-38: Updating Maven Project] INFO  o.e.m.c.i.p.ProjectConfigurationManager - Update started
2025-06-30 22:40:16,270 [Worker-38: Updating Maven Project] INFO  o.e.m.c.i.l.LifecycleMappingFactory - Using org.eclipse.m2e.jdt.JarLifecycleMapping lifecycle mapping for MavenProject: com.cibertec.edu:api-gateway:0.0.1-SNAPSHOT @ C:\Users\Usuario\OneDrive - CIBERTEC\Desktop\ProyectoFinalDSWII\ProyCitasMedicas\api-gateway-cm\pom.xml.
2025-06-30 22:40:16,355 [Worker-38: Updating Maven Project] INFO  o.e.m.c.i.l.LifecycleMappingFactory - Using org.eclipse.m2e.jdt.JarLifecycleMapping lifecycle mapping for MavenProject: com.cibertec.edu:auth-api-rest:0.0.1-SNAPSHOT @ C:\Users\Usuario\OneDrive - CIBERTEC\Desktop\ProyectoFinalDSWII\ProyCitasMedicas\auth-api-rest-cm\pom.xml.
2025-06-30 22:40:16,734 [Worker-38: Updating Maven Project] INFO  o.e.m.c.i.l.LifecycleMappingFactory - Using org.eclipse.m2e.jdt.JarLifecycleMapping lifecycle mapping for MavenProject: com.cibertec.edu:config-server:1.0.0 @ C:\Users\Usuario\OneDrive - CIBERTEC\Desktop\ProyectoFinalDSWII\ProyCitasMedicas\config-server-cm\pom.xml.
2025-06-30 22:40:17,046 [Worker-38: Updating Maven Project] INFO  o.e.m.c.i.l.LifecycleMappingFactory - Using org.eclipse.m2e.jdt.JarLifecycleMapping lifecycle mapping for MavenProject: com.cibertec.edu:eureka-serve:1.0.0 @ C:\Users\Usuario\OneDrive - CIBERTEC\Desktop\ProyectoFinalDSWII\ProyCitasMedicas\eureka-server-cm\pom.xml.
2025-06-30 22:40:17,127 [Worker-38: Updating Maven Project] INFO  o.e.m.c.i.l.LifecycleMappingFactory - Using org.eclipse.m2e.jdt.JarLifecycleMapping lifecycle mapping for MavenProject: com.cibertec.edu:spring-security-api-rest:1.0.0 @ C:\Users\Usuario\OneDrive - CIBERTEC\Desktop\ProyectoFinalDSWII\ProyCitasMedicas\proy-citas-inkasalud\pom.xml.
2025-06-30 22:40:18,483 [Worker-38: Updating Maven Project] INFO  o.e.m.j.i.AbstractJavaProjectConfigurator - Adding source folder /api-gateway-cm/src/main/java
2025-06-30 22:40:18,484 [Worker-38: Updating Maven Project] INFO  o.e.m.j.i.AbstractJavaProjectConfigurator - Adding resource folder /api-gateway-cm/src/main/resources
2025-06-30 22:40:18,485 [Worker-38: Updating Maven Project] INFO  o.e.m.j.i.AbstractJavaProjectConfigurator - Adding resource folder /api-gateway-cm/src/main/resources
2025-06-30 22:40:18,486 [Worker-38: Updating Maven Project] INFO  o.e.m.j.i.AbstractJavaProjectConfigurator - Adding source folder /api-gateway-cm/src/test/java
2025-06-30 22:40:18,487 [Worker-38: Updating Maven Project] INFO  o.e.m.j.i.AbstractJavaProjectConfigurator - Adding resource folder /api-gateway-cm/src/test/resources
2025-06-30 22:40:18,817 [Worker-38: Updating Maven Project] INFO  o.e.m.j.i.AbstractJavaProjectConfigurator - Adding source folder /auth-api-rest-cm/src/main/java
2025-06-30 22:40:18,818 [Worker-38: Updating Maven Project] INFO  o.e.m.j.i.AbstractJavaProjectConfigurator - Adding resource folder /auth-api-rest-cm/src/main/resources
2025-06-30 22:40:18,818 [Worker-38: Updating Maven Project] INFO  o.e.m.j.i.AbstractJavaProjectConfigurator - Adding resource folder /auth-api-rest-cm/src/main/resources
2025-06-30 22:40:18,819 [Worker-38: Updating Maven Project] INFO  o.e.m.j.i.AbstractJavaProjectConfigurator - Adding source folder /auth-api-rest-cm/src/test/java
2025-06-30 22:40:18,819 [Worker-38: Updating Maven Project] INFO  o.e.m.j.i.AbstractJavaProjectConfigurator - Adding resource folder /auth-api-rest-cm/src/test/resources
2025-06-30 22:40:19,069 [Worker-38: Updating Maven Project] INFO  o.e.m.j.i.AbstractJavaProjectConfigurator - Adding source folder /config-server-cm/src/main/java
2025-06-30 22:40:19,070 [Worker-38: Updating Maven Project] INFO  o.e.m.j.i.AbstractJavaProjectConfigurator - Adding resource folder /config-server-cm/src/main/resources
2025-06-30 22:40:19,070 [Worker-38: Updating Maven Project] INFO  o.e.m.j.i.AbstractJavaProjectConfigurator - Adding resource folder /config-server-cm/src/main/resources
2025-06-30 22:40:19,071 [Worker-38: Updating Maven Project] INFO  o.e.m.j.i.AbstractJavaProjectConfigurator - Adding source folder /config-server-cm/src/test/java
2025-06-30 22:40:19,071 [Worker-38: Updating Maven Project] INFO  o.e.m.j.i.AbstractJavaProjectConfigurator - Adding resource folder /config-server-cm/src/test/resources
2025-06-30 22:40:19,312 [Worker-38: Updating Maven Project] INFO  o.e.m.j.i.AbstractJavaProjectConfigurator - Adding source folder /eureka-server-cm/src/main/java
2025-06-30 22:40:19,313 [Worker-38: Updating Maven Project] INFO  o.e.m.j.i.AbstractJavaProjectConfigurator - Adding resource folder /eureka-server-cm/src/main/resources
2025-06-30 22:40:19,313 [Worker-38: Updating Maven Project] INFO  o.e.m.j.i.AbstractJavaProjectConfigurator - Adding resource folder /eureka-server-cm/src/main/resources
2025-06-30 22:40:19,314 [Worker-38: Updating Maven Project] INFO  o.e.m.j.i.AbstractJavaProjectConfigurator - Adding source folder /eureka-server-cm/src/test/java
2025-06-30 22:40:19,314 [Worker-38: Updating Maven Project] INFO  o.e.m.j.i.AbstractJavaProjectConfigurator - Adding resource folder /eureka-server-cm/src/test/resources
2025-06-30 22:40:19,584 [Worker-38: Updating Maven Project] INFO  o.e.m.j.i.AbstractJavaProjectConfigurator - Adding source folder /proy-citas-inkasalud/src/main/java
2025-06-30 22:40:19,585 [Worker-38: Updating Maven Project] INFO  o.e.m.j.i.AbstractJavaProjectConfigurator - Adding resource folder /proy-citas-inkasalud/src/main/resources
2025-06-30 22:40:19,585 [Worker-38: Updating Maven Project] INFO  o.e.m.j.i.AbstractJavaProjectConfigurator - Adding resource folder /proy-citas-inkasalud/src/main/resources
2025-06-30 22:40:19,585 [Worker-38: Updating Maven Project] INFO  o.e.m.j.i.AbstractJavaProjectConfigurator - Adding source folder /proy-citas-inkasalud/src/test/java
2025-06-30 22:40:19,586 [Worker-38: Updating Maven Project] INFO  o.e.m.j.i.AbstractJavaProjectConfigurator - Adding resource folder /proy-citas-inkasalud/src/test/resources
2025-06-30 22:40:19,973 [Worker-38: Updating Maven Project] INFO  o.e.m.c.i.p.ProjectConfigurationManager - Update completed for 5 poms: local refresh takes 0,00 sec, refresh facades takes 3,00 sec, update config takes 1,00 sec 
2025-06-30 22:40:20,441 [Worker-33: Building] INFO  o.a.m.s.f.DefaultMavenResourcesFiltering - Copying 1 resource from src\main\resources to target\classes
2025-06-30 22:40:20,454 [Worker-33: Building] INFO  o.a.m.s.f.DefaultMavenResourcesFiltering - Copying 0 resource from src\main\resources to target\classes
2025-06-30 22:40:20,457 [Worker-33: Building] INFO  o.a.m.s.f.DefaultMavenResourcesFiltering - skip non existing resourceDirectory C:\Users\Usuario\OneDrive - CIBERTEC\Desktop\ProyectoFinalDSWII\ProyCitasMedicas\api-gateway-cm\src\test\resources
2025-06-30 22:40:20,710 [Worker-33: Building] INFO  o.a.m.s.f.DefaultMavenResourcesFiltering - Copying 1 resource from src\main\resources to target\classes
2025-06-30 22:40:20,718 [Worker-33: Building] INFO  o.a.m.s.f.DefaultMavenResourcesFiltering - Copying 0 resource from src\main\resources to target\classes
2025-06-30 22:40:20,721 [Worker-33: Building] INFO  o.a.m.s.f.DefaultMavenResourcesFiltering - skip non existing resourceDirectory C:\Users\Usuario\OneDrive - CIBERTEC\Desktop\ProyectoFinalDSWII\ProyCitasMedicas\auth-api-rest-cm\src\test\resources
2025-06-30 22:40:20,848 [Worker-33: Building] INFO  o.a.m.s.f.DefaultMavenResourcesFiltering - Copying 1 resource from src\main\resources to target\classes
2025-06-30 22:40:20,857 [Worker-33: Building] INFO  o.a.m.s.f.DefaultMavenResourcesFiltering - Copying 0 resource from src\main\resources to target\classes
2025-06-30 22:40:20,861 [Worker-33: Building] INFO  o.a.m.s.f.DefaultMavenResourcesFiltering - skip non existing resourceDirectory C:\Users\Usuario\OneDrive - CIBERTEC\Desktop\ProyectoFinalDSWII\ProyCitasMedicas\config-server-cm\src\test\resources
2025-06-30 22:40:21,007 [Worker-33: Building] INFO  o.a.m.s.f.DefaultMavenResourcesFiltering - Copying 1 resource from src\main\resources to target\classes
2025-06-30 22:40:21,022 [Worker-33: Building] INFO  o.a.m.s.f.DefaultMavenResourcesFiltering - Copying 0 resource from src\main\resources to target\classes
2025-06-30 22:40:21,025 [Worker-33: Building] INFO  o.a.m.s.f.DefaultMavenResourcesFiltering - skip non existing resourceDirectory C:\Users\Usuario\OneDrive - CIBERTEC\Desktop\ProyectoFinalDSWII\ProyCitasMedicas\eureka-server-cm\src\test\resources
2025-06-30 22:40:21,234 [Worker-33: Building] INFO  o.a.m.s.f.DefaultMavenResourcesFiltering - Copying 1 resource from src\main\resources to target\classes
2025-06-30 22:40:21,243 [Worker-33: Building] INFO  o.a.m.s.f.DefaultMavenResourcesFiltering - Copying 23 resources from src\main\resources to target\classes
2025-06-30 22:40:21,272 [Worker-33: Building] INFO  o.a.m.s.f.DefaultMavenResourcesFiltering - skip non existing resourceDirectory C:\Users\Usuario\OneDrive - CIBERTEC\Desktop\ProyectoFinalDSWII\ProyCitasMedicas\proy-citas-inkasalud\src\test\resources
2025-06-30 22:49:41,177 [Worker-51: Building] INFO  o.a.m.s.f.DefaultMavenResourcesFiltering - Copying 1 resource from src\main\resources to target\classes
2025-06-30 22:49:41,185 [Worker-51: Building] INFO  o.a.m.s.f.DefaultMavenResourcesFiltering - Copying 0 resource from src\main\resources to target\classes
2025-06-30 22:49:41,187 [Worker-51: Building] INFO  o.a.m.s.f.DefaultMavenResourcesFiltering - skip non existing resourceDirectory C:\Users\Usuario\OneDrive - CIBERTEC\Desktop\ProyectoFinalDSWII\ProyCitasMedicas\proy-citas-inkasalud\src\test\resources
2025-06-30 22:52:10,187 [Worker-51: Building] INFO  o.a.m.s.f.DefaultMavenResourcesFiltering - Copying 1 resource from src\main\resources to target\classes
2025-06-30 22:52:10,192 [Worker-51: Building] INFO  o.a.m.s.f.DefaultMavenResourcesFiltering - Copying 0 resource from src\main\resources to target\classes
2025-06-30 22:52:10,195 [Worker-51: Building] INFO  o.a.m.s.f.DefaultMavenResourcesFiltering - skip non existing resourceDirectory C:\Users\Usuario\OneDrive - CIBERTEC\Desktop\ProyectoFinalDSWII\ProyCitasMedicas\auth-api-rest-cm\src\test\resources
2025-06-30 23:00:29,155 [Worker-47: Building] INFO  o.a.m.s.f.DefaultMavenResourcesFiltering - Copying 1 resource from src\main\resources to target\classes
2025-06-30 23:00:29,161 [Worker-47: Building] INFO  o.a.m.s.f.DefaultMavenResourcesFiltering - Copying 0 resource from src\main\resources to target\classes
2025-06-30 23:00:29,163 [Worker-47: Building] INFO  o.a.m.s.f.DefaultMavenResourcesFiltering - skip non existing resourceDirectory C:\Users\Usuario\OneDrive - CIBERTEC\Desktop\ProyectoFinalDSWII\ProyCitasMedicas\proy-citas-inkasalud\src\test\resources
2025-06-30 23:02:46,929 [Worker-49: Building] INFO  o.a.m.s.f.DefaultMavenResourcesFiltering - Copying 1 resource from src\main\resources to target\classes
2025-06-30 23:02:46,934 [Worker-49: Building] INFO  o.a.m.s.f.DefaultMavenResourcesFiltering - Copying 23 resources from src\main\resources to target\classes
2025-06-30 23:02:46,940 [Worker-49: Building] INFO  o.a.m.s.f.DefaultMavenResourcesFiltering - skip non existing resourceDirectory C:\Users\Usuario\OneDrive - CIBERTEC\Desktop\ProyectoFinalDSWII\ProyCitasMedicas\proy-citas-inkasalud\src\test\resources
2025-06-30 23:05:23,912 [Worker-49: Building] INFO  o.a.m.s.f.DefaultMavenResourcesFiltering - Copying 1 resource from src\main\resources to target\classes
2025-06-30 23:05:23,919 [Worker-49: Building] INFO  o.a.m.s.f.DefaultMavenResourcesFiltering - Copying 0 resource from src\main\resources to target\classes
2025-06-30 23:05:23,922 [Worker-49: Building] INFO  o.a.m.s.f.DefaultMavenResourcesFiltering - skip non existing resourceDirectory C:\Users\Usuario\OneDrive - CIBERTEC\Desktop\ProyectoFinalDSWII\ProyCitasMedicas\proy-citas-inkasalud\src\test\resources
2025-06-30 23:05:59,373 [Worker-54: Building] INFO  o.a.m.s.f.DefaultMavenResourcesFiltering - Copying 1 resource from src\main\resources to target\classes
2025-06-30 23:05:59,379 [Worker-54: Building] INFO  o.a.m.s.f.DefaultMavenResourcesFiltering - Copying 0 resource from src\main\resources to target\classes
2025-06-30 23:05:59,381 [Worker-54: Building] INFO  o.a.m.s.f.DefaultMavenResourcesFiltering - skip non existing resourceDirectory C:\Users\Usuario\OneDrive - CIBERTEC\Desktop\ProyectoFinalDSWII\ProyCitasMedicas\proy-citas-inkasalud\src\test\resources
2025-06-30 23:07:04,246 [Worker-57: Building] INFO  o.a.m.s.f.DefaultMavenResourcesFiltering - Copying 1 resource from src\main\resources to target\classes
2025-06-30 23:07:04,252 [Worker-57: Building] INFO  o.a.m.s.f.DefaultMavenResourcesFiltering - Copying 0 resource from src\main\resources to target\classes
2025-06-30 23:07:04,254 [Worker-57: Building] INFO  o.a.m.s.f.DefaultMavenResourcesFiltering - skip non existing resourceDirectory C:\Users\Usuario\OneDrive - CIBERTEC\Desktop\ProyectoFinalDSWII\ProyCitasMedicas\proy-citas-inkasalud\src\test\resources
2025-06-30 23:07:14,508 [Worker-58: Building] INFO  o.a.m.s.f.DefaultMavenResourcesFiltering - Copying 1 resource from src\main\resources to target\classes
2025-06-30 23:07:14,514 [Worker-58: Building] INFO  o.a.m.s.f.DefaultMavenResourcesFiltering - Copying 0 resource from src\main\resources to target\classes
2025-06-30 23:07:14,516 [Worker-58: Building] INFO  o.a.m.s.f.DefaultMavenResourcesFiltering - skip non existing resourceDirectory C:\Users\Usuario\OneDrive - CIBERTEC\Desktop\ProyectoFinalDSWII\ProyCitasMedicas\proy-citas-inkasalud\src\test\resources
2025-06-30 23:07:35,949 [Worker-54: Building] INFO  o.a.m.s.f.DefaultMavenResourcesFiltering - Copying 1 resource from src\main\resources to target\classes
2025-06-30 23:07:35,956 [Worker-54: Building] INFO  o.a.m.s.f.DefaultMavenResourcesFiltering - Copying 0 resource from src\main\resources to target\classes
2025-06-30 23:07:35,958 [Worker-54: Building] INFO  o.a.m.s.f.DefaultMavenResourcesFiltering - skip non existing resourceDirectory C:\Users\Usuario\OneDrive - CIBERTEC\Desktop\ProyectoFinalDSWII\ProyCitasMedicas\proy-citas-inkasalud\src\test\resources
2025-06-30 23:07:36,994 [Worker-57: Building] INFO  o.a.m.s.f.DefaultMavenResourcesFiltering - Copying 1 resource from src\main\resources to target\classes
2025-06-30 23:07:37,000 [Worker-57: Building] INFO  o.a.m.s.f.DefaultMavenResourcesFiltering - Copying 0 resource from src\main\resources to target\classes
2025-06-30 23:07:37,002 [Worker-57: Building] INFO  o.a.m.s.f.DefaultMavenResourcesFiltering - skip non existing resourceDirectory C:\Users\Usuario\OneDrive - CIBERTEC\Desktop\ProyectoFinalDSWII\ProyCitasMedicas\proy-citas-inkasalud\src\test\resources
2025-06-30 23:15:21,323 [Worker-54: Building] INFO  o.a.m.s.f.DefaultMavenResourcesFiltering - Copying 1 resource from src\main\resources to target\classes
2025-06-30 23:15:21,332 [Worker-54: Building] INFO  o.a.m.s.f.DefaultMavenResourcesFiltering - Copying 23 resources from src\main\resources to target\classes
2025-06-30 23:15:21,342 [Worker-54: Building] INFO  o.a.m.s.f.DefaultMavenResourcesFiltering - skip non existing resourceDirectory C:\Users\Usuario\OneDrive - CIBERTEC\Desktop\ProyectoFinalDSWII\ProyCitasMedicas\proy-citas-inkasalud\src\test\resources
2025-06-30 23:16:34,510 [Worker-57: Building] INFO  o.a.m.s.f.DefaultMavenResourcesFiltering - Copying 1 resource from src\main\resources to target\classes
2025-06-30 23:16:34,515 [Worker-57: Building] INFO  o.a.m.s.f.DefaultMavenResourcesFiltering - Copying 23 resources from src\main\resources to target\classes
2025-06-30 23:16:34,521 [Worker-57: Building] INFO  o.a.m.s.f.DefaultMavenResourcesFiltering - skip non existing resourceDirectory C:\Users\Usuario\OneDrive - CIBERTEC\Desktop\ProyectoFinalDSWII\ProyCitasMedicas\proy-citas-inkasalud\src\test\resources
2025-06-30 23:17:22,292 [Worker-57: Building] INFO  o.a.m.s.f.DefaultMavenResourcesFiltering - Copying 1 resource from src\main\resources to target\classes
2025-06-30 23:17:22,297 [Worker-57: Building] INFO  o.a.m.s.f.DefaultMavenResourcesFiltering - Copying 23 resources from src\main\resources to target\classes
2025-06-30 23:17:22,305 [Worker-57: Building] INFO  o.a.m.s.f.DefaultMavenResourcesFiltering - skip non existing resourceDirectory C:\Users\Usuario\OneDrive - CIBERTEC\Desktop\ProyectoFinalDSWII\ProyCitasMedicas\proy-citas-inkasalud\src\test\resources
2025-06-30 23:18:24,747 [Worker-62: Building] INFO  o.a.m.s.f.DefaultMavenResourcesFiltering - Copying 1 resource from src\main\resources to target\classes
2025-06-30 23:18:24,753 [Worker-62: Building] INFO  o.a.m.s.f.DefaultMavenResourcesFiltering - Copying 23 resources from src\main\resources to target\classes
2025-06-30 23:18:24,761 [Worker-62: Building] INFO  o.a.m.s.f.DefaultMavenResourcesFiltering - skip non existing resourceDirectory C:\Users\Usuario\OneDrive - CIBERTEC\Desktop\ProyectoFinalDSWII\ProyCitasMedicas\proy-citas-inkasalud\src\test\resources
2025-06-30 23:18:36,850 [Worker-54: Building] INFO  o.a.m.s.f.DefaultMavenResourcesFiltering - Copying 1 resource from src\main\resources to target\classes
2025-06-30 23:18:36,855 [Worker-54: Building] INFO  o.a.m.s.f.DefaultMavenResourcesFiltering - Copying 23 resources from src\main\resources to target\classes
2025-06-30 23:18:36,861 [Worker-54: Building] INFO  o.a.m.s.f.DefaultMavenResourcesFiltering - skip non existing resourceDirectory C:\Users\Usuario\OneDrive - CIBERTEC\Desktop\ProyectoFinalDSWII\ProyCitasMedicas\proy-citas-inkasalud\src\test\resources
2025-06-30 23:18:53,951 [Worker-63: Building] INFO  o.a.m.s.f.DefaultMavenResourcesFiltering - Copying 1 resource from src\main\resources to target\classes
2025-06-30 23:18:53,956 [Worker-63: Building] INFO  o.a.m.s.f.DefaultMavenResourcesFiltering - Copying 23 resources from src\main\resources to target\classes
2025-06-30 23:18:53,963 [Worker-63: Building] INFO  o.a.m.s.f.DefaultMavenResourcesFiltering - skip non existing resourceDirectory C:\Users\Usuario\OneDrive - CIBERTEC\Desktop\ProyectoFinalDSWII\ProyCitasMedicas\proy-citas-inkasalud\src\test\resources
2025-06-30 23:19:00,122 [Worker-54: Building] INFO  o.a.m.s.f.DefaultMavenResourcesFiltering - Copying 1 resource from src\main\resources to target\classes
2025-06-30 23:19:00,127 [Worker-54: Building] INFO  o.a.m.s.f.DefaultMavenResourcesFiltering - Copying 23 resources from src\main\resources to target\classes
2025-06-30 23:19:00,133 [Worker-54: Building] INFO  o.a.m.s.f.DefaultMavenResourcesFiltering - skip non existing resourceDirectory C:\Users\Usuario\OneDrive - CIBERTEC\Desktop\ProyectoFinalDSWII\ProyCitasMedicas\proy-citas-inkasalud\src\test\resources
2025-06-30 23:19:42,799 [Worker-62: Building] INFO  o.a.m.s.f.DefaultMavenResourcesFiltering - Copying 1 resource from src\main\resources to target\classes
2025-06-30 23:19:42,804 [Worker-62: Building] INFO  o.a.m.s.f.DefaultMavenResourcesFiltering - Copying 23 resources from src\main\resources to target\classes
2025-06-30 23:19:42,810 [Worker-62: Building] INFO  o.a.m.s.f.DefaultMavenResourcesFiltering - skip non existing resourceDirectory C:\Users\Usuario\OneDrive - CIBERTEC\Desktop\ProyectoFinalDSWII\ProyCitasMedicas\proy-citas-inkasalud\src\test\resources
2025-06-30 23:19:49,302 [Worker-63: Building] INFO  o.a.m.s.f.DefaultMavenResourcesFiltering - Copying 1 resource from src\main\resources to target\classes
2025-06-30 23:19:49,306 [Worker-63: Building] INFO  o.a.m.s.f.DefaultMavenResourcesFiltering - Copying 23 resources from src\main\resources to target\classes
2025-06-30 23:19:49,312 [Worker-63: Building] INFO  o.a.m.s.f.DefaultMavenResourcesFiltering - skip non existing resourceDirectory C:\Users\Usuario\OneDrive - CIBERTEC\Desktop\ProyectoFinalDSWII\ProyCitasMedicas\proy-citas-inkasalud\src\test\resources
2025-06-30 23:19:56,204 [Worker-63: Building] INFO  o.a.m.s.f.DefaultMavenResourcesFiltering - Copying 1 resource from src\main\resources to target\classes
2025-06-30 23:19:56,209 [Worker-63: Building] INFO  o.a.m.s.f.DefaultMavenResourcesFiltering - Copying 23 resources from src\main\resources to target\classes
2025-06-30 23:19:56,216 [Worker-63: Building] INFO  o.a.m.s.f.DefaultMavenResourcesFiltering - skip non existing resourceDirectory C:\Users\Usuario\OneDrive - CIBERTEC\Desktop\ProyectoFinalDSWII\ProyCitasMedicas\proy-citas-inkasalud\src\test\resources
2025-06-30 23:20:15,597 [Worker-54: Building] INFO  o.a.m.s.f.DefaultMavenResourcesFiltering - Copying 1 resource from src\main\resources to target\classes
2025-06-30 23:20:15,603 [Worker-54: Building] INFO  o.a.m.s.f.DefaultMavenResourcesFiltering - Copying 23 resources from src\main\resources to target\classes
2025-06-30 23:20:15,610 [Worker-54: Building] INFO  o.a.m.s.f.DefaultMavenResourcesFiltering - skip non existing resourceDirectory C:\Users\Usuario\OneDrive - CIBERTEC\Desktop\ProyectoFinalDSWII\ProyCitasMedicas\proy-citas-inkasalud\src\test\resources
2025-06-30 23:20:30,868 [Worker-64: Building] INFO  o.a.m.s.f.DefaultMavenResourcesFiltering - Copying 1 resource from src\main\resources to target\classes
2025-06-30 23:20:30,873 [Worker-64: Building] INFO  o.a.m.s.f.DefaultMavenResourcesFiltering - Copying 23 resources from src\main\resources to target\classes
2025-06-30 23:20:30,879 [Worker-64: Building] INFO  o.a.m.s.f.DefaultMavenResourcesFiltering - skip non existing resourceDirectory C:\Users\Usuario\OneDrive - CIBERTEC\Desktop\ProyectoFinalDSWII\ProyCitasMedicas\proy-citas-inkasalud\src\test\resources
2025-06-30 23:20:35,834 [Worker-62: Building] INFO  o.a.m.s.f.DefaultMavenResourcesFiltering - Copying 1 resource from src\main\resources to target\classes
2025-06-30 23:20:35,840 [Worker-62: Building] INFO  o.a.m.s.f.DefaultMavenResourcesFiltering - Copying 23 resources from src\main\resources to target\classes
2025-06-30 23:20:35,848 [Worker-62: Building] INFO  o.a.m.s.f.DefaultMavenResourcesFiltering - skip non existing resourceDirectory C:\Users\Usuario\OneDrive - CIBERTEC\Desktop\ProyectoFinalDSWII\ProyCitasMedicas\proy-citas-inkasalud\src\test\resources
2025-06-30 23:20:44,300 [Worker-57: Building] INFO  o.a.m.s.f.DefaultMavenResourcesFiltering - Copying 1 resource from src\main\resources to target\classes
2025-06-30 23:20:44,305 [Worker-57: Building] INFO  o.a.m.s.f.DefaultMavenResourcesFiltering - Copying 23 resources from src\main\resources to target\classes
2025-06-30 23:20:44,310 [Worker-57: Building] INFO  o.a.m.s.f.DefaultMavenResourcesFiltering - skip non existing resourceDirectory C:\Users\Usuario\OneDrive - CIBERTEC\Desktop\ProyectoFinalDSWII\ProyCitasMedicas\proy-citas-inkasalud\src\test\resources
2025-06-30 23:20:49,413 [Worker-61: Building] INFO  o.a.m.s.f.DefaultMavenResourcesFiltering - Copying 1 resource from src\main\resources to target\classes
2025-06-30 23:20:49,419 [Worker-61: Building] INFO  o.a.m.s.f.DefaultMavenResourcesFiltering - Copying 23 resources from src\main\resources to target\classes
2025-06-30 23:20:49,425 [Worker-61: Building] INFO  o.a.m.s.f.DefaultMavenResourcesFiltering - skip non existing resourceDirectory C:\Users\Usuario\OneDrive - CIBERTEC\Desktop\ProyectoFinalDSWII\ProyCitasMedicas\proy-citas-inkasalud\src\test\resources
2025-06-30 23:22:21,410 [Worker-57: Building] INFO  o.a.m.s.f.DefaultMavenResourcesFiltering - Copying 1 resource from src\main\resources to target\classes
2025-06-30 23:22:21,415 [Worker-57: Building] INFO  o.a.m.s.f.DefaultMavenResourcesFiltering - Copying 23 resources from src\main\resources to target\classes
2025-06-30 23:22:21,421 [Worker-57: Building] INFO  o.a.m.s.f.DefaultMavenResourcesFiltering - skip non existing resourceDirectory C:\Users\Usuario\OneDrive - CIBERTEC\Desktop\ProyectoFinalDSWII\ProyCitasMedicas\proy-citas-inkasalud\src\test\resources
2025-06-30 23:22:31,175 [Worker-64: Building] INFO  o.a.m.s.f.DefaultMavenResourcesFiltering - Copying 1 resource from src\main\resources to target\classes
2025-06-30 23:22:31,196 [Worker-64: Building] INFO  o.a.m.s.f.DefaultMavenResourcesFiltering - Copying 23 resources from src\main\resources to target\classes
2025-06-30 23:22:31,205 [Worker-64: Building] INFO  o.a.m.s.f.DefaultMavenResourcesFiltering - skip non existing resourceDirectory C:\Users\Usuario\OneDrive - CIBERTEC\Desktop\ProyectoFinalDSWII\ProyCitasMedicas\proy-citas-inkasalud\src\test\resources
2025-06-30 23:22:42,565 [Worker-62: Building] INFO  o.a.m.s.f.DefaultMavenResourcesFiltering - Copying 1 resource from src\main\resources to target\classes
2025-06-30 23:22:42,571 [Worker-62: Building] INFO  o.a.m.s.f.DefaultMavenResourcesFiltering - Copying 23 resources from src\main\resources to target\classes
2025-06-30 23:22:42,577 [Worker-62: Building] INFO  o.a.m.s.f.DefaultMavenResourcesFiltering - skip non existing resourceDirectory C:\Users\Usuario\OneDrive - CIBERTEC\Desktop\ProyectoFinalDSWII\ProyCitasMedicas\proy-citas-inkasalud\src\test\resources
2025-06-30 23:23:03,812 [Worker-63: Building] INFO  o.a.m.s.f.DefaultMavenResourcesFiltering - Copying 1 resource from src\main\resources to target\classes
2025-06-30 23:23:03,817 [Worker-63: Building] INFO  o.a.m.s.f.DefaultMavenResourcesFiltering - Copying 23 resources from src\main\resources to target\classes
2025-06-30 23:23:03,822 [Worker-63: Building] INFO  o.a.m.s.f.DefaultMavenResourcesFiltering - skip non existing resourceDirectory C:\Users\Usuario\OneDrive - CIBERTEC\Desktop\ProyectoFinalDSWII\ProyCitasMedicas\proy-citas-inkasalud\src\test\resources
2025-06-30 23:24:53,666 [Worker-63: Building] INFO  o.a.m.s.f.DefaultMavenResourcesFiltering - Copying 1 resource from src\main\resources to target\classes
2025-06-30 23:24:53,671 [Worker-63: Building] INFO  o.a.m.s.f.DefaultMavenResourcesFiltering - Copying 23 resources from src\main\resources to target\classes
2025-06-30 23:24:53,677 [Worker-63: Building] INFO  o.a.m.s.f.DefaultMavenResourcesFiltering - skip non existing resourceDirectory C:\Users\Usuario\OneDrive - CIBERTEC\Desktop\ProyectoFinalDSWII\ProyCitasMedicas\proy-citas-inkasalud\src\test\resources
2025-06-30 23:49:23,382 [Worker-70: Building] INFO  o.a.m.s.f.DefaultMavenResourcesFiltering - Copying 1 resource from src\main\resources to target\classes
2025-06-30 23:49:23,387 [Worker-70: Building] INFO  o.a.m.s.f.DefaultMavenResourcesFiltering - Copying 0 resource from src\main\resources to target\classes
2025-06-30 23:49:23,390 [Worker-70: Building] INFO  o.a.m.s.f.DefaultMavenResourcesFiltering - skip non existing resourceDirectory C:\Users\Usuario\OneDrive - CIBERTEC\Desktop\ProyectoFinalDSWII\ProyCitasMedicas\auth-api-rest-cm\src\test\resources
2025-06-30 23:51:49,256 [Worker-66: Building] INFO  o.a.m.s.f.DefaultMavenResourcesFiltering - Copying 1 resource from src\main\resources to target\classes
2025-06-30 23:51:49,260 [Worker-66: Building] INFO  o.a.m.s.f.DefaultMavenResourcesFiltering - Copying 0 resource from src\main\resources to target\classes
2025-06-30 23:51:49,263 [Worker-66: Building] INFO  o.a.m.s.f.DefaultMavenResourcesFiltering - skip non existing resourceDirectory C:\Users\Usuario\OneDrive - CIBERTEC\Desktop\ProyectoFinalDSWII\ProyCitasMedicas\auth-api-rest-cm\src\test\resources
2025-06-30 23:52:08,454 [Worker-69: Building] INFO  o.a.m.s.f.DefaultMavenResourcesFiltering - Copying 1 resource from src\main\resources to target\classes
2025-06-30 23:52:08,459 [Worker-69: Building] INFO  o.a.m.s.f.DefaultMavenResourcesFiltering - Copying 0 resource from src\main\resources to target\classes
2025-06-30 23:52:08,461 [Worker-69: Building] INFO  o.a.m.s.f.DefaultMavenResourcesFiltering - skip non existing resourceDirectory C:\Users\Usuario\OneDrive - CIBERTEC\Desktop\ProyectoFinalDSWII\ProyCitasMedicas\auth-api-rest-cm\src\test\resources
2025-06-30 23:52:25,698 [Worker-64: Building] INFO  o.a.m.s.f.DefaultMavenResourcesFiltering - Copying 1 resource from src\main\resources to target\classes
2025-06-30 23:52:25,702 [Worker-64: Building] INFO  o.a.m.s.f.DefaultMavenResourcesFiltering - Copying 0 resource from src\main\resources to target\classes
2025-06-30 23:52:25,704 [Worker-64: Building] INFO  o.a.m.s.f.DefaultMavenResourcesFiltering - skip non existing resourceDirectory C:\Users\Usuario\OneDrive - CIBERTEC\Desktop\ProyectoFinalDSWII\ProyCitasMedicas\auth-api-rest-cm\src\test\resources
2025-06-30 23:52:45,574 [Worker-69: Updating Maven Project] INFO  o.e.m.c.i.p.ProjectConfigurationManager - Update started
2025-06-30 23:52:45,994 [Worker-69: Updating Maven Project] INFO  o.e.m.c.i.l.LifecycleMappingFactory - Using org.eclipse.m2e.jdt.JarLifecycleMapping lifecycle mapping for MavenProject: com.cibertec.edu:spring-security-api-rest:1.0.0 @ C:\Users\Usuario\OneDrive - CIBERTEC\Desktop\ProyectoFinalDSWII\ProyCitasMedicas\proy-citas-inkasalud\pom.xml.
2025-06-30 23:52:46,479 [Worker-69: Updating Maven Project] INFO  o.e.m.j.i.AbstractJavaProjectConfigurator - Adding source folder /proy-citas-inkasalud/src/main/java
2025-06-30 23:52:46,480 [Worker-69: Updating Maven Project] INFO  o.e.m.j.i.AbstractJavaProjectConfigurator - Adding resource folder /proy-citas-inkasalud/src/main/resources
2025-06-30 23:52:46,480 [Worker-69: Updating Maven Project] INFO  o.e.m.j.i.AbstractJavaProjectConfigurator - Adding resource folder /proy-citas-inkasalud/src/main/resources
2025-06-30 23:52:46,480 [Worker-69: Updating Maven Project] INFO  o.e.m.j.i.AbstractJavaProjectConfigurator - Adding source folder /proy-citas-inkasalud/src/test/java
2025-06-30 23:52:46,481 [Worker-69: Updating Maven Project] INFO  o.e.m.j.i.AbstractJavaProjectConfigurator - Adding resource folder /proy-citas-inkasalud/src/test/resources
2025-06-30 23:52:46,742 [Worker-69: Updating Maven Project] INFO  o.e.m.c.i.p.ProjectConfigurationManager - Update completed for 1 poms: local refresh takes 0,00 sec, refresh facades takes 0,00 sec, update config takes 0,00 sec 
2025-06-30 23:52:47,110 [Worker-66: Building] INFO  o.a.m.s.f.DefaultMavenResourcesFiltering - Copying 1 resource from src\main\resources to target\classes
2025-06-30 23:52:47,131 [Worker-66: Building] INFO  o.a.m.s.f.DefaultMavenResourcesFiltering - Copying 23 resources from src\main\resources to target\classes
2025-06-30 23:52:47,156 [Worker-66: Building] INFO  o.a.m.s.f.DefaultMavenResourcesFiltering - skip non existing resourceDirectory C:\Users\Usuario\OneDrive - CIBERTEC\Desktop\ProyectoFinalDSWII\ProyCitasMedicas\proy-citas-inkasalud\src\test\resources
2025-06-30 23:57:02,580 [Worker-64: Building] INFO  o.a.m.s.f.DefaultMavenResourcesFiltering - Copying 1 resource from src\main\resources to target\classes
2025-06-30 23:57:02,596 [Worker-64: Building] INFO  o.a.m.s.f.DefaultMavenResourcesFiltering - Copying 0 resource from src\main\resources to target\classes
2025-06-30 23:57:02,601 [Worker-64: Building] INFO  o.a.m.s.f.DefaultMavenResourcesFiltering - skip non existing resourceDirectory C:\Users\Usuario\OneDrive - CIBERTEC\Desktop\ProyectoFinalDSWII\ProyCitasMedicas\auth-api-rest-cm\src\test\resources
2025-07-01 14:51:55,403 [Worker-2: Loading available Gradle versions] INFO  o.e.b.c.i.u.g.PublishedGradleVersions - Gradle version information cache is up-to-date. Trying to read.
2025-07-01 15:38:48,321 [Worker-46: Building] INFO  o.e.m.c.i.l.LifecycleMappingFactory - Using org.eclipse.m2e.jdt.JarLifecycleMapping lifecycle mapping for MavenProject: com.cibertec.edu:spring-security-api-rest:1.0.0 @ C:\Users\Usuario\OneDrive - CIBERTEC\Desktop\ProyectoFinalDSWII\ProyCitasMedicas\proy-citas-inkasalud\pom.xml.
2025-07-01 15:38:48,909 [Worker-46: Building] INFO  o.e.m.c.i.e.AbstractTransferListenerAdapter - Downloading https://repo.maven.apache.org/maven2/io/jsonwebtoken/jjwt-api/0.12.3/jjwt-api-0.12.3.pom
2025-07-01 15:38:48,921 [Worker-46: Building] INFO  o.e.m.c.i.e.AbstractTransferListenerAdapter - Downloaded https://repo.maven.apache.org/maven2/io/jsonwebtoken/jjwt-api/0.12.3/jjwt-api-0.12.3.pom
2025-07-01 15:38:48,933 [Worker-46: Building] INFO  o.e.m.c.i.e.AbstractTransferListenerAdapter - Downloading https://repo.maven.apache.org/maven2/io/jsonwebtoken/jjwt-root/0.12.3/jjwt-root-0.12.3.pom
2025-07-01 15:38:48,968 [Worker-46: Building] INFO  o.e.m.c.i.e.AbstractTransferListenerAdapter - Downloaded https://repo.maven.apache.org/maven2/io/jsonwebtoken/jjwt-root/0.12.3/jjwt-root-0.12.3.pom
2025-07-01 15:38:48,979 [Worker-46: Building] INFO  o.e.m.c.i.e.AbstractTransferListenerAdapter - Downloading https://repo.maven.apache.org/maven2/io/jsonwebtoken/jjwt-impl/0.12.3/jjwt-impl-0.12.3.pom
2025-07-01 15:38:48,982 [Worker-46: Building] INFO  o.e.m.c.i.e.AbstractTransferListenerAdapter - Downloaded https://repo.maven.apache.org/maven2/io/jsonwebtoken/jjwt-impl/0.12.3/jjwt-impl-0.12.3.pom
2025-07-01 15:38:49,000 [Worker-46: Building] INFO  o.e.m.c.i.e.AbstractTransferListenerAdapter - Downloading https://repo.maven.apache.org/maven2/io/jsonwebtoken/jjwt-jackson/0.12.3/jjwt-jackson-0.12.3.pom
2025-07-01 15:38:49,003 [Worker-46: Building] INFO  o.e.m.c.i.e.AbstractTransferListenerAdapter - Downloaded https://repo.maven.apache.org/maven2/io/jsonwebtoken/jjwt-jackson/0.12.3/jjwt-jackson-0.12.3.pom
2025-07-01 15:38:49,092 [Worker-46: Building] INFO  o.e.m.c.i.e.AbstractTransferListenerAdapter - Downloading https://repo.maven.apache.org/maven2/io/jsonwebtoken/jjwt-api/0.12.3/jjwt-api-0.12.3.jar
2025-07-01 15:38:49,108 [Worker-46: Building] INFO  o.e.m.c.i.e.AbstractTransferListenerAdapter - Downloaded https://repo.maven.apache.org/maven2/io/jsonwebtoken/jjwt-api/0.12.3/jjwt-api-0.12.3.jar
2025-07-01 15:38:49,117 [BasicRepositoryConnector-repo.maven.apache.org-0-1] INFO  o.e.m.c.i.e.AbstractTransferListenerAdapter - Downloading https://repo.maven.apache.org/maven2/io/jsonwebtoken/jjwt-jackson/0.12.3/jjwt-jackson-0.12.3.jar
2025-07-01 15:38:49,121 [BasicRepositoryConnector-repo.maven.apache.org-0-1] INFO  o.e.m.c.i.e.AbstractTransferListenerAdapter - Downloaded https://repo.maven.apache.org/maven2/io/jsonwebtoken/jjwt-jackson/0.12.3/jjwt-jackson-0.12.3.jar
2025-07-01 15:38:49,128 [BasicRepositoryConnector-repo.maven.apache.org-0-0] INFO  o.e.m.c.i.e.AbstractTransferListenerAdapter - Downloading https://repo.maven.apache.org/maven2/io/jsonwebtoken/jjwt-impl/0.12.3/jjwt-impl-0.12.3.jar
2025-07-01 15:38:49,144 [BasicRepositoryConnector-repo.maven.apache.org-0-0] INFO  o.e.m.c.i.e.AbstractTransferListenerAdapter - Downloaded https://repo.maven.apache.org/maven2/io/jsonwebtoken/jjwt-impl/0.12.3/jjwt-impl-0.12.3.jar
2025-07-01 15:38:49,824 [Worker-46: Building] INFO  o.a.m.s.f.DefaultMavenResourcesFiltering - Copying 1 resource from src\main\resources to target\classes
2025-07-01 15:38:49,840 [Worker-46: Building] INFO  o.a.m.s.f.DefaultMavenResourcesFiltering - Copying 23 resources from src\main\resources to target\classes
2025-07-01 15:38:49,849 [Worker-46: Building] INFO  o.a.m.s.f.DefaultMavenResourcesFiltering - skip non existing resourceDirectory C:\Users\Usuario\OneDrive - CIBERTEC\Desktop\ProyectoFinalDSWII\ProyCitasMedicas\proy-citas-inkasalud\src\test\resources
2025-07-01 15:38:50,669 [Worker-44: Download sources and javadoc] INFO  o.e.m.c.i.e.AbstractTransferListenerAdapter - Downloading https://repo.maven.apache.org/maven2/io/jsonwebtoken/jjwt-api/0.12.3/jjwt-api-0.12.3-sources.jar
2025-07-01 15:38:50,683 [Worker-44: Download sources and javadoc] INFO  o.e.m.c.i.e.AbstractTransferListenerAdapter - Downloaded https://repo.maven.apache.org/maven2/io/jsonwebtoken/jjwt-api/0.12.3/jjwt-api-0.12.3-sources.jar
2025-07-01 15:38:50,686 [Worker-44: Download sources and javadoc] INFO  o.e.m.j.internal.DownloadSourcesJob - Downloaded sources for io.jsonwebtoken:jjwt-api:0.12.3
2025-07-01 15:38:50,707 [Worker-44: Download sources and javadoc] INFO  o.e.m.c.i.e.AbstractTransferListenerAdapter - Downloading https://repo.maven.apache.org/maven2/io/jsonwebtoken/jjwt-impl/0.12.3/jjwt-impl-0.12.3-sources.jar
2025-07-01 15:38:50,719 [Worker-44: Download sources and javadoc] INFO  o.e.m.c.i.e.AbstractTransferListenerAdapter - Downloaded https://repo.maven.apache.org/maven2/io/jsonwebtoken/jjwt-impl/0.12.3/jjwt-impl-0.12.3-sources.jar
2025-07-01 15:38:50,722 [Worker-44: Download sources and javadoc] INFO  o.e.m.j.internal.DownloadSourcesJob - Downloaded sources for io.jsonwebtoken:jjwt-impl:0.12.3
2025-07-01 15:38:50,831 [Worker-44: Download sources and javadoc] INFO  o.e.m.c.i.e.AbstractTransferListenerAdapter - Downloading https://repo.maven.apache.org/maven2/io/jsonwebtoken/jjwt-jackson/0.12.3/jjwt-jackson-0.12.3-sources.jar
2025-07-01 15:38:50,834 [Worker-44: Download sources and javadoc] INFO  o.e.m.c.i.e.AbstractTransferListenerAdapter - Downloaded https://repo.maven.apache.org/maven2/io/jsonwebtoken/jjwt-jackson/0.12.3/jjwt-jackson-0.12.3-sources.jar
2025-07-01 15:38:50,836 [Worker-44: Download sources and javadoc] INFO  o.e.m.j.internal.DownloadSourcesJob - Downloaded sources for io.jsonwebtoken:jjwt-jackson:0.12.3
2025-07-01 15:38:51,965 [Worker-48: Building] INFO  o.a.m.s.f.DefaultMavenResourcesFiltering - Copying 1 resource from src\main\resources to target\classes
2025-07-01 15:38:51,991 [Worker-48: Building] INFO  o.a.m.s.f.DefaultMavenResourcesFiltering - Copying 23 resources from src\main\resources to target\classes
2025-07-01 15:38:52,020 [Worker-48: Building] INFO  o.a.m.s.f.DefaultMavenResourcesFiltering - skip non existing resourceDirectory C:\Users\Usuario\OneDrive - CIBERTEC\Desktop\ProyectoFinalDSWII\ProyCitasMedicas\proy-citas-inkasalud\src\test\resources
2025-07-01 16:35:52,369 [Worker-4: Loading available Gradle versions] INFO  o.e.b.c.i.u.g.PublishedGradleVersions - Gradle version information cache is up-to-date. Trying to read.
2025-07-01 17:57:31,443 [Worker-30: Building] INFO  o.a.m.s.f.DefaultMavenResourcesFiltering - Copying 1 resource from src\main\resources to target\classes
2025-07-01 17:57:31,478 [Worker-30: Building] INFO  o.a.m.s.f.DefaultMavenResourcesFiltering - Copying 23 resources from src\main\resources to target\classes
2025-07-01 17:57:31,489 [Worker-30: Building] INFO  o.a.m.s.f.DefaultMavenResourcesFiltering - skip non existing resourceDirectory C:\Users\Usuario\OneDrive - CIBERTEC\Desktop\ProyectoFinalDSWII\ProyCitasMedicas\proy-citas-inkasalud\src\test\resources
2025-07-01 17:57:43,071 [Worker-30: Building] INFO  o.a.m.s.f.DefaultMavenResourcesFiltering - Copying 1 resource from src\main\resources to target\classes
2025-07-01 17:57:43,076 [Worker-30: Building] INFO  o.a.m.s.f.DefaultMavenResourcesFiltering - Copying 23 resources from src\main\resources to target\classes
2025-07-01 17:57:43,083 [Worker-30: Building] INFO  o.a.m.s.f.DefaultMavenResourcesFiltering - skip non existing resourceDirectory C:\Users\Usuario\OneDrive - CIBERTEC\Desktop\ProyectoFinalDSWII\ProyCitasMedicas\proy-citas-inkasalud\src\test\resources
2025-07-01 17:58:56,139 [Worker-32: Building] INFO  o.a.m.s.f.DefaultMavenResourcesFiltering - Copying 1 resource from src\main\resources to target\classes
2025-07-01 17:58:56,146 [Worker-32: Building] INFO  o.a.m.s.f.DefaultMavenResourcesFiltering - Copying 23 resources from src\main\resources to target\classes
2025-07-01 17:58:56,153 [Worker-32: Building] INFO  o.a.m.s.f.DefaultMavenResourcesFiltering - skip non existing resourceDirectory C:\Users\Usuario\OneDrive - CIBERTEC\Desktop\ProyectoFinalDSWII\ProyCitasMedicas\proy-citas-inkasalud\src\test\resources
2025-07-01 17:59:06,952 [Worker-23: Building] INFO  o.a.m.s.f.DefaultMavenResourcesFiltering - Copying 1 resource from src\main\resources to target\classes
2025-07-01 17:59:06,958 [Worker-23: Building] INFO  o.a.m.s.f.DefaultMavenResourcesFiltering - Copying 23 resources from src\main\resources to target\classes
2025-07-01 17:59:06,966 [Worker-23: Building] INFO  o.a.m.s.f.DefaultMavenResourcesFiltering - skip non existing resourceDirectory C:\Users\Usuario\OneDrive - CIBERTEC\Desktop\ProyectoFinalDSWII\ProyCitasMedicas\proy-citas-inkasalud\src\test\resources
2025-07-01 17:59:14,215 [Worker-34: Building] INFO  o.a.m.s.f.DefaultMavenResourcesFiltering - Copying 1 resource from src\main\resources to target\classes
2025-07-01 17:59:14,220 [Worker-34: Building] INFO  o.a.m.s.f.DefaultMavenResourcesFiltering - Copying 23 resources from src\main\resources to target\classes
2025-07-01 17:59:14,227 [Worker-34: Building] INFO  o.a.m.s.f.DefaultMavenResourcesFiltering - skip non existing resourceDirectory C:\Users\Usuario\OneDrive - CIBERTEC\Desktop\ProyectoFinalDSWII\ProyCitasMedicas\proy-citas-inkasalud\src\test\resources
2025-07-01 17:59:21,780 [Worker-36: Building] INFO  o.a.m.s.f.DefaultMavenResourcesFiltering - Copying 1 resource from src\main\resources to target\classes
2025-07-01 17:59:21,786 [Worker-36: Building] INFO  o.a.m.s.f.DefaultMavenResourcesFiltering - Copying 23 resources from src\main\resources to target\classes
2025-07-01 17:59:21,793 [Worker-36: Building] INFO  o.a.m.s.f.DefaultMavenResourcesFiltering - skip non existing resourceDirectory C:\Users\Usuario\OneDrive - CIBERTEC\Desktop\ProyectoFinalDSWII\ProyCitasMedicas\proy-citas-inkasalud\src\test\resources
2025-07-01 18:00:07,191 [Worker-34: Building] INFO  o.a.m.s.f.DefaultMavenResourcesFiltering - Copying 1 resource from src\main\resources to target\classes
2025-07-01 18:00:07,197 [Worker-34: Building] INFO  o.a.m.s.f.DefaultMavenResourcesFiltering - Copying 23 resources from src\main\resources to target\classes
2025-07-01 18:00:07,204 [Worker-34: Building] INFO  o.a.m.s.f.DefaultMavenResourcesFiltering - skip non existing resourceDirectory C:\Users\Usuario\OneDrive - CIBERTEC\Desktop\ProyectoFinalDSWII\ProyCitasMedicas\proy-citas-inkasalud\src\test\resources
2025-07-01 18:00:15,359 [Worker-30: Building] INFO  o.a.m.s.f.DefaultMavenResourcesFiltering - Copying 1 resource from src\main\resources to target\classes
2025-07-01 18:00:15,364 [Worker-30: Building] INFO  o.a.m.s.f.DefaultMavenResourcesFiltering - Copying 23 resources from src\main\resources to target\classes
2025-07-01 18:00:15,371 [Worker-30: Building] INFO  o.a.m.s.f.DefaultMavenResourcesFiltering - skip non existing resourceDirectory C:\Users\Usuario\OneDrive - CIBERTEC\Desktop\ProyectoFinalDSWII\ProyCitasMedicas\proy-citas-inkasalud\src\test\resources
2025-07-01 18:00:27,170 [Worker-23: Building] INFO  o.a.m.s.f.DefaultMavenResourcesFiltering - Copying 1 resource from src\main\resources to target\classes
2025-07-01 18:00:27,175 [Worker-23: Building] INFO  o.a.m.s.f.DefaultMavenResourcesFiltering - Copying 23 resources from src\main\resources to target\classes
2025-07-01 18:00:27,182 [Worker-23: Building] INFO  o.a.m.s.f.DefaultMavenResourcesFiltering - skip non existing resourceDirectory C:\Users\Usuario\OneDrive - CIBERTEC\Desktop\ProyectoFinalDSWII\ProyCitasMedicas\proy-citas-inkasalud\src\test\resources
2025-07-01 18:00:33,829 [Worker-32: Building] INFO  o.a.m.s.f.DefaultMavenResourcesFiltering - Copying 1 resource from src\main\resources to target\classes
2025-07-01 18:00:33,834 [Worker-32: Building] INFO  o.a.m.s.f.DefaultMavenResourcesFiltering - Copying 23 resources from src\main\resources to target\classes
2025-07-01 18:00:33,840 [Worker-32: Building] INFO  o.a.m.s.f.DefaultMavenResourcesFiltering - skip non existing resourceDirectory C:\Users\Usuario\OneDrive - CIBERTEC\Desktop\ProyectoFinalDSWII\ProyCitasMedicas\proy-citas-inkasalud\src\test\resources
2025-07-01 18:01:17,657 [Worker-32: Building] INFO  o.a.m.s.f.DefaultMavenResourcesFiltering - Copying 1 resource from src\main\resources to target\classes
2025-07-01 18:01:17,662 [Worker-32: Building] INFO  o.a.m.s.f.DefaultMavenResourcesFiltering - Copying 23 resources from src\main\resources to target\classes
2025-07-01 18:01:17,667 [Worker-32: Building] INFO  o.a.m.s.f.DefaultMavenResourcesFiltering - skip non existing resourceDirectory C:\Users\Usuario\OneDrive - CIBERTEC\Desktop\ProyectoFinalDSWII\ProyCitasMedicas\proy-citas-inkasalud\src\test\resources
2025-07-01 18:01:37,173 [Worker-30: Building] INFO  o.a.m.s.f.DefaultMavenResourcesFiltering - Copying 1 resource from src\main\resources to target\classes
2025-07-01 18:01:37,178 [Worker-30: Building] INFO  o.a.m.s.f.DefaultMavenResourcesFiltering - Copying 23 resources from src\main\resources to target\classes
2025-07-01 18:01:37,184 [Worker-30: Building] INFO  o.a.m.s.f.DefaultMavenResourcesFiltering - skip non existing resourceDirectory C:\Users\Usuario\OneDrive - CIBERTEC\Desktop\ProyectoFinalDSWII\ProyCitasMedicas\proy-citas-inkasalud\src\test\resources
2025-07-01 18:01:39,464 [Worker-23: Building] INFO  o.a.m.s.f.DefaultMavenResourcesFiltering - Copying 1 resource from src\main\resources to target\classes
2025-07-01 18:01:39,469 [Worker-23: Building] INFO  o.a.m.s.f.DefaultMavenResourcesFiltering - Copying 23 resources from src\main\resources to target\classes
2025-07-01 18:01:39,475 [Worker-23: Building] INFO  o.a.m.s.f.DefaultMavenResourcesFiltering - skip non existing resourceDirectory C:\Users\Usuario\OneDrive - CIBERTEC\Desktop\ProyectoFinalDSWII\ProyCitasMedicas\proy-citas-inkasalud\src\test\resources
2025-07-01 18:02:01,492 [Worker-37: Building] INFO  o.a.m.s.f.DefaultMavenResourcesFiltering - Copying 1 resource from src\main\resources to target\classes
2025-07-01 18:02:01,497 [Worker-37: Building] INFO  o.a.m.s.f.DefaultMavenResourcesFiltering - Copying 23 resources from src\main\resources to target\classes
2025-07-01 18:02:01,504 [Worker-37: Building] INFO  o.a.m.s.f.DefaultMavenResourcesFiltering - skip non existing resourceDirectory C:\Users\Usuario\OneDrive - CIBERTEC\Desktop\ProyectoFinalDSWII\ProyCitasMedicas\proy-citas-inkasalud\src\test\resources
2025-07-01 18:02:05,339 [Worker-34: Building] INFO  o.a.m.s.f.DefaultMavenResourcesFiltering - Copying 1 resource from src\main\resources to target\classes
2025-07-01 18:02:05,344 [Worker-34: Building] INFO  o.a.m.s.f.DefaultMavenResourcesFiltering - Copying 23 resources from src\main\resources to target\classes
2025-07-01 18:02:05,351 [Worker-34: Building] INFO  o.a.m.s.f.DefaultMavenResourcesFiltering - skip non existing resourceDirectory C:\Users\Usuario\OneDrive - CIBERTEC\Desktop\ProyectoFinalDSWII\ProyCitasMedicas\proy-citas-inkasalud\src\test\resources
2025-07-01 18:02:09,951 [Worker-37: Building] INFO  o.a.m.s.f.DefaultMavenResourcesFiltering - Copying 1 resource from src\main\resources to target\classes
2025-07-01 18:02:09,956 [Worker-37: Building] INFO  o.a.m.s.f.DefaultMavenResourcesFiltering - Copying 23 resources from src\main\resources to target\classes
2025-07-01 18:02:09,962 [Worker-37: Building] INFO  o.a.m.s.f.DefaultMavenResourcesFiltering - skip non existing resourceDirectory C:\Users\Usuario\OneDrive - CIBERTEC\Desktop\ProyectoFinalDSWII\ProyCitasMedicas\proy-citas-inkasalud\src\test\resources
2025-07-01 18:02:18,659 [Worker-23: Building] INFO  o.a.m.s.f.DefaultMavenResourcesFiltering - Copying 1 resource from src\main\resources to target\classes
2025-07-01 18:02:18,664 [Worker-23: Building] INFO  o.a.m.s.f.DefaultMavenResourcesFiltering - Copying 23 resources from src\main\resources to target\classes
2025-07-01 18:02:18,671 [Worker-23: Building] INFO  o.a.m.s.f.DefaultMavenResourcesFiltering - skip non existing resourceDirectory C:\Users\Usuario\OneDrive - CIBERTEC\Desktop\ProyectoFinalDSWII\ProyCitasMedicas\proy-citas-inkasalud\src\test\resources
2025-07-01 18:02:24,924 [Worker-30: Building] INFO  o.a.m.s.f.DefaultMavenResourcesFiltering - Copying 1 resource from src\main\resources to target\classes
2025-07-01 18:02:24,930 [Worker-30: Building] INFO  o.a.m.s.f.DefaultMavenResourcesFiltering - Copying 23 resources from src\main\resources to target\classes
2025-07-01 18:02:24,938 [Worker-30: Building] INFO  o.a.m.s.f.DefaultMavenResourcesFiltering - skip non existing resourceDirectory C:\Users\Usuario\OneDrive - CIBERTEC\Desktop\ProyectoFinalDSWII\ProyCitasMedicas\proy-citas-inkasalud\src\test\resources
2025-07-01 18:02:28,777 [Worker-35: Building] INFO  o.a.m.s.f.DefaultMavenResourcesFiltering - Copying 1 resource from src\main\resources to target\classes
2025-07-01 18:02:28,782 [Worker-35: Building] INFO  o.a.m.s.f.DefaultMavenResourcesFiltering - Copying 23 resources from src\main\resources to target\classes
2025-07-01 18:02:28,788 [Worker-35: Building] INFO  o.a.m.s.f.DefaultMavenResourcesFiltering - skip non existing resourceDirectory C:\Users\Usuario\OneDrive - CIBERTEC\Desktop\ProyectoFinalDSWII\ProyCitasMedicas\proy-citas-inkasalud\src\test\resources
2025-07-01 18:03:22,537 [Worker-34: Building] INFO  o.a.m.s.f.DefaultMavenResourcesFiltering - Copying 1 resource from src\main\resources to target\classes
2025-07-01 18:03:22,544 [Worker-34: Building] INFO  o.a.m.s.f.DefaultMavenResourcesFiltering - Copying 0 resource from src\main\resources to target\classes
2025-07-01 18:03:22,546 [Worker-34: Building] INFO  o.a.m.s.f.DefaultMavenResourcesFiltering - skip non existing resourceDirectory C:\Users\Usuario\OneDrive - CIBERTEC\Desktop\ProyectoFinalDSWII\ProyCitasMedicas\proy-citas-inkasalud\src\test\resources
2025-07-01 18:03:29,764 [Worker-34: Updating Maven Project] INFO  o.e.m.c.i.p.ProjectConfigurationManager - Update started
2025-07-01 18:03:30,386 [Worker-34: Updating Maven Project] INFO  o.e.m.c.i.l.LifecycleMappingFactory - Using org.eclipse.m2e.jdt.JarLifecycleMapping lifecycle mapping for MavenProject: com.cibertec.edu:spring-security-api-rest:1.0.0 @ C:\Users\Usuario\OneDrive - CIBERTEC\Desktop\ProyectoFinalDSWII\ProyCitasMedicas\proy-citas-inkasalud\pom.xml.
2025-07-01 18:03:31,128 [Worker-34: Updating Maven Project] INFO  o.e.m.j.i.AbstractJavaProjectConfigurator - Adding source folder /proy-citas-inkasalud/src/main/java
2025-07-01 18:03:31,133 [Worker-34: Updating Maven Project] INFO  o.e.m.j.i.AbstractJavaProjectConfigurator - Adding resource folder /proy-citas-inkasalud/src/main/resources
2025-07-01 18:03:31,133 [Worker-34: Updating Maven Project] INFO  o.e.m.j.i.AbstractJavaProjectConfigurator - Adding resource folder /proy-citas-inkasalud/src/main/resources
2025-07-01 18:03:31,134 [Worker-34: Updating Maven Project] INFO  o.e.m.j.i.AbstractJavaProjectConfigurator - Adding source folder /proy-citas-inkasalud/src/test/java
2025-07-01 18:03:31,136 [Worker-34: Updating Maven Project] INFO  o.e.m.j.i.AbstractJavaProjectConfigurator - Adding resource folder /proy-citas-inkasalud/src/test/resources
2025-07-01 18:03:31,698 [Worker-34: Updating Maven Project] INFO  o.e.m.c.i.p.ProjectConfigurationManager - Update completed for 1 poms: local refresh takes 0,00 sec, refresh facades takes 1,00 sec, update config takes 0,00 sec 
2025-07-01 18:03:32,225 [Worker-32: Building] INFO  o.a.m.s.f.DefaultMavenResourcesFiltering - Copying 1 resource from src\main\resources to target\classes
2025-07-01 18:03:32,242 [Worker-32: Building] INFO  o.a.m.s.f.DefaultMavenResourcesFiltering - Copying 23 resources from src\main\resources to target\classes
2025-07-01 18:03:32,278 [Worker-32: Building] INFO  o.a.m.s.f.DefaultMavenResourcesFiltering - skip non existing resourceDirectory C:\Users\Usuario\OneDrive - CIBERTEC\Desktop\ProyectoFinalDSWII\ProyCitasMedicas\proy-citas-inkasalud\src\test\resources
2025-07-01 18:15:10,387 [Worker-40: Building] INFO  o.e.m.c.i.l.LifecycleMappingFactory - Using org.eclipse.m2e.jdt.JarLifecycleMapping lifecycle mapping for MavenProject: pe.cibertec.edu.pe:citas-medicas:0.0.1-SNAPSHOT @ C:\Users\Usuario\OneDrive - CIBERTEC\Desktop\ProyectoFinalDSWII\ProyCitasMedicas\proy-citas-inkasalud\pom.xml.
2025-07-01 18:15:10,716 [Worker-40: Building] INFO  o.a.m.s.f.DefaultMavenResourcesFiltering - Copying 0 resource from src\main\resources to target\classes
2025-07-01 18:15:10,719 [Worker-40: Building] INFO  o.a.m.s.f.DefaultMavenResourcesFiltering - Copying 0 resource from src\main\resources to target\classes
2025-07-01 18:15:10,723 [Worker-40: Building] INFO  o.a.m.s.f.DefaultMavenResourcesFiltering - skip non existing resourceDirectory C:\Users\Usuario\OneDrive - CIBERTEC\Desktop\ProyectoFinalDSWII\ProyCitasMedicas\proy-citas-inkasalud\src\test\resources
2025-07-01 18:15:11,094 [Worker-40: Updating Maven Project] INFO  o.e.m.c.i.p.ProjectConfigurationManager - Update started
2025-07-01 18:15:11,539 [Worker-40: Updating Maven Project] INFO  o.e.m.c.i.l.LifecycleMappingFactory - Using org.eclipse.m2e.jdt.JarLifecycleMapping lifecycle mapping for MavenProject: pe.cibertec.edu.pe:citas-medicas:0.0.1-SNAPSHOT @ C:\Users\Usuario\OneDrive - CIBERTEC\Desktop\ProyectoFinalDSWII\ProyCitasMedicas\proy-citas-inkasalud\pom.xml.
2025-07-01 18:15:12,107 [Worker-47: Download sources and javadoc] INFO  o.e.m.c.i.e.AbstractTransferListenerAdapter - Downloading https://repo.maven.apache.org/maven2/org/springframework/boot/spring-boot-starter-data-jpa/3.3.5/spring-boot-starter-data-jpa-3.3.5-sources.jar
2025-07-01 18:15:12,172 [Worker-47: Download sources and javadoc] INFO  o.e.m.c.i.e.AbstractTransferListenerAdapter - Downloaded https://repo.maven.apache.org/maven2/org/springframework/boot/spring-boot-starter-data-jpa/3.3.5/spring-boot-starter-data-jpa-3.3.5-sources.jar
2025-07-01 18:15:12,180 [Worker-47: Download sources and javadoc] INFO  o.e.m.j.internal.DownloadSourcesJob - Downloaded sources for org.springframework.boot:spring-boot-starter-data-jpa:3.3.5
2025-07-01 18:15:12,212 [Worker-47: Download sources and javadoc] INFO  o.e.m.c.i.e.AbstractTransferListenerAdapter - Downloading https://repo.maven.apache.org/maven2/org/springframework/boot/spring-boot-starter-aop/3.3.5/spring-boot-starter-aop-3.3.5-sources.jar
2025-07-01 18:15:12,218 [Worker-47: Download sources and javadoc] INFO  o.e.m.c.i.e.AbstractTransferListenerAdapter - Downloaded https://repo.maven.apache.org/maven2/org/springframework/boot/spring-boot-starter-aop/3.3.5/spring-boot-starter-aop-3.3.5-sources.jar
2025-07-01 18:15:12,223 [Worker-47: Download sources and javadoc] INFO  o.e.m.j.internal.DownloadSourcesJob - Downloaded sources for org.springframework.boot:spring-boot-starter-aop:3.3.5
2025-07-01 18:15:12,249 [Worker-47: Download sources and javadoc] INFO  o.e.m.c.i.e.AbstractTransferListenerAdapter - Downloading https://repo.maven.apache.org/maven2/org/springframework/spring-aop/6.1.14/spring-aop-6.1.14-sources.jar
2025-07-01 18:15:12,281 [Worker-47: Download sources and javadoc] INFO  o.e.m.c.i.e.AbstractTransferListenerAdapter - Downloaded https://repo.maven.apache.org/maven2/org/springframework/spring-aop/6.1.14/spring-aop-6.1.14-sources.jar
2025-07-01 18:15:12,285 [Worker-47: Download sources and javadoc] INFO  o.e.m.j.internal.DownloadSourcesJob - Downloaded sources for org.springframework:spring-aop:6.1.14
2025-07-01 18:15:12,312 [Worker-47: Download sources and javadoc] INFO  o.e.m.c.i.e.AbstractTransferListenerAdapter - Downloading https://repo.maven.apache.org/maven2/org/aspectj/aspectjweaver/1.9.22.1/aspectjweaver-1.9.22.1-sources.jar
2025-07-01 18:15:12,367 [Worker-47: Download sources and javadoc] INFO  o.e.m.c.i.e.AbstractTransferListenerAdapter - Downloaded https://repo.maven.apache.org/maven2/org/aspectj/aspectjweaver/1.9.22.1/aspectjweaver-1.9.22.1-sources.jar
2025-07-01 18:15:12,370 [Worker-47: Download sources and javadoc] INFO  o.e.m.j.internal.DownloadSourcesJob - Downloaded sources for org.aspectj:aspectjweaver:1.9.22.1
2025-07-01 18:15:12,371 [Worker-40: Updating Maven Project] INFO  o.e.m.j.i.AbstractJavaProjectConfigurator - Adding source folder /proy-citas-inkasalud/src/main/java
2025-07-01 18:15:12,372 [Worker-40: Updating Maven Project] INFO  o.e.m.j.i.AbstractJavaProjectConfigurator - Adding resource folder /proy-citas-inkasalud/src/main/resources
2025-07-01 18:15:12,373 [Worker-40: Updating Maven Project] INFO  o.e.m.j.i.AbstractJavaProjectConfigurator - Adding resource folder /proy-citas-inkasalud/src/main/resources
2025-07-01 18:15:12,373 [Worker-40: Updating Maven Project] INFO  o.e.m.j.i.AbstractJavaProjectConfigurator - Adding source folder /proy-citas-inkasalud/src/test/java
2025-07-01 18:15:12,374 [Worker-40: Updating Maven Project] INFO  o.e.m.j.i.AbstractJavaProjectConfigurator - Adding resource folder /proy-citas-inkasalud/src/test/resources
2025-07-01 18:15:12,428 [Worker-47: Download sources and javadoc] INFO  o.e.m.c.i.e.AbstractTransferListenerAdapter - Downloading https://repo.maven.apache.org/maven2/org/hibernate/orm/hibernate-core/6.5.3.Final/hibernate-core-6.5.3.Final-sources.jar
2025-07-01 18:15:12,542 [Worker-47: Download sources and javadoc] INFO  o.e.m.c.i.e.AbstractTransferListenerAdapter - Downloaded https://repo.maven.apache.org/maven2/org/hibernate/orm/hibernate-core/6.5.3.Final/hibernate-core-6.5.3.Final-sources.jar
2025-07-01 18:15:12,545 [Worker-47: Download sources and javadoc] INFO  o.e.m.j.internal.DownloadSourcesJob - Downloaded sources for org.hibernate.orm:hibernate-core:6.5.3.Final
2025-07-01 18:15:12,574 [Worker-47: Download sources and javadoc] INFO  o.e.m.c.i.e.AbstractTransferListenerAdapter - Downloading https://repo.maven.apache.org/maven2/net/bytebuddy/byte-buddy/1.14.19/byte-buddy-1.14.19-sources.jar
2025-07-01 18:15:12,612 [Worker-47: Download sources and javadoc] INFO  o.e.m.c.i.e.AbstractTransferListenerAdapter - Downloaded https://repo.maven.apache.org/maven2/net/bytebuddy/byte-buddy/1.14.19/byte-buddy-1.14.19-sources.jar
2025-07-01 18:15:12,616 [Worker-47: Download sources and javadoc] INFO  o.e.m.j.internal.DownloadSourcesJob - Downloaded sources for net.bytebuddy:byte-buddy:1.14.19
2025-07-01 18:15:12,644 [Worker-47: Download sources and javadoc] INFO  o.e.m.c.i.e.AbstractTransferListenerAdapter - Downloading https://repo.maven.apache.org/maven2/org/springframework/data/spring-data-jpa/3.3.5/spring-data-jpa-3.3.5-sources.jar
2025-07-01 18:15:12,665 [Worker-47: Download sources and javadoc] INFO  o.e.m.c.i.e.AbstractTransferListenerAdapter - Downloaded https://repo.maven.apache.org/maven2/org/springframework/data/spring-data-jpa/3.3.5/spring-data-jpa-3.3.5-sources.jar
2025-07-01 18:15:12,668 [Worker-47: Download sources and javadoc] INFO  o.e.m.j.internal.DownloadSourcesJob - Downloaded sources for org.springframework.data:spring-data-jpa:3.3.5
2025-07-01 18:15:12,723 [Worker-47: Download sources and javadoc] INFO  o.e.m.c.i.e.AbstractTransferListenerAdapter - Downloading https://repo.maven.apache.org/maven2/org/springframework/data/spring-data-commons/3.3.5/spring-data-commons-3.3.5-sources.jar
2025-07-01 18:15:12,778 [Worker-47: Download sources and javadoc] INFO  o.e.m.c.i.e.AbstractTransferListenerAdapter - Downloaded https://repo.maven.apache.org/maven2/org/springframework/data/spring-data-commons/3.3.5/spring-data-commons-3.3.5-sources.jar
2025-07-01 18:15:12,783 [Worker-47: Download sources and javadoc] INFO  o.e.m.j.internal.DownloadSourcesJob - Downloaded sources for org.springframework.data:spring-data-commons:3.3.5
2025-07-01 18:15:12,815 [Worker-47: Download sources and javadoc] INFO  o.e.m.c.i.e.AbstractTransferListenerAdapter - Downloading https://repo.maven.apache.org/maven2/org/springframework/spring-orm/6.1.14/spring-orm-6.1.14-sources.jar
2025-07-01 18:15:12,829 [Worker-47: Download sources and javadoc] INFO  o.e.m.c.i.e.AbstractTransferListenerAdapter - Downloaded https://repo.maven.apache.org/maven2/org/springframework/spring-orm/6.1.14/spring-orm-6.1.14-sources.jar
2025-07-01 18:15:12,836 [Worker-47: Download sources and javadoc] INFO  o.e.m.j.internal.DownloadSourcesJob - Downloaded sources for org.springframework:spring-orm:6.1.14
2025-07-01 18:15:12,886 [Worker-47: Download sources and javadoc] INFO  o.e.m.c.i.e.AbstractTransferListenerAdapter - Downloading https://repo.maven.apache.org/maven2/org/springframework/spring-context/6.1.14/spring-context-6.1.14-sources.jar
2025-07-01 18:15:12,931 [Worker-47: Download sources and javadoc] INFO  o.e.m.c.i.e.AbstractTransferListenerAdapter - Downloaded https://repo.maven.apache.org/maven2/org/springframework/spring-context/6.1.14/spring-context-6.1.14-sources.jar
2025-07-01 18:15:12,935 [Worker-47: Download sources and javadoc] INFO  o.e.m.j.internal.DownloadSourcesJob - Downloaded sources for org.springframework:spring-context:6.1.14
2025-07-01 18:15:12,961 [Worker-47: Download sources and javadoc] INFO  o.e.m.c.i.e.AbstractTransferListenerAdapter - Downloading https://repo.maven.apache.org/maven2/org/springframework/spring-tx/6.1.14/spring-tx-6.1.14-sources.jar
2025-07-01 18:15:12,976 [Worker-47: Download sources and javadoc] INFO  o.e.m.c.i.e.AbstractTransferListenerAdapter - Downloaded https://repo.maven.apache.org/maven2/org/springframework/spring-tx/6.1.14/spring-tx-6.1.14-sources.jar
2025-07-01 18:15:12,979 [Worker-47: Download sources and javadoc] INFO  o.e.m.j.internal.DownloadSourcesJob - Downloaded sources for org.springframework:spring-tx:6.1.14
2025-07-01 18:15:13,014 [Worker-47: Download sources and javadoc] INFO  o.e.m.c.i.e.AbstractTransferListenerAdapter - Downloading https://repo.maven.apache.org/maven2/org/springframework/spring-beans/6.1.14/spring-beans-6.1.14-sources.jar
2025-07-01 18:15:13,038 [Worker-47: Download sources and javadoc] INFO  o.e.m.c.i.e.AbstractTransferListenerAdapter - Downloaded https://repo.maven.apache.org/maven2/org/springframework/spring-beans/6.1.14/spring-beans-6.1.14-sources.jar
2025-07-01 18:15:13,042 [Worker-47: Download sources and javadoc] INFO  o.e.m.j.internal.DownloadSourcesJob - Downloaded sources for org.springframework:spring-beans:6.1.14
2025-07-01 18:15:13,065 [Worker-47: Download sources and javadoc] INFO  o.e.m.c.i.e.AbstractTransferListenerAdapter - Downloading https://repo.maven.apache.org/maven2/org/slf4j/slf4j-api/2.0.16/slf4j-api-2.0.16-sources.jar
2025-07-01 18:15:13,075 [Worker-47: Download sources and javadoc] INFO  o.e.m.c.i.e.AbstractTransferListenerAdapter - Downloaded https://repo.maven.apache.org/maven2/org/slf4j/slf4j-api/2.0.16/slf4j-api-2.0.16-sources.jar
2025-07-01 18:15:13,078 [Worker-47: Download sources and javadoc] INFO  o.e.m.j.internal.DownloadSourcesJob - Downloaded sources for org.slf4j:slf4j-api:2.0.16
2025-07-01 18:15:13,103 [Worker-47: Download sources and javadoc] INFO  o.e.m.c.i.e.AbstractTransferListenerAdapter - Downloading https://repo.maven.apache.org/maven2/org/springframework/spring-aspects/6.1.14/spring-aspects-6.1.14-sources.jar
2025-07-01 18:15:13,107 [Worker-47: Download sources and javadoc] INFO  o.e.m.c.i.e.AbstractTransferListenerAdapter - Downloaded https://repo.maven.apache.org/maven2/org/springframework/spring-aspects/6.1.14/spring-aspects-6.1.14-sources.jar
2025-07-01 18:15:13,111 [Worker-47: Download sources and javadoc] INFO  o.e.m.j.internal.DownloadSourcesJob - Downloaded sources for org.springframework:spring-aspects:6.1.14
2025-07-01 18:15:13,140 [Worker-40: Updating Maven Project] INFO  o.e.m.c.i.p.ProjectConfigurationManager - Update completed for 1 poms: local refresh takes 0,00 sec, refresh facades takes 1,00 sec, update config takes 0,00 sec 
2025-07-01 18:15:13,141 [Worker-47: Download sources and javadoc] INFO  o.e.m.c.i.e.AbstractTransferListenerAdapter - Downloading https://repo.maven.apache.org/maven2/org/springframework/boot/spring-boot-starter-jdbc/3.3.5/spring-boot-starter-jdbc-3.3.5-sources.jar
2025-07-01 18:15:13,145 [Worker-47: Download sources and javadoc] INFO  o.e.m.c.i.e.AbstractTransferListenerAdapter - Downloaded https://repo.maven.apache.org/maven2/org/springframework/boot/spring-boot-starter-jdbc/3.3.5/spring-boot-starter-jdbc-3.3.5-sources.jar
2025-07-01 18:15:13,149 [Worker-47: Download sources and javadoc] INFO  o.e.m.j.internal.DownloadSourcesJob - Downloaded sources for org.springframework.boot:spring-boot-starter-jdbc:3.3.5
2025-07-01 18:15:13,174 [Worker-47: Download sources and javadoc] INFO  o.e.m.c.i.e.AbstractTransferListenerAdapter - Downloading https://repo.maven.apache.org/maven2/org/springframework/boot/spring-boot-starter/3.3.5/spring-boot-starter-3.3.5-sources.jar
2025-07-01 18:15:13,177 [Worker-47: Download sources and javadoc] INFO  o.e.m.c.i.e.AbstractTransferListenerAdapter - Downloaded https://repo.maven.apache.org/maven2/org/springframework/boot/spring-boot-starter/3.3.5/spring-boot-starter-3.3.5-sources.jar
2025-07-01 18:15:13,181 [Worker-47: Download sources and javadoc] INFO  o.e.m.j.internal.DownloadSourcesJob - Downloaded sources for org.springframework.boot:spring-boot-starter:3.3.5
2025-07-01 18:15:13,206 [Worker-47: Download sources and javadoc] INFO  o.e.m.c.i.e.AbstractTransferListenerAdapter - Downloading https://repo.maven.apache.org/maven2/org/springframework/boot/spring-boot-starter-logging/3.3.5/spring-boot-starter-logging-3.3.5-sources.jar
2025-07-01 18:15:13,210 [Worker-47: Download sources and javadoc] INFO  o.e.m.c.i.e.AbstractTransferListenerAdapter - Downloaded https://repo.maven.apache.org/maven2/org/springframework/boot/spring-boot-starter-logging/3.3.5/spring-boot-starter-logging-3.3.5-sources.jar
2025-07-01 18:15:13,213 [Worker-47: Download sources and javadoc] INFO  o.e.m.j.internal.DownloadSourcesJob - Downloaded sources for org.springframework.boot:spring-boot-starter-logging:3.3.5
2025-07-01 18:15:13,241 [Worker-47: Download sources and javadoc] INFO  o.e.m.c.i.e.AbstractTransferListenerAdapter - Downloading https://repo.maven.apache.org/maven2/ch/qos/logback/logback-classic/1.5.11/logback-classic-1.5.11-sources.jar
2025-07-01 18:15:13,252 [Worker-47: Download sources and javadoc] INFO  o.e.m.c.i.e.AbstractTransferListenerAdapter - Downloaded https://repo.maven.apache.org/maven2/ch/qos/logback/logback-classic/1.5.11/logback-classic-1.5.11-sources.jar
2025-07-01 18:15:13,256 [Worker-47: Download sources and javadoc] INFO  o.e.m.j.internal.DownloadSourcesJob - Downloaded sources for ch.qos.logback:logback-classic:1.5.11
2025-07-01 18:15:13,285 [Worker-47: Download sources and javadoc] INFO  o.e.m.c.i.e.AbstractTransferListenerAdapter - Downloading https://repo.maven.apache.org/maven2/ch/qos/logback/logback-core/1.5.11/logback-core-1.5.11-sources.jar
2025-07-01 18:15:13,305 [Worker-47: Download sources and javadoc] INFO  o.e.m.c.i.e.AbstractTransferListenerAdapter - Downloaded https://repo.maven.apache.org/maven2/ch/qos/logback/logback-core/1.5.11/logback-core-1.5.11-sources.jar
2025-07-01 18:15:13,313 [Worker-47: Download sources and javadoc] INFO  o.e.m.j.internal.DownloadSourcesJob - Downloaded sources for ch.qos.logback:logback-core:1.5.11
2025-07-01 18:15:13,345 [Worker-47: Download sources and javadoc] INFO  o.e.m.c.i.e.AbstractTransferListenerAdapter - Downloading https://repo.maven.apache.org/maven2/org/slf4j/jul-to-slf4j/2.0.16/jul-to-slf4j-2.0.16-sources.jar
2025-07-01 18:15:13,349 [Worker-47: Download sources and javadoc] INFO  o.e.m.c.i.e.AbstractTransferListenerAdapter - Downloaded https://repo.maven.apache.org/maven2/org/slf4j/jul-to-slf4j/2.0.16/jul-to-slf4j-2.0.16-sources.jar
2025-07-01 18:15:13,353 [Worker-47: Download sources and javadoc] INFO  o.e.m.j.internal.DownloadSourcesJob - Downloaded sources for org.slf4j:jul-to-slf4j:2.0.16
2025-07-01 18:15:13,428 [Worker-47: Download sources and javadoc] INFO  o.e.m.c.i.e.AbstractTransferListenerAdapter - Downloading https://repo.maven.apache.org/maven2/org/springframework/spring-jdbc/6.1.14/spring-jdbc-6.1.14-sources.jar
2025-07-01 18:15:13,488 [Worker-47: Download sources and javadoc] INFO  o.e.m.c.i.e.AbstractTransferListenerAdapter - Downloaded https://repo.maven.apache.org/maven2/org/springframework/spring-jdbc/6.1.14/spring-jdbc-6.1.14-sources.jar
2025-07-01 18:15:13,492 [Worker-47: Download sources and javadoc] INFO  o.e.m.j.internal.DownloadSourcesJob - Downloaded sources for org.springframework:spring-jdbc:6.1.14
2025-07-01 18:15:13,538 [Worker-47: Download sources and javadoc] INFO  o.e.m.c.i.e.AbstractTransferListenerAdapter - Downloading https://repo.maven.apache.org/maven2/org/springframework/boot/spring-boot-starter-thymeleaf/3.3.5/spring-boot-starter-thymeleaf-3.3.5-sources.jar
2025-07-01 18:15:13,542 [Worker-47: Download sources and javadoc] INFO  o.e.m.c.i.e.AbstractTransferListenerAdapter - Downloaded https://repo.maven.apache.org/maven2/org/springframework/boot/spring-boot-starter-thymeleaf/3.3.5/spring-boot-starter-thymeleaf-3.3.5-sources.jar
2025-07-01 18:15:13,546 [Worker-47: Download sources and javadoc] INFO  o.e.m.j.internal.DownloadSourcesJob - Downloaded sources for org.springframework.boot:spring-boot-starter-thymeleaf:3.3.5
2025-07-01 18:15:13,678 [Worker-47: Download sources and javadoc] INFO  o.e.m.c.i.e.AbstractTransferListenerAdapter - Downloading https://repo.maven.apache.org/maven2/org/springframework/boot/spring-boot-starter-web/3.3.5/spring-boot-starter-web-3.3.5-sources.jar
2025-07-01 18:15:13,689 [Worker-47: Download sources and javadoc] INFO  o.e.m.c.i.e.AbstractTransferListenerAdapter - Downloaded https://repo.maven.apache.org/maven2/org/springframework/boot/spring-boot-starter-web/3.3.5/spring-boot-starter-web-3.3.5-sources.jar
2025-07-01 18:15:13,697 [Worker-47: Download sources and javadoc] INFO  o.e.m.j.internal.DownloadSourcesJob - Downloaded sources for org.springframework.boot:spring-boot-starter-web:3.3.5
2025-07-01 18:15:13,737 [Worker-47: Download sources and javadoc] INFO  o.e.m.c.i.e.AbstractTransferListenerAdapter - Downloading https://repo.maven.apache.org/maven2/org/springframework/boot/spring-boot-starter-json/3.3.5/spring-boot-starter-json-3.3.5-sources.jar
2025-07-01 18:15:13,741 [Worker-47: Download sources and javadoc] INFO  o.e.m.c.i.e.AbstractTransferListenerAdapter - Downloaded https://repo.maven.apache.org/maven2/org/springframework/boot/spring-boot-starter-json/3.3.5/spring-boot-starter-json-3.3.5-sources.jar
2025-07-01 18:15:13,745 [Worker-47: Download sources and javadoc] INFO  o.e.m.j.internal.DownloadSourcesJob - Downloaded sources for org.springframework.boot:spring-boot-starter-json:3.3.5
2025-07-01 18:15:13,787 [Worker-47: Download sources and javadoc] INFO  o.e.m.c.i.e.AbstractTransferListenerAdapter - Downloading https://repo.maven.apache.org/maven2/com/fasterxml/jackson/datatype/jackson-datatype-jdk8/2.17.2/jackson-datatype-jdk8-2.17.2-sources.jar
2025-07-01 18:15:13,806 [Worker-47: Download sources and javadoc] INFO  o.e.m.c.i.e.AbstractTransferListenerAdapter - Downloaded https://repo.maven.apache.org/maven2/com/fasterxml/jackson/datatype/jackson-datatype-jdk8/2.17.2/jackson-datatype-jdk8-2.17.2-sources.jar
2025-07-01 18:15:13,810 [Worker-47: Download sources and javadoc] INFO  o.e.m.j.internal.DownloadSourcesJob - Downloaded sources for com.fasterxml.jackson.datatype:jackson-datatype-jdk8:2.17.2
2025-07-01 18:15:13,849 [Worker-47: Download sources and javadoc] INFO  o.e.m.c.i.e.AbstractTransferListenerAdapter - Downloading https://repo.maven.apache.org/maven2/com/fasterxml/jackson/datatype/jackson-datatype-jsr310/2.17.2/jackson-datatype-jsr310-2.17.2-sources.jar
2025-07-01 18:15:13,868 [Worker-47: Download sources and javadoc] INFO  o.e.m.c.i.e.AbstractTransferListenerAdapter - Downloaded https://repo.maven.apache.org/maven2/com/fasterxml/jackson/datatype/jackson-datatype-jsr310/2.17.2/jackson-datatype-jsr310-2.17.2-sources.jar
2025-07-01 18:15:13,872 [Worker-47: Download sources and javadoc] INFO  o.e.m.j.internal.DownloadSourcesJob - Downloaded sources for com.fasterxml.jackson.datatype:jackson-datatype-jsr310:2.17.2
2025-07-01 18:15:13,902 [Worker-47: Download sources and javadoc] INFO  o.e.m.c.i.e.AbstractTransferListenerAdapter - Downloading https://repo.maven.apache.org/maven2/com/fasterxml/jackson/module/jackson-module-parameter-names/2.17.2/jackson-module-parameter-names-2.17.2-sources.jar
2025-07-01 18:15:13,906 [Worker-47: Download sources and javadoc] INFO  o.e.m.c.i.e.AbstractTransferListenerAdapter - Downloaded https://repo.maven.apache.org/maven2/com/fasterxml/jackson/module/jackson-module-parameter-names/2.17.2/jackson-module-parameter-names-2.17.2-sources.jar
2025-07-01 18:15:13,910 [Worker-47: Download sources and javadoc] INFO  o.e.m.j.internal.DownloadSourcesJob - Downloaded sources for com.fasterxml.jackson.module:jackson-module-parameter-names:2.17.2
2025-07-01 18:15:13,936 [Worker-47: Download sources and javadoc] INFO  o.e.m.c.i.e.AbstractTransferListenerAdapter - Downloading https://repo.maven.apache.org/maven2/org/springframework/boot/spring-boot-starter-tomcat/3.3.5/spring-boot-starter-tomcat-3.3.5-sources.jar
2025-07-01 18:15:13,940 [Worker-47: Download sources and javadoc] INFO  o.e.m.c.i.e.AbstractTransferListenerAdapter - Downloaded https://repo.maven.apache.org/maven2/org/springframework/boot/spring-boot-starter-tomcat/3.3.5/spring-boot-starter-tomcat-3.3.5-sources.jar
2025-07-01 18:15:13,944 [Worker-47: Download sources and javadoc] INFO  o.e.m.j.internal.DownloadSourcesJob - Downloaded sources for org.springframework.boot:spring-boot-starter-tomcat:3.3.5
2025-07-01 18:15:13,972 [Worker-47: Download sources and javadoc] INFO  o.e.m.c.i.e.AbstractTransferListenerAdapter - Downloading https://repo.maven.apache.org/maven2/org/apache/tomcat/embed/tomcat-embed-core/10.1.31/tomcat-embed-core-10.1.31-sources.jar
2025-07-01 18:15:14,001 [Worker-49: Building] INFO  o.a.m.s.f.DefaultMavenResourcesFiltering - Copying 1 resource from src\main\resources to target\classes
2025-07-01 18:15:14,050 [Worker-49: Building] INFO  o.a.m.s.f.DefaultMavenResourcesFiltering - Copying 23 resources from src\main\resources to target\classes
2025-07-01 18:15:14,096 [Worker-49: Building] INFO  o.a.m.s.f.DefaultMavenResourcesFiltering - skip non existing resourceDirectory C:\Users\Usuario\OneDrive - CIBERTEC\Desktop\ProyectoFinalDSWII\ProyCitasMedicas\proy-citas-inkasalud\src\test\resources
2025-07-01 18:15:14,109 [Worker-47: Download sources and javadoc] INFO  o.e.m.c.i.e.AbstractTransferListenerAdapter - Downloaded https://repo.maven.apache.org/maven2/org/apache/tomcat/embed/tomcat-embed-core/10.1.31/tomcat-embed-core-10.1.31-sources.jar
2025-07-01 18:15:14,113 [Worker-47: Download sources and javadoc] INFO  o.e.m.j.internal.DownloadSourcesJob - Downloaded sources for org.apache.tomcat.embed:tomcat-embed-core:10.1.31
2025-07-01 18:15:14,145 [Worker-47: Download sources and javadoc] INFO  o.e.m.c.i.e.AbstractTransferListenerAdapter - Downloading https://repo.maven.apache.org/maven2/org/apache/tomcat/embed/tomcat-embed-el/10.1.31/tomcat-embed-el-10.1.31-sources.jar
2025-07-01 18:15:14,157 [Worker-47: Download sources and javadoc] INFO  o.e.m.c.i.e.AbstractTransferListenerAdapter - Downloaded https://repo.maven.apache.org/maven2/org/apache/tomcat/embed/tomcat-embed-el/10.1.31/tomcat-embed-el-10.1.31-sources.jar
2025-07-01 18:15:14,161 [Worker-47: Download sources and javadoc] INFO  o.e.m.j.internal.DownloadSourcesJob - Downloaded sources for org.apache.tomcat.embed:tomcat-embed-el:10.1.31
2025-07-01 18:15:14,189 [Worker-47: Download sources and javadoc] INFO  o.e.m.c.i.e.AbstractTransferListenerAdapter - Downloading https://repo.maven.apache.org/maven2/org/apache/tomcat/embed/tomcat-embed-websocket/10.1.31/tomcat-embed-websocket-10.1.31-sources.jar
2025-07-01 18:15:14,207 [Worker-47: Download sources and javadoc] INFO  o.e.m.c.i.e.AbstractTransferListenerAdapter - Downloaded https://repo.maven.apache.org/maven2/org/apache/tomcat/embed/tomcat-embed-websocket/10.1.31/tomcat-embed-websocket-10.1.31-sources.jar
2025-07-01 18:15:14,210 [Worker-47: Download sources and javadoc] INFO  o.e.m.j.internal.DownloadSourcesJob - Downloaded sources for org.apache.tomcat.embed:tomcat-embed-websocket:10.1.31
2025-07-01 18:15:14,237 [Worker-47: Download sources and javadoc] INFO  o.e.m.c.i.e.AbstractTransferListenerAdapter - Downloading https://repo.maven.apache.org/maven2/org/springframework/spring-web/6.1.14/spring-web-6.1.14-sources.jar
2025-07-01 18:15:14,268 [Worker-47: Download sources and javadoc] INFO  o.e.m.c.i.e.AbstractTransferListenerAdapter - Downloaded https://repo.maven.apache.org/maven2/org/springframework/spring-web/6.1.14/spring-web-6.1.14-sources.jar
2025-07-01 18:15:14,272 [Worker-47: Download sources and javadoc] INFO  o.e.m.j.internal.DownloadSourcesJob - Downloaded sources for org.springframework:spring-web:6.1.14
2025-07-01 18:15:14,300 [Worker-47: Download sources and javadoc] INFO  o.e.m.c.i.e.AbstractTransferListenerAdapter - Downloading https://repo.maven.apache.org/maven2/io/micrometer/micrometer-observation/1.13.6/micrometer-observation-1.13.6-sources.jar
2025-07-01 18:15:14,307 [Worker-47: Download sources and javadoc] INFO  o.e.m.c.i.e.AbstractTransferListenerAdapter - Downloaded https://repo.maven.apache.org/maven2/io/micrometer/micrometer-observation/1.13.6/micrometer-observation-1.13.6-sources.jar
2025-07-01 18:15:14,310 [Worker-47: Download sources and javadoc] INFO  o.e.m.j.internal.DownloadSourcesJob - Downloaded sources for io.micrometer:micrometer-observation:1.13.6
2025-07-01 18:15:14,334 [Worker-47: Download sources and javadoc] INFO  o.e.m.c.i.e.AbstractTransferListenerAdapter - Downloading https://repo.maven.apache.org/maven2/io/micrometer/micrometer-commons/1.13.6/micrometer-commons-1.13.6-sources.jar
2025-07-01 18:15:14,339 [Worker-47: Download sources and javadoc] INFO  o.e.m.c.i.e.AbstractTransferListenerAdapter - Downloaded https://repo.maven.apache.org/maven2/io/micrometer/micrometer-commons/1.13.6/micrometer-commons-1.13.6-sources.jar
2025-07-01 18:15:14,342 [Worker-47: Download sources and javadoc] INFO  o.e.m.j.internal.DownloadSourcesJob - Downloaded sources for io.micrometer:micrometer-commons:1.13.6
2025-07-01 18:15:14,365 [Worker-47: Download sources and javadoc] INFO  o.e.m.c.i.e.AbstractTransferListenerAdapter - Downloading https://repo.maven.apache.org/maven2/org/springframework/spring-webmvc/6.1.14/spring-webmvc-6.1.14-sources.jar
2025-07-01 18:15:14,388 [Worker-47: Download sources and javadoc] INFO  o.e.m.c.i.e.AbstractTransferListenerAdapter - Downloaded https://repo.maven.apache.org/maven2/org/springframework/spring-webmvc/6.1.14/spring-webmvc-6.1.14-sources.jar
2025-07-01 18:15:14,392 [Worker-47: Download sources and javadoc] INFO  o.e.m.j.internal.DownloadSourcesJob - Downloaded sources for org.springframework:spring-webmvc:6.1.14
2025-07-01 18:15:14,412 [Worker-47: Download sources and javadoc] INFO  o.e.m.c.i.e.AbstractTransferListenerAdapter - Downloading https://repo.maven.apache.org/maven2/org/springframework/spring-expression/6.1.14/spring-expression-6.1.14-sources.jar
2025-07-01 18:15:14,422 [Worker-47: Download sources and javadoc] INFO  o.e.m.c.i.e.AbstractTransferListenerAdapter - Downloaded https://repo.maven.apache.org/maven2/org/springframework/spring-expression/6.1.14/spring-expression-6.1.14-sources.jar
2025-07-01 18:15:14,426 [Worker-47: Download sources and javadoc] INFO  o.e.m.j.internal.DownloadSourcesJob - Downloaded sources for org.springframework:spring-expression:6.1.14
2025-07-01 18:15:14,479 [Worker-47: Download sources and javadoc] INFO  o.e.m.c.i.e.AbstractTransferListenerAdapter - Downloading https://repo.maven.apache.org/maven2/org/springframework/boot/spring-boot-devtools/3.3.5/spring-boot-devtools-3.3.5-sources.jar
2025-07-01 18:15:14,501 [Worker-47: Download sources and javadoc] INFO  o.e.m.c.i.e.AbstractTransferListenerAdapter - Downloaded https://repo.maven.apache.org/maven2/org/springframework/boot/spring-boot-devtools/3.3.5/spring-boot-devtools-3.3.5-sources.jar
2025-07-01 18:15:14,506 [Worker-47: Download sources and javadoc] INFO  o.e.m.j.internal.DownloadSourcesJob - Downloaded sources for org.springframework.boot:spring-boot-devtools:3.3.5
2025-07-01 18:15:14,535 [Worker-47: Download sources and javadoc] INFO  o.e.m.c.i.e.AbstractTransferListenerAdapter - Downloading https://repo.maven.apache.org/maven2/org/springframework/boot/spring-boot/3.3.5/spring-boot-3.3.5-sources.jar
2025-07-01 18:15:14,567 [Worker-47: Download sources and javadoc] INFO  o.e.m.c.i.e.AbstractTransferListenerAdapter - Downloaded https://repo.maven.apache.org/maven2/org/springframework/boot/spring-boot/3.3.5/spring-boot-3.3.5-sources.jar
2025-07-01 18:15:14,587 [Worker-47: Download sources and javadoc] INFO  o.e.m.j.internal.DownloadSourcesJob - Downloaded sources for org.springframework.boot:spring-boot:3.3.5
2025-07-01 18:15:14,624 [Worker-47: Download sources and javadoc] INFO  o.e.m.c.i.e.AbstractTransferListenerAdapter - Downloading https://repo.maven.apache.org/maven2/org/springframework/boot/spring-boot-autoconfigure/3.3.5/spring-boot-autoconfigure-3.3.5-sources.jar
2025-07-01 18:15:14,657 [Worker-47: Download sources and javadoc] INFO  o.e.m.c.i.e.AbstractTransferListenerAdapter - Downloaded https://repo.maven.apache.org/maven2/org/springframework/boot/spring-boot-autoconfigure/3.3.5/spring-boot-autoconfigure-3.3.5-sources.jar
2025-07-01 18:15:14,661 [Worker-47: Download sources and javadoc] INFO  o.e.m.j.internal.DownloadSourcesJob - Downloaded sources for org.springframework.boot:spring-boot-autoconfigure:3.3.5
2025-07-01 18:15:14,690 [Worker-47: Download sources and javadoc] INFO  o.e.m.c.i.e.AbstractTransferListenerAdapter - Downloading https://repo.maven.apache.org/maven2/org/projectlombok/lombok/1.18.34/lombok-1.18.34-sources.jar
2025-07-01 18:15:14,719 [Worker-47: Download sources and javadoc] INFO  o.e.m.c.i.e.AbstractTransferListenerAdapter - Downloaded https://repo.maven.apache.org/maven2/org/projectlombok/lombok/1.18.34/lombok-1.18.34-sources.jar
2025-07-01 18:15:14,723 [Worker-47: Download sources and javadoc] INFO  o.e.m.j.internal.DownloadSourcesJob - Downloaded sources for org.projectlombok:lombok:1.18.34
2025-07-01 18:15:14,749 [Worker-47: Download sources and javadoc] INFO  o.e.m.c.i.e.AbstractTransferListenerAdapter - Downloading https://repo.maven.apache.org/maven2/org/springframework/boot/spring-boot-starter-test/3.3.5/spring-boot-starter-test-3.3.5-sources.jar
2025-07-01 18:15:14,771 [Worker-47: Download sources and javadoc] INFO  o.e.m.c.i.e.AbstractTransferListenerAdapter - Downloaded https://repo.maven.apache.org/maven2/org/springframework/boot/spring-boot-starter-test/3.3.5/spring-boot-starter-test-3.3.5-sources.jar
2025-07-01 18:15:14,773 [Worker-47: Download sources and javadoc] INFO  o.e.m.j.internal.DownloadSourcesJob - Downloaded sources for org.springframework.boot:spring-boot-starter-test:3.3.5
2025-07-01 18:15:14,816 [Worker-47: Download sources and javadoc] INFO  o.e.m.c.i.e.AbstractTransferListenerAdapter - Downloading https://repo.maven.apache.org/maven2/org/springframework/boot/spring-boot-test/3.3.5/spring-boot-test-3.3.5-sources.jar
2025-07-01 18:15:14,839 [Worker-47: Download sources and javadoc] INFO  o.e.m.c.i.e.AbstractTransferListenerAdapter - Downloaded https://repo.maven.apache.org/maven2/org/springframework/boot/spring-boot-test/3.3.5/spring-boot-test-3.3.5-sources.jar
2025-07-01 18:15:14,842 [Worker-47: Download sources and javadoc] INFO  o.e.m.j.internal.DownloadSourcesJob - Downloaded sources for org.springframework.boot:spring-boot-test:3.3.5
2025-07-01 18:15:14,867 [Worker-47: Download sources and javadoc] INFO  o.e.m.c.i.e.AbstractTransferListenerAdapter - Downloading https://repo.maven.apache.org/maven2/org/springframework/boot/spring-boot-test-autoconfigure/3.3.5/spring-boot-test-autoconfigure-3.3.5-sources.jar
2025-07-01 18:15:14,892 [Worker-47: Download sources and javadoc] INFO  o.e.m.c.i.e.AbstractTransferListenerAdapter - Downloaded https://repo.maven.apache.org/maven2/org/springframework/boot/spring-boot-test-autoconfigure/3.3.5/spring-boot-test-autoconfigure-3.3.5-sources.jar
2025-07-01 18:15:14,897 [Worker-47: Download sources and javadoc] INFO  o.e.m.j.internal.DownloadSourcesJob - Downloaded sources for org.springframework.boot:spring-boot-test-autoconfigure:3.3.5
2025-07-01 18:15:14,947 [Worker-47: Download sources and javadoc] INFO  o.e.m.c.i.e.AbstractTransferListenerAdapter - Downloading https://repo.maven.apache.org/maven2/org/junit/jupiter/junit-jupiter/5.10.5/junit-jupiter-5.10.5-sources.jar
2025-07-01 18:15:14,951 [Worker-47: Download sources and javadoc] INFO  o.e.m.c.i.e.AbstractTransferListenerAdapter - Downloaded https://repo.maven.apache.org/maven2/org/junit/jupiter/junit-jupiter/5.10.5/junit-jupiter-5.10.5-sources.jar
2025-07-01 18:15:14,955 [Worker-47: Download sources and javadoc] INFO  o.e.m.j.internal.DownloadSourcesJob - Downloaded sources for org.junit.jupiter:junit-jupiter:5.10.5
2025-07-01 18:15:15,022 [Worker-47: Download sources and javadoc] INFO  o.e.m.c.i.e.AbstractTransferListenerAdapter - Downloading https://repo.maven.apache.org/maven2/org/junit/jupiter/junit-jupiter-api/5.10.5/junit-jupiter-api-5.10.5-sources.jar
2025-07-01 18:15:15,077 [Worker-47: Download sources and javadoc] INFO  o.e.m.c.i.e.AbstractTransferListenerAdapter - Downloaded https://repo.maven.apache.org/maven2/org/junit/jupiter/junit-jupiter-api/5.10.5/junit-jupiter-api-5.10.5-sources.jar
2025-07-01 18:15:15,081 [Worker-47: Download sources and javadoc] INFO  o.e.m.j.internal.DownloadSourcesJob - Downloaded sources for org.junit.jupiter:junit-jupiter-api:5.10.5
2025-07-01 18:15:15,107 [Worker-47: Download sources and javadoc] INFO  o.e.m.c.i.e.AbstractTransferListenerAdapter - Downloading https://repo.maven.apache.org/maven2/org/junit/platform/junit-platform-commons/1.10.5/junit-platform-commons-1.10.5-sources.jar
2025-07-01 18:15:15,113 [Worker-47: Download sources and javadoc] INFO  o.e.m.c.i.e.AbstractTransferListenerAdapter - Downloaded https://repo.maven.apache.org/maven2/org/junit/platform/junit-platform-commons/1.10.5/junit-platform-commons-1.10.5-sources.jar
2025-07-01 18:15:15,115 [Worker-47: Download sources and javadoc] INFO  o.e.m.j.internal.DownloadSourcesJob - Downloaded sources for org.junit.platform:junit-platform-commons:1.10.5
2025-07-01 18:15:15,140 [Worker-47: Download sources and javadoc] INFO  o.e.m.c.i.e.AbstractTransferListenerAdapter - Downloading https://repo.maven.apache.org/maven2/org/junit/jupiter/junit-jupiter-params/5.10.5/junit-jupiter-params-5.10.5-sources.jar
2025-07-01 18:15:15,148 [Worker-47: Download sources and javadoc] INFO  o.e.m.c.i.e.AbstractTransferListenerAdapter - Downloaded https://repo.maven.apache.org/maven2/org/junit/jupiter/junit-jupiter-params/5.10.5/junit-jupiter-params-5.10.5-sources.jar
2025-07-01 18:15:15,151 [Worker-47: Download sources and javadoc] INFO  o.e.m.j.internal.DownloadSourcesJob - Downloaded sources for org.junit.jupiter:junit-jupiter-params:5.10.5
2025-07-01 18:15:15,178 [Worker-47: Download sources and javadoc] INFO  o.e.m.c.i.e.AbstractTransferListenerAdapter - Downloading https://repo.maven.apache.org/maven2/org/junit/jupiter/junit-jupiter-engine/5.10.5/junit-jupiter-engine-5.10.5-sources.jar
2025-07-01 18:15:15,192 [Worker-47: Download sources and javadoc] INFO  o.e.m.c.i.e.AbstractTransferListenerAdapter - Downloaded https://repo.maven.apache.org/maven2/org/junit/jupiter/junit-jupiter-engine/5.10.5/junit-jupiter-engine-5.10.5-sources.jar
2025-07-01 18:15:15,196 [Worker-47: Download sources and javadoc] INFO  o.e.m.j.internal.DownloadSourcesJob - Downloaded sources for org.junit.jupiter:junit-jupiter-engine:5.10.5
2025-07-01 18:15:15,221 [Worker-47: Download sources and javadoc] INFO  o.e.m.c.i.e.AbstractTransferListenerAdapter - Downloading https://repo.maven.apache.org/maven2/org/junit/platform/junit-platform-engine/1.10.5/junit-platform-engine-1.10.5-sources.jar
2025-07-01 18:15:15,237 [Worker-47: Download sources and javadoc] INFO  o.e.m.c.i.e.AbstractTransferListenerAdapter - Downloaded https://repo.maven.apache.org/maven2/org/junit/platform/junit-platform-engine/1.10.5/junit-platform-engine-1.10.5-sources.jar
2025-07-01 18:15:15,241 [Worker-47: Download sources and javadoc] INFO  o.e.m.j.internal.DownloadSourcesJob - Downloaded sources for org.junit.platform:junit-platform-engine:1.10.5
2025-07-01 18:15:15,276 [Worker-47: Download sources and javadoc] INFO  o.e.m.c.i.e.AbstractTransferListenerAdapter - Downloading https://repo.maven.apache.org/maven2/net/bytebuddy/byte-buddy-agent/1.14.19/byte-buddy-agent-1.14.19-sources.jar
2025-07-01 18:15:15,310 [Worker-47: Download sources and javadoc] INFO  o.e.m.c.i.e.AbstractTransferListenerAdapter - Downloaded https://repo.maven.apache.org/maven2/net/bytebuddy/byte-buddy-agent/1.14.19/byte-buddy-agent-1.14.19-sources.jar
2025-07-01 18:15:15,313 [Worker-47: Download sources and javadoc] INFO  o.e.m.j.internal.DownloadSourcesJob - Downloaded sources for net.bytebuddy:byte-buddy-agent:1.14.19
2025-07-01 18:15:15,345 [Worker-47: Download sources and javadoc] INFO  o.e.m.c.i.e.AbstractTransferListenerAdapter - Downloading https://repo.maven.apache.org/maven2/org/springframework/spring-core/6.1.14/spring-core-6.1.14-sources.jar
2025-07-01 18:15:15,417 [Worker-47: Download sources and javadoc] INFO  o.e.m.c.i.e.AbstractTransferListenerAdapter - Downloaded https://repo.maven.apache.org/maven2/org/springframework/spring-core/6.1.14/spring-core-6.1.14-sources.jar
2025-07-01 18:15:15,420 [Worker-47: Download sources and javadoc] INFO  o.e.m.j.internal.DownloadSourcesJob - Downloaded sources for org.springframework:spring-core:6.1.14
2025-07-01 18:15:15,460 [Worker-47: Download sources and javadoc] INFO  o.e.m.c.i.e.AbstractTransferListenerAdapter - Downloading https://repo.maven.apache.org/maven2/org/springframework/spring-jcl/6.1.14/spring-jcl-6.1.14-sources.jar
2025-07-01 18:15:15,464 [Worker-47: Download sources and javadoc] INFO  o.e.m.c.i.e.AbstractTransferListenerAdapter - Downloaded https://repo.maven.apache.org/maven2/org/springframework/spring-jcl/6.1.14/spring-jcl-6.1.14-sources.jar
2025-07-01 18:15:15,471 [Worker-47: Download sources and javadoc] INFO  o.e.m.j.internal.DownloadSourcesJob - Downloaded sources for org.springframework:spring-jcl:6.1.14
2025-07-01 18:15:15,505 [Worker-47: Download sources and javadoc] INFO  o.e.m.c.i.e.AbstractTransferListenerAdapter - Downloading https://repo.maven.apache.org/maven2/org/springframework/spring-test/6.1.14/spring-test-6.1.14-sources.jar
2025-07-01 18:15:15,570 [Worker-47: Download sources and javadoc] INFO  o.e.m.c.i.e.AbstractTransferListenerAdapter - Downloaded https://repo.maven.apache.org/maven2/org/springframework/spring-test/6.1.14/spring-test-6.1.14-sources.jar
2025-07-01 18:15:15,574 [Worker-47: Download sources and javadoc] INFO  o.e.m.j.internal.DownloadSourcesJob - Downloaded sources for org.springframework:spring-test:6.1.14
2025-07-01 18:15:15,601 [Worker-47: Download sources and javadoc] INFO  o.e.m.c.i.e.AbstractTransferListenerAdapter - Downloading https://repo.maven.apache.org/maven2/org/springframework/boot/spring-boot-starter-websocket/3.3.5/spring-boot-starter-websocket-3.3.5-sources.jar
2025-07-01 18:15:15,607 [Worker-47: Download sources and javadoc] INFO  o.e.m.c.i.e.AbstractTransferListenerAdapter - Downloaded https://repo.maven.apache.org/maven2/org/springframework/boot/spring-boot-starter-websocket/3.3.5/spring-boot-starter-websocket-3.3.5-sources.jar
2025-07-01 18:15:15,612 [Worker-47: Download sources and javadoc] INFO  o.e.m.j.internal.DownloadSourcesJob - Downloaded sources for org.springframework.boot:spring-boot-starter-websocket:3.3.5
2025-07-01 18:15:15,667 [Worker-47: Download sources and javadoc] INFO  o.e.m.c.i.e.AbstractTransferListenerAdapter - Downloading https://repo.maven.apache.org/maven2/org/springframework/spring-messaging/6.1.14/spring-messaging-6.1.14-sources.jar
2025-07-01 18:15:15,847 [Worker-47: Download sources and javadoc] INFO  o.e.m.c.i.e.AbstractTransferListenerAdapter - Downloaded https://repo.maven.apache.org/maven2/org/springframework/spring-messaging/6.1.14/spring-messaging-6.1.14-sources.jar
2025-07-01 18:15:15,851 [Worker-47: Download sources and javadoc] INFO  o.e.m.j.internal.DownloadSourcesJob - Downloaded sources for org.springframework:spring-messaging:6.1.14
2025-07-01 18:15:15,875 [Worker-47: Download sources and javadoc] INFO  o.e.m.c.i.e.AbstractTransferListenerAdapter - Downloading https://repo.maven.apache.org/maven2/org/springframework/spring-websocket/6.1.14/spring-websocket-6.1.14-sources.jar
2025-07-01 18:15:15,889 [Worker-47: Download sources and javadoc] INFO  o.e.m.c.i.e.AbstractTransferListenerAdapter - Downloaded https://repo.maven.apache.org/maven2/org/springframework/spring-websocket/6.1.14/spring-websocket-6.1.14-sources.jar
2025-07-01 18:15:15,893 [Worker-47: Download sources and javadoc] INFO  o.e.m.j.internal.DownloadSourcesJob - Downloaded sources for org.springframework:spring-websocket:6.1.14
2025-07-01 18:15:16,105 [Worker-47: Download sources and javadoc] INFO  o.e.m.c.i.e.AbstractTransferListenerAdapter - Downloading https://repo.maven.apache.org/maven2/net/sf/jasperreports/jasperreports/6.19.0/jasperreports-6.19.0-sources.jar
2025-07-01 18:15:16,188 [Worker-47: Download sources and javadoc] INFO  o.e.m.c.i.e.AbstractTransferListenerAdapter - Downloaded https://repo.maven.apache.org/maven2/net/sf/jasperreports/jasperreports/6.19.0/jasperreports-6.19.0-sources.jar
2025-07-01 18:15:16,193 [Worker-47: Download sources and javadoc] INFO  o.e.m.j.internal.DownloadSourcesJob - Downloaded sources for net.sf.jasperreports:jasperreports:6.19.0
2025-07-01 18:15:16,219 [Worker-47: Download sources and javadoc] INFO  o.e.m.c.i.e.AbstractTransferListenerAdapter - Downloading https://repo.maven.apache.org/maven2/commons-logging/commons-logging/1.1.1/commons-logging-1.1.1-sources.jar
2025-07-01 18:15:16,228 [Worker-47: Download sources and javadoc] INFO  o.e.m.c.i.e.AbstractTransferListenerAdapter - Downloaded https://repo.maven.apache.org/maven2/commons-logging/commons-logging/1.1.1/commons-logging-1.1.1-sources.jar
2025-07-01 18:15:16,232 [Worker-47: Download sources and javadoc] INFO  o.e.m.j.internal.DownloadSourcesJob - Downloaded sources for commons-logging:commons-logging:1.1.1
2025-07-01 18:15:16,257 [Worker-47: Download sources and javadoc] INFO  o.e.m.c.i.e.AbstractTransferListenerAdapter - Downloading https://repo.maven.apache.org/maven2/org/apache/commons/commons-collections4/4.2/commons-collections4-4.2-sources.jar
2025-07-01 18:15:16,274 [Worker-47: Download sources and javadoc] INFO  o.e.m.c.i.e.AbstractTransferListenerAdapter - Downloaded https://repo.maven.apache.org/maven2/org/apache/commons/commons-collections4/4.2/commons-collections4-4.2-sources.jar
2025-07-01 18:15:16,278 [Worker-47: Download sources and javadoc] INFO  o.e.m.j.internal.DownloadSourcesJob - Downloaded sources for org.apache.commons:commons-collections4:4.2
2025-07-01 18:15:16,418 [Worker-47: Download sources and javadoc] INFO  o.e.m.c.i.e.AbstractTransferListenerAdapter - Downloaded https://repo.maven.apache.org/maven2/com/lowagie/itext/2.1.7.js9/itext-2.1.7.js9-sources.jar
2025-07-01 18:15:16,422 [Worker-47: Download sources and javadoc] ERROR o.e.m.j.internal.DownloadSourcesJob - Could not download sources for com.lowagie:itext:2.1.7.js9
org.eclipse.core.runtime.CoreException: Could not resolve artifact com.lowagie:itext:jar:sources:2.1.7.js9
	at org.eclipse.m2e.core.internal.embedder.MavenImpl.lambda$7(MavenImpl.java:540)
	at org.eclipse.m2e.core.internal.embedder.MavenExecutionContext.executeBare(MavenExecutionContext.java:458)
	at org.eclipse.m2e.core.internal.embedder.MavenExecutionContext.execute(MavenExecutionContext.java:292)
	at org.eclipse.m2e.core.internal.embedder.MavenExecutionContext.execute(MavenExecutionContext.java:278)
	at org.eclipse.m2e.core.internal.embedder.MavenImpl.resolve(MavenImpl.java:509)
	at org.eclipse.m2e.core.internal.embedder.MavenImpl.resolve(MavenImpl.java:494)
	at org.eclipse.m2e.jdt.internal.DownloadSourcesJob.download(DownloadSourcesJob.java:308)
	at org.eclipse.m2e.jdt.internal.DownloadSourcesJob.downloadAttachments(DownloadSourcesJob.java:282)
	at org.eclipse.m2e.jdt.internal.DownloadSourcesJob.downloadMaven(DownloadSourcesJob.java:252)
	at org.eclipse.m2e.jdt.internal.DownloadSourcesJob.downloadFilesAndPopulateToUpdate(DownloadSourcesJob.java:220)
	at org.eclipse.m2e.jdt.internal.DownloadSourcesJob.lambda$0(DownloadSourcesJob.java:149)
	at org.eclipse.m2e.core.internal.embedder.MavenExecutionContext.executeBare(MavenExecutionContext.java:458)
	at org.eclipse.m2e.core.internal.embedder.MavenExecutionContext.execute(MavenExecutionContext.java:339)
	at org.eclipse.m2e.core.internal.embedder.MavenExecutionContext.execute(MavenExecutionContext.java:278)
	at org.eclipse.m2e.core.embedder.IMaven.execute(IMaven.java:300)
	at org.eclipse.m2e.jdt.internal.DownloadSourcesJob.run(DownloadSourcesJob.java:149)
	at org.eclipse.core.internal.jobs.Worker.run(Worker.java:63)
2025-07-01 18:15:16,465 [Worker-47: Download sources and javadoc] INFO  o.e.m.c.i.e.AbstractTransferListenerAdapter - Downloading https://repo.maven.apache.org/maven2/org/bouncycastle/bcprov-jdk15on/1.68/bcprov-jdk15on-1.68-sources.jar
2025-07-01 18:15:16,519 [Worker-47: Download sources and javadoc] INFO  o.e.m.c.i.e.AbstractTransferListenerAdapter - Downloaded https://repo.maven.apache.org/maven2/org/bouncycastle/bcprov-jdk15on/1.68/bcprov-jdk15on-1.68-sources.jar
2025-07-01 18:15:16,523 [Worker-47: Download sources and javadoc] INFO  o.e.m.j.internal.DownloadSourcesJob - Downloaded sources for org.bouncycastle:bcprov-jdk15on:1.68
2025-07-01 18:15:16,545 [Worker-47: Download sources and javadoc] INFO  o.e.m.c.i.e.AbstractTransferListenerAdapter - Downloading https://repo.maven.apache.org/maven2/org/jfree/jcommon/1.0.23/jcommon-1.0.23-sources.jar
2025-07-01 18:15:16,564 [Worker-47: Download sources and javadoc] INFO  o.e.m.c.i.e.AbstractTransferListenerAdapter - Downloaded https://repo.maven.apache.org/maven2/org/jfree/jcommon/1.0.23/jcommon-1.0.23-sources.jar
2025-07-01 18:15:16,567 [Worker-47: Download sources and javadoc] INFO  o.e.m.j.internal.DownloadSourcesJob - Downloaded sources for org.jfree:jcommon:1.0.23
2025-07-01 18:15:16,596 [Worker-47: Download sources and javadoc] INFO  o.e.m.c.i.e.AbstractTransferListenerAdapter - Downloading https://repo.maven.apache.org/maven2/org/jfree/jfreechart/1.0.19/jfreechart-1.0.19-sources.jar
2025-07-01 18:15:16,630 [Worker-47: Download sources and javadoc] INFO  o.e.m.c.i.e.AbstractTransferListenerAdapter - Downloaded https://repo.maven.apache.org/maven2/org/jfree/jfreechart/1.0.19/jfreechart-1.0.19-sources.jar
2025-07-01 18:15:16,633 [Worker-47: Download sources and javadoc] INFO  o.e.m.j.internal.DownloadSourcesJob - Downloaded sources for org.jfree:jfreechart:1.0.19
2025-07-01 18:15:16,661 [Worker-47: Download sources and javadoc] INFO  o.e.m.c.i.e.AbstractTransferListenerAdapter - Downloading https://repo.maven.apache.org/maven2/org/eclipse/jdt/ecj/3.21.0/ecj-3.21.0-sources.jar
2025-07-01 18:15:16,732 [Worker-47: Download sources and javadoc] INFO  o.e.m.c.i.e.AbstractTransferListenerAdapter - Downloaded https://repo.maven.apache.org/maven2/org/eclipse/jdt/ecj/3.21.0/ecj-3.21.0-sources.jar
2025-07-01 18:15:16,735 [Worker-47: Download sources and javadoc] INFO  o.e.m.j.internal.DownloadSourcesJob - Downloaded sources for org.eclipse.jdt:ecj:3.21.0
2025-07-01 18:15:16,757 [Worker-47: Download sources and javadoc] INFO  o.e.m.c.i.e.AbstractTransferListenerAdapter - Downloading https://repo.maven.apache.org/maven2/com/fasterxml/jackson/core/jackson-core/2.17.2/jackson-core-2.17.2-sources.jar
2025-07-01 18:15:16,780 [Worker-47: Download sources and javadoc] INFO  o.e.m.c.i.e.AbstractTransferListenerAdapter - Downloaded https://repo.maven.apache.org/maven2/com/fasterxml/jackson/core/jackson-core/2.17.2/jackson-core-2.17.2-sources.jar
2025-07-01 18:15:16,784 [Worker-47: Download sources and javadoc] INFO  o.e.m.j.internal.DownloadSourcesJob - Downloaded sources for com.fasterxml.jackson.core:jackson-core:2.17.2
2025-07-01 18:15:16,808 [Worker-47: Download sources and javadoc] INFO  o.e.m.c.i.e.AbstractTransferListenerAdapter - Downloading https://repo.maven.apache.org/maven2/com/fasterxml/jackson/core/jackson-databind/2.17.2/jackson-databind-2.17.2-sources.jar
2025-07-01 18:15:16,846 [Worker-47: Download sources and javadoc] INFO  o.e.m.c.i.e.AbstractTransferListenerAdapter - Downloaded https://repo.maven.apache.org/maven2/com/fasterxml/jackson/core/jackson-databind/2.17.2/jackson-databind-2.17.2-sources.jar
2025-07-01 18:15:16,851 [Worker-47: Download sources and javadoc] INFO  o.e.m.j.internal.DownloadSourcesJob - Downloaded sources for com.fasterxml.jackson.core:jackson-databind:2.17.2
2025-07-01 18:15:16,880 [Worker-47: Download sources and javadoc] INFO  o.e.m.c.i.e.AbstractTransferListenerAdapter - Downloading https://repo.maven.apache.org/maven2/com/fasterxml/jackson/core/jackson-annotations/2.17.2/jackson-annotations-2.17.2-sources.jar
2025-07-01 18:15:16,890 [Worker-47: Download sources and javadoc] INFO  o.e.m.c.i.e.AbstractTransferListenerAdapter - Downloaded https://repo.maven.apache.org/maven2/com/fasterxml/jackson/core/jackson-annotations/2.17.2/jackson-annotations-2.17.2-sources.jar
2025-07-01 18:15:16,894 [Worker-47: Download sources and javadoc] INFO  o.e.m.j.internal.DownloadSourcesJob - Downloaded sources for com.fasterxml.jackson.core:jackson-annotations:2.17.2
2025-07-01 18:15:16,922 [Worker-47: Download sources and javadoc] INFO  o.e.m.c.i.e.AbstractTransferListenerAdapter - Downloading https://repo.maven.apache.org/maven2/com/fasterxml/jackson/dataformat/jackson-dataformat-xml/2.17.2/jackson-dataformat-xml-2.17.2-sources.jar
2025-07-01 18:15:16,931 [Worker-47: Download sources and javadoc] INFO  o.e.m.c.i.e.AbstractTransferListenerAdapter - Downloaded https://repo.maven.apache.org/maven2/com/fasterxml/jackson/dataformat/jackson-dataformat-xml/2.17.2/jackson-dataformat-xml-2.17.2-sources.jar
2025-07-01 18:15:16,935 [Worker-47: Download sources and javadoc] INFO  o.e.m.j.internal.DownloadSourcesJob - Downloaded sources for com.fasterxml.jackson.dataformat:jackson-dataformat-xml:2.17.2
2025-07-01 18:15:16,967 [Worker-47: Download sources and javadoc] INFO  o.e.m.c.i.e.AbstractTransferListenerAdapter - Downloading https://repo.maven.apache.org/maven2/com/fasterxml/woodstox/woodstox-core/6.7.0/woodstox-core-6.7.0-sources.jar
2025-07-01 18:15:16,988 [Worker-47: Download sources and javadoc] INFO  o.e.m.c.i.e.AbstractTransferListenerAdapter - Downloaded https://repo.maven.apache.org/maven2/com/fasterxml/woodstox/woodstox-core/6.7.0/woodstox-core-6.7.0-sources.jar
2025-07-01 18:15:16,991 [Worker-47: Download sources and javadoc] INFO  o.e.m.j.internal.DownloadSourcesJob - Downloaded sources for com.fasterxml.woodstox:woodstox-core:6.7.0
2025-07-01 18:15:17,110 [Worker-47: Download sources and javadoc] INFO  o.e.m.c.i.e.AbstractTransferListenerAdapter - Downloading https://repo.maven.apache.org/maven2/org/springframework/boot/spring-boot-starter-web-services/3.3.5/spring-boot-starter-web-services-3.3.5-sources.jar
2025-07-01 18:15:17,113 [Worker-47: Download sources and javadoc] INFO  o.e.m.c.i.e.AbstractTransferListenerAdapter - Downloaded https://repo.maven.apache.org/maven2/org/springframework/boot/spring-boot-starter-web-services/3.3.5/spring-boot-starter-web-services-3.3.5-sources.jar
2025-07-01 18:15:17,117 [Worker-47: Download sources and javadoc] INFO  o.e.m.j.internal.DownloadSourcesJob - Downloaded sources for org.springframework.boot:spring-boot-starter-web-services:3.3.5
2025-07-01 18:15:17,228 [Worker-47: Download sources and javadoc] INFO  o.e.m.c.i.e.AbstractTransferListenerAdapter - Downloading https://repo.maven.apache.org/maven2/org/springframework/spring-oxm/6.1.14/spring-oxm-6.1.14-sources.jar
2025-07-01 18:15:17,233 [Worker-47: Download sources and javadoc] INFO  o.e.m.c.i.e.AbstractTransferListenerAdapter - Downloaded https://repo.maven.apache.org/maven2/org/springframework/spring-oxm/6.1.14/spring-oxm-6.1.14-sources.jar
2025-07-01 18:15:17,236 [Worker-47: Download sources and javadoc] INFO  o.e.m.j.internal.DownloadSourcesJob - Downloaded sources for org.springframework:spring-oxm:6.1.14
2025-07-01 18:15:17,257 [Worker-47: Download sources and javadoc] INFO  o.e.m.c.i.e.AbstractTransferListenerAdapter - Downloading https://repo.maven.apache.org/maven2/org/springframework/ws/spring-ws-core/4.0.11/spring-ws-core-4.0.11-sources.jar
2025-07-01 18:15:17,272 [Worker-47: Download sources and javadoc] INFO  o.e.m.c.i.e.AbstractTransferListenerAdapter - Downloaded https://repo.maven.apache.org/maven2/org/springframework/ws/spring-ws-core/4.0.11/spring-ws-core-4.0.11-sources.jar
2025-07-01 18:15:17,275 [Worker-47: Download sources and javadoc] INFO  o.e.m.j.internal.DownloadSourcesJob - Downloaded sources for org.springframework.ws:spring-ws-core:4.0.11
2025-07-01 18:15:17,298 [Worker-47: Download sources and javadoc] INFO  o.e.m.c.i.e.AbstractTransferListenerAdapter - Downloading https://repo.maven.apache.org/maven2/org/springframework/ws/spring-xml/4.0.11/spring-xml-4.0.11-sources.jar
2025-07-01 18:15:17,305 [Worker-47: Download sources and javadoc] INFO  o.e.m.c.i.e.AbstractTransferListenerAdapter - Downloaded https://repo.maven.apache.org/maven2/org/springframework/ws/spring-xml/4.0.11/spring-xml-4.0.11-sources.jar
2025-07-01 18:15:17,310 [Worker-47: Download sources and javadoc] INFO  o.e.m.j.internal.DownloadSourcesJob - Downloaded sources for org.springframework.ws:spring-xml:4.0.11
2025-07-01 18:15:43,071 [Worker-48: Updating Maven Project] INFO  o.e.m.c.i.p.ProjectConfigurationManager - Update started
2025-07-01 18:15:43,737 [Worker-48: Updating Maven Project] INFO  o.e.m.c.i.l.LifecycleMappingFactory - Using org.eclipse.m2e.jdt.JarLifecycleMapping lifecycle mapping for MavenProject: pe.cibertec.edu.pe:citas-medicas:0.0.1-SNAPSHOT @ C:\Users\Usuario\OneDrive - CIBERTEC\Desktop\ProyectoFinalDSWII\ProyCitasMedicas\proy-citas-inkasalud\pom.xml.
2025-07-01 18:15:46,547 [Worker-48: Updating Maven Project] INFO  o.e.m.j.i.AbstractJavaProjectConfigurator - Adding source folder /proy-citas-inkasalud/src/main/java
2025-07-01 18:15:46,547 [Worker-48: Updating Maven Project] INFO  o.e.m.j.i.AbstractJavaProjectConfigurator - Adding resource folder /proy-citas-inkasalud/src/main/resources
2025-07-01 18:15:46,548 [Worker-48: Updating Maven Project] INFO  o.e.m.j.i.AbstractJavaProjectConfigurator - Adding resource folder /proy-citas-inkasalud/src/main/resources
2025-07-01 18:15:46,548 [Worker-48: Updating Maven Project] INFO  o.e.m.j.i.AbstractJavaProjectConfigurator - Adding source folder /proy-citas-inkasalud/src/test/java
2025-07-01 18:15:46,548 [Worker-48: Updating Maven Project] INFO  o.e.m.j.i.AbstractJavaProjectConfigurator - Adding resource folder /proy-citas-inkasalud/src/test/resources
2025-07-01 18:15:46,931 [Worker-49: Download sources and javadoc] INFO  o.e.m.c.i.e.AbstractTransferListenerAdapter - Downloaded https://repo.maven.apache.org/maven2/com/lowagie/itext/2.1.7.js9/itext-2.1.7.js9-javadoc.jar
2025-07-01 18:15:46,933 [Worker-49: Download sources and javadoc] ERROR o.e.m.j.internal.DownloadSourcesJob - Could not download javadoc for com.lowagie:itext:2.1.7.js9
org.eclipse.core.runtime.CoreException: Could not resolve artifact com.lowagie:itext:jar:javadoc:2.1.7.js9
	at org.eclipse.m2e.core.internal.embedder.MavenImpl.lambda$7(MavenImpl.java:540)
	at org.eclipse.m2e.core.internal.embedder.MavenExecutionContext.executeBare(MavenExecutionContext.java:458)
	at org.eclipse.m2e.core.internal.embedder.MavenExecutionContext.execute(MavenExecutionContext.java:292)
	at org.eclipse.m2e.core.internal.embedder.MavenExecutionContext.execute(MavenExecutionContext.java:278)
	at org.eclipse.m2e.core.internal.embedder.MavenImpl.resolve(MavenImpl.java:509)
	at org.eclipse.m2e.core.internal.embedder.MavenImpl.resolve(MavenImpl.java:494)
	at org.eclipse.m2e.jdt.internal.DownloadSourcesJob.download(DownloadSourcesJob.java:308)
	at org.eclipse.m2e.jdt.internal.DownloadSourcesJob.downloadAttachments(DownloadSourcesJob.java:294)
	at org.eclipse.m2e.jdt.internal.DownloadSourcesJob.downloadMaven(DownloadSourcesJob.java:252)
	at org.eclipse.m2e.jdt.internal.DownloadSourcesJob.downloadFilesAndPopulateToUpdate(DownloadSourcesJob.java:220)
	at org.eclipse.m2e.jdt.internal.DownloadSourcesJob.lambda$0(DownloadSourcesJob.java:149)
	at org.eclipse.m2e.core.internal.embedder.MavenExecutionContext.executeBare(MavenExecutionContext.java:458)
	at org.eclipse.m2e.core.internal.embedder.MavenExecutionContext.execute(MavenExecutionContext.java:339)
	at org.eclipse.m2e.core.internal.embedder.MavenExecutionContext.execute(MavenExecutionContext.java:278)
	at org.eclipse.m2e.core.embedder.IMaven.execute(IMaven.java:300)
	at org.eclipse.m2e.jdt.internal.DownloadSourcesJob.run(DownloadSourcesJob.java:149)
	at org.eclipse.core.internal.jobs.Worker.run(Worker.java:63)
2025-07-01 18:15:53,008 [Worker-48: Updating Maven Project] INFO  o.e.m.c.i.p.ProjectConfigurationManager - Update completed for 1 poms: local refresh takes 0,00 sec, refresh facades takes 2,00 sec, update config takes 5,00 sec 
2025-07-01 18:15:54,051 [Worker-49: Building] INFO  o.a.m.s.f.DefaultMavenResourcesFiltering - Copying 1 resource from src\main\resources to target\classes
2025-07-01 18:15:54,087 [Worker-49: Building] INFO  o.a.m.s.f.DefaultMavenResourcesFiltering - Copying 23 resources from src\main\resources to target\classes
2025-07-01 18:15:54,124 [Worker-49: Building] INFO  o.a.m.s.f.DefaultMavenResourcesFiltering - skip non existing resourceDirectory C:\Users\Usuario\OneDrive - CIBERTEC\Desktop\ProyectoFinalDSWII\ProyCitasMedicas\proy-citas-inkasalud\src\test\resources
2025-07-01 18:17:02,146 [Worker-49: Building] INFO  o.a.m.s.f.DefaultMavenResourcesFiltering - Copying 1 resource from src\main\resources to target\classes
2025-07-01 18:17:02,153 [Worker-49: Building] INFO  o.a.m.s.f.DefaultMavenResourcesFiltering - Copying 0 resource from src\main\resources to target\classes
2025-07-01 18:17:02,156 [Worker-49: Building] INFO  o.a.m.s.f.DefaultMavenResourcesFiltering - skip non existing resourceDirectory C:\Users\Usuario\OneDrive - CIBERTEC\Desktop\ProyectoFinalDSWII\ProyCitasMedicas\proy-citas-inkasalud\src\test\resources
2025-07-01 18:30:15,621 [Worker-40: Building] INFO  o.a.m.s.f.DefaultMavenResourcesFiltering - Copying 1 resource from src\main\resources to target\classes
2025-07-01 18:30:15,626 [Worker-40: Building] INFO  o.a.m.s.f.DefaultMavenResourcesFiltering - Copying 23 resources from src\main\resources to target\classes
2025-07-01 18:30:15,633 [Worker-40: Building] INFO  o.a.m.s.f.DefaultMavenResourcesFiltering - skip non existing resourceDirectory C:\Users\Usuario\OneDrive - CIBERTEC\Desktop\ProyectoFinalDSWII\ProyCitasMedicas\proy-citas-inkasalud\src\test\resources
2025-07-01 18:30:31,056 [Worker-48: Building] INFO  o.a.m.s.f.DefaultMavenResourcesFiltering - Copying 1 resource from src\main\resources to target\classes
2025-07-01 18:30:31,061 [Worker-48: Building] INFO  o.a.m.s.f.DefaultMavenResourcesFiltering - Copying 23 resources from src\main\resources to target\classes
2025-07-01 18:30:31,067 [Worker-48: Building] INFO  o.a.m.s.f.DefaultMavenResourcesFiltering - skip non existing resourceDirectory C:\Users\Usuario\OneDrive - CIBERTEC\Desktop\ProyectoFinalDSWII\ProyCitasMedicas\proy-citas-inkasalud\src\test\resources
2025-07-01 18:31:31,589 [Worker-54: Building] INFO  o.a.m.s.f.DefaultMavenResourcesFiltering - Copying 1 resource from src\main\resources to target\classes
2025-07-01 18:31:31,594 [Worker-54: Building] INFO  o.a.m.s.f.DefaultMavenResourcesFiltering - Copying 23 resources from src\main\resources to target\classes
2025-07-01 18:31:31,600 [Worker-54: Building] INFO  o.a.m.s.f.DefaultMavenResourcesFiltering - skip non existing resourceDirectory C:\Users\Usuario\OneDrive - CIBERTEC\Desktop\ProyectoFinalDSWII\ProyCitasMedicas\proy-citas-inkasalud\src\test\resources
2025-07-01 18:32:04,201 [Worker-40: Building] INFO  o.a.m.s.f.DefaultMavenResourcesFiltering - Copying 1 resource from src\main\resources to target\classes
2025-07-01 18:32:04,205 [Worker-40: Building] INFO  o.a.m.s.f.DefaultMavenResourcesFiltering - Copying 23 resources from src\main\resources to target\classes
2025-07-01 18:32:04,211 [Worker-40: Building] INFO  o.a.m.s.f.DefaultMavenResourcesFiltering - skip non existing resourceDirectory C:\Users\Usuario\OneDrive - CIBERTEC\Desktop\ProyectoFinalDSWII\ProyCitasMedicas\proy-citas-inkasalud\src\test\resources
2025-07-01 18:32:09,358 [Worker-53: Building] INFO  o.a.m.s.f.DefaultMavenResourcesFiltering - Copying 1 resource from src\main\resources to target\classes
2025-07-01 18:32:09,363 [Worker-53: Building] INFO  o.a.m.s.f.DefaultMavenResourcesFiltering - Copying 23 resources from src\main\resources to target\classes
2025-07-01 18:32:09,370 [Worker-53: Building] INFO  o.a.m.s.f.DefaultMavenResourcesFiltering - skip non existing resourceDirectory C:\Users\Usuario\OneDrive - CIBERTEC\Desktop\ProyectoFinalDSWII\ProyCitasMedicas\proy-citas-inkasalud\src\test\resources
2025-07-01 18:32:58,823 [Worker-55: Building] INFO  o.a.m.s.f.DefaultMavenResourcesFiltering - Copying 1 resource from src\main\resources to target\classes
2025-07-01 18:32:58,828 [Worker-55: Building] INFO  o.a.m.s.f.DefaultMavenResourcesFiltering - Copying 23 resources from src\main\resources to target\classes
2025-07-01 18:32:58,834 [Worker-55: Building] INFO  o.a.m.s.f.DefaultMavenResourcesFiltering - skip non existing resourceDirectory C:\Users\Usuario\OneDrive - CIBERTEC\Desktop\ProyectoFinalDSWII\ProyCitasMedicas\proy-citas-inkasalud\src\test\resources
2025-07-01 18:33:12,252 [Worker-55: Building] INFO  o.a.m.s.f.DefaultMavenResourcesFiltering - Copying 1 resource from src\main\resources to target\classes
2025-07-01 18:33:12,257 [Worker-55: Building] INFO  o.a.m.s.f.DefaultMavenResourcesFiltering - Copying 23 resources from src\main\resources to target\classes
2025-07-01 18:33:12,263 [Worker-55: Building] INFO  o.a.m.s.f.DefaultMavenResourcesFiltering - skip non existing resourceDirectory C:\Users\Usuario\OneDrive - CIBERTEC\Desktop\ProyectoFinalDSWII\ProyCitasMedicas\proy-citas-inkasalud\src\test\resources
2025-07-01 18:33:57,387 [Worker-55: Building] INFO  o.a.m.s.f.DefaultMavenResourcesFiltering - Copying 1 resource from src\main\resources to target\classes
2025-07-01 18:33:57,392 [Worker-55: Building] INFO  o.a.m.s.f.DefaultMavenResourcesFiltering - Copying 23 resources from src\main\resources to target\classes
2025-07-01 18:33:57,399 [Worker-55: Building] INFO  o.a.m.s.f.DefaultMavenResourcesFiltering - skip non existing resourceDirectory C:\Users\Usuario\OneDrive - CIBERTEC\Desktop\ProyectoFinalDSWII\ProyCitasMedicas\proy-citas-inkasalud\src\test\resources
2025-07-01 18:34:03,938 [Worker-40: Building] INFO  o.a.m.s.f.DefaultMavenResourcesFiltering - Copying 1 resource from src\main\resources to target\classes
2025-07-01 18:34:03,943 [Worker-40: Building] INFO  o.a.m.s.f.DefaultMavenResourcesFiltering - Copying 23 resources from src\main\resources to target\classes
2025-07-01 18:34:03,949 [Worker-40: Building] INFO  o.a.m.s.f.DefaultMavenResourcesFiltering - skip non existing resourceDirectory C:\Users\Usuario\OneDrive - CIBERTEC\Desktop\ProyectoFinalDSWII\ProyCitasMedicas\proy-citas-inkasalud\src\test\resources
2025-07-01 18:34:07,822 [Worker-56: Building] INFO  o.a.m.s.f.DefaultMavenResourcesFiltering - Copying 1 resource from src\main\resources to target\classes
2025-07-01 18:34:07,826 [Worker-56: Building] INFO  o.a.m.s.f.DefaultMavenResourcesFiltering - Copying 23 resources from src\main\resources to target\classes
2025-07-01 18:34:07,832 [Worker-56: Building] INFO  o.a.m.s.f.DefaultMavenResourcesFiltering - skip non existing resourceDirectory C:\Users\Usuario\OneDrive - CIBERTEC\Desktop\ProyectoFinalDSWII\ProyCitasMedicas\proy-citas-inkasalud\src\test\resources
2025-07-01 18:34:09,928 [Worker-56: Building] INFO  o.a.m.s.f.DefaultMavenResourcesFiltering - Copying 1 resource from src\main\resources to target\classes
2025-07-01 18:34:09,933 [Worker-56: Building] INFO  o.a.m.s.f.DefaultMavenResourcesFiltering - Copying 23 resources from src\main\resources to target\classes
2025-07-01 18:34:09,939 [Worker-56: Building] INFO  o.a.m.s.f.DefaultMavenResourcesFiltering - skip non existing resourceDirectory C:\Users\Usuario\OneDrive - CIBERTEC\Desktop\ProyectoFinalDSWII\ProyCitasMedicas\proy-citas-inkasalud\src\test\resources
2025-07-01 18:34:42,312 [Worker-54: Building] INFO  o.a.m.s.f.DefaultMavenResourcesFiltering - Copying 1 resource from src\main\resources to target\classes
2025-07-01 18:34:42,317 [Worker-54: Building] INFO  o.a.m.s.f.DefaultMavenResourcesFiltering - Copying 23 resources from src\main\resources to target\classes
2025-07-01 18:34:42,324 [Worker-54: Building] INFO  o.a.m.s.f.DefaultMavenResourcesFiltering - skip non existing resourceDirectory C:\Users\Usuario\OneDrive - CIBERTEC\Desktop\ProyectoFinalDSWII\ProyCitasMedicas\proy-citas-inkasalud\src\test\resources
2025-07-01 18:34:48,445 [Worker-40: Building] INFO  o.a.m.s.f.DefaultMavenResourcesFiltering - Copying 1 resource from src\main\resources to target\classes
2025-07-01 18:34:48,449 [Worker-40: Building] INFO  o.a.m.s.f.DefaultMavenResourcesFiltering - Copying 23 resources from src\main\resources to target\classes
2025-07-01 18:34:48,455 [Worker-40: Building] INFO  o.a.m.s.f.DefaultMavenResourcesFiltering - skip non existing resourceDirectory C:\Users\Usuario\OneDrive - CIBERTEC\Desktop\ProyectoFinalDSWII\ProyCitasMedicas\proy-citas-inkasalud\src\test\resources
2025-07-01 18:34:57,825 [Worker-56: Building] INFO  o.a.m.s.f.DefaultMavenResourcesFiltering - Copying 1 resource from src\main\resources to target\classes
2025-07-01 18:34:57,829 [Worker-56: Building] INFO  o.a.m.s.f.DefaultMavenResourcesFiltering - Copying 23 resources from src\main\resources to target\classes
2025-07-01 18:34:57,835 [Worker-56: Building] INFO  o.a.m.s.f.DefaultMavenResourcesFiltering - skip non existing resourceDirectory C:\Users\Usuario\OneDrive - CIBERTEC\Desktop\ProyectoFinalDSWII\ProyCitasMedicas\proy-citas-inkasalud\src\test\resources
2025-07-01 18:35:01,427 [Worker-58: Building] INFO  o.a.m.s.f.DefaultMavenResourcesFiltering - Copying 1 resource from src\main\resources to target\classes
2025-07-01 18:35:01,431 [Worker-58: Building] INFO  o.a.m.s.f.DefaultMavenResourcesFiltering - Copying 23 resources from src\main\resources to target\classes
2025-07-01 18:35:01,437 [Worker-58: Building] INFO  o.a.m.s.f.DefaultMavenResourcesFiltering - skip non existing resourceDirectory C:\Users\Usuario\OneDrive - CIBERTEC\Desktop\ProyectoFinalDSWII\ProyCitasMedicas\proy-citas-inkasalud\src\test\resources
2025-07-01 18:36:08,980 [Worker-48: Building] INFO  o.a.m.s.f.DefaultMavenResourcesFiltering - Copying 1 resource from src\main\resources to target\classes
2025-07-01 18:36:08,985 [Worker-48: Building] INFO  o.a.m.s.f.DefaultMavenResourcesFiltering - Copying 23 resources from src\main\resources to target\classes
2025-07-01 18:36:08,991 [Worker-48: Building] INFO  o.a.m.s.f.DefaultMavenResourcesFiltering - skip non existing resourceDirectory C:\Users\Usuario\OneDrive - CIBERTEC\Desktop\ProyectoFinalDSWII\ProyCitasMedicas\proy-citas-inkasalud\src\test\resources
2025-07-01 18:36:15,632 [Worker-40: Building] INFO  o.a.m.s.f.DefaultMavenResourcesFiltering - Copying 1 resource from src\main\resources to target\classes
2025-07-01 18:36:15,637 [Worker-40: Building] INFO  o.a.m.s.f.DefaultMavenResourcesFiltering - Copying 23 resources from src\main\resources to target\classes
2025-07-01 18:36:15,643 [Worker-40: Building] INFO  o.a.m.s.f.DefaultMavenResourcesFiltering - skip non existing resourceDirectory C:\Users\Usuario\OneDrive - CIBERTEC\Desktop\ProyectoFinalDSWII\ProyCitasMedicas\proy-citas-inkasalud\src\test\resources
2025-07-01 18:36:22,248 [Worker-58: Building] INFO  o.a.m.s.f.DefaultMavenResourcesFiltering - Copying 1 resource from src\main\resources to target\classes
2025-07-01 18:36:22,253 [Worker-58: Building] INFO  o.a.m.s.f.DefaultMavenResourcesFiltering - Copying 23 resources from src\main\resources to target\classes
2025-07-01 18:36:22,259 [Worker-58: Building] INFO  o.a.m.s.f.DefaultMavenResourcesFiltering - skip non existing resourceDirectory C:\Users\Usuario\OneDrive - CIBERTEC\Desktop\ProyectoFinalDSWII\ProyCitasMedicas\proy-citas-inkasalud\src\test\resources
2025-07-01 18:36:24,918 [Worker-54: Building] INFO  o.a.m.s.f.DefaultMavenResourcesFiltering - Copying 1 resource from src\main\resources to target\classes
2025-07-01 18:36:24,924 [Worker-54: Building] INFO  o.a.m.s.f.DefaultMavenResourcesFiltering - Copying 23 resources from src\main\resources to target\classes
2025-07-01 18:36:24,931 [Worker-54: Building] INFO  o.a.m.s.f.DefaultMavenResourcesFiltering - skip non existing resourceDirectory C:\Users\Usuario\OneDrive - CIBERTEC\Desktop\ProyectoFinalDSWII\ProyCitasMedicas\proy-citas-inkasalud\src\test\resources
2025-07-01 18:36:29,202 [Worker-57: Building] INFO  o.a.m.s.f.DefaultMavenResourcesFiltering - Copying 1 resource from src\main\resources to target\classes
2025-07-01 18:36:29,206 [Worker-57: Building] INFO  o.a.m.s.f.DefaultMavenResourcesFiltering - Copying 23 resources from src\main\resources to target\classes
2025-07-01 18:36:29,212 [Worker-57: Building] INFO  o.a.m.s.f.DefaultMavenResourcesFiltering - skip non existing resourceDirectory C:\Users\Usuario\OneDrive - CIBERTEC\Desktop\ProyectoFinalDSWII\ProyCitasMedicas\proy-citas-inkasalud\src\test\resources
2025-07-01 18:36:44,499 [Worker-55: Building] INFO  o.a.m.s.f.DefaultMavenResourcesFiltering - Copying 1 resource from src\main\resources to target\classes
2025-07-01 18:36:44,506 [Worker-55: Building] INFO  o.a.m.s.f.DefaultMavenResourcesFiltering - Copying 23 resources from src\main\resources to target\classes
2025-07-01 18:36:44,514 [Worker-55: Building] INFO  o.a.m.s.f.DefaultMavenResourcesFiltering - skip non existing resourceDirectory C:\Users\Usuario\OneDrive - CIBERTEC\Desktop\ProyectoFinalDSWII\ProyCitasMedicas\proy-citas-inkasalud\src\test\resources
2025-07-01 18:42:02,691 [Worker-56: Building] INFO  o.a.m.s.f.DefaultMavenResourcesFiltering - Copying 0 resource from src\main\resources to target\classes
2025-07-01 18:42:02,693 [Worker-56: Building] INFO  o.a.m.s.f.DefaultMavenResourcesFiltering - Copying 1 resource from src\main\resources to target\classes
2025-07-01 18:42:02,696 [Worker-56: Building] INFO  o.a.m.s.f.DefaultMavenResourcesFiltering - skip non existing resourceDirectory C:\Users\Usuario\OneDrive - CIBERTEC\Desktop\ProyectoFinalDSWII\ProyCitasMedicas\proy-citas-inkasalud\src\test\resources
2025-07-01 18:43:10,429 [Worker-60: Updating Maven Project] INFO  o.e.m.c.i.p.ProjectConfigurationManager - Update started
2025-07-01 18:43:10,828 [Worker-60: Updating Maven Project] INFO  o.e.m.c.i.l.LifecycleMappingFactory - Using org.eclipse.m2e.jdt.JarLifecycleMapping lifecycle mapping for MavenProject: pe.cibertec.edu.pe:citas-medicas:0.0.1-SNAPSHOT @ C:\Users\Usuario\OneDrive - CIBERTEC\Desktop\ProyectoFinalDSWII\ProyCitasMedicas\proy-citas-inkasalud\pom.xml.
2025-07-01 18:43:11,423 [Worker-60: Updating Maven Project] INFO  o.e.m.j.i.AbstractJavaProjectConfigurator - Adding source folder /proy-citas-inkasalud/src/main/java
2025-07-01 18:43:11,423 [Worker-60: Updating Maven Project] INFO  o.e.m.j.i.AbstractJavaProjectConfigurator - Adding resource folder /proy-citas-inkasalud/src/main/resources
2025-07-01 18:43:11,424 [Worker-60: Updating Maven Project] INFO  o.e.m.j.i.AbstractJavaProjectConfigurator - Adding resource folder /proy-citas-inkasalud/src/main/resources
2025-07-01 18:43:11,424 [Worker-60: Updating Maven Project] INFO  o.e.m.j.i.AbstractJavaProjectConfigurator - Adding source folder /proy-citas-inkasalud/src/test/java
2025-07-01 18:43:11,424 [Worker-60: Updating Maven Project] INFO  o.e.m.j.i.AbstractJavaProjectConfigurator - Adding resource folder /proy-citas-inkasalud/src/test/resources
2025-07-01 18:43:11,737 [Worker-60: Updating Maven Project] INFO  o.e.m.c.i.p.ProjectConfigurationManager - Update completed for 1 poms: local refresh takes 0,00 sec, refresh facades takes 0,00 sec, update config takes 0,00 sec 
2025-07-01 18:43:12,226 [Worker-60: Building] INFO  o.a.m.s.f.DefaultMavenResourcesFiltering - Copying 1 resource from src\main\resources to target\classes
2025-07-01 18:43:12,272 [Worker-60: Building] INFO  o.a.m.s.f.DefaultMavenResourcesFiltering - Copying 23 resources from src\main\resources to target\classes
2025-07-01 18:43:12,301 [Worker-60: Building] INFO  o.a.m.s.f.DefaultMavenResourcesFiltering - skip non existing resourceDirectory C:\Users\Usuario\OneDrive - CIBERTEC\Desktop\ProyectoFinalDSWII\ProyCitasMedicas\proy-citas-inkasalud\src\test\resources
2025-07-01 18:46:35,336 [Worker-63: Building] INFO  o.a.m.s.f.DefaultMavenResourcesFiltering - Copying 1 resource from src\main\resources to target\classes
2025-07-01 18:46:35,343 [Worker-63: Building] INFO  o.a.m.s.f.DefaultMavenResourcesFiltering - Copying 23 resources from src\main\resources to target\classes
2025-07-01 18:46:35,350 [Worker-63: Building] INFO  o.a.m.s.f.DefaultMavenResourcesFiltering - skip non existing resourceDirectory C:\Users\Usuario\OneDrive - CIBERTEC\Desktop\ProyectoFinalDSWII\ProyCitasMedicas\proy-citas-inkasalud\src\test\resources
2025-07-01 18:46:45,196 [Worker-63: Building] INFO  o.a.m.s.f.DefaultMavenResourcesFiltering - Copying 1 resource from src\main\resources to target\classes
2025-07-01 18:46:45,201 [Worker-63: Building] INFO  o.a.m.s.f.DefaultMavenResourcesFiltering - Copying 23 resources from src\main\resources to target\classes
2025-07-01 18:46:45,207 [Worker-63: Building] INFO  o.a.m.s.f.DefaultMavenResourcesFiltering - skip non existing resourceDirectory C:\Users\Usuario\OneDrive - CIBERTEC\Desktop\ProyectoFinalDSWII\ProyCitasMedicas\proy-citas-inkasalud\src\test\resources
2025-07-01 18:46:49,711 [Worker-63: Building] INFO  o.a.m.s.f.DefaultMavenResourcesFiltering - Copying 1 resource from src\main\resources to target\classes
2025-07-01 18:46:49,715 [Worker-63: Building] INFO  o.a.m.s.f.DefaultMavenResourcesFiltering - Copying 23 resources from src\main\resources to target\classes
2025-07-01 18:46:49,721 [Worker-63: Building] INFO  o.a.m.s.f.DefaultMavenResourcesFiltering - skip non existing resourceDirectory C:\Users\Usuario\OneDrive - CIBERTEC\Desktop\ProyectoFinalDSWII\ProyCitasMedicas\proy-citas-inkasalud\src\test\resources
2025-07-01 18:48:42,300 [Worker-61: Building] INFO  o.a.m.s.f.DefaultMavenResourcesFiltering - Copying 0 resource from src\main\resources to target\classes
2025-07-01 18:48:42,303 [Worker-61: Building] INFO  o.a.m.s.f.DefaultMavenResourcesFiltering - Copying 1 resource from src\main\resources to target\classes
2025-07-01 18:48:42,306 [Worker-61: Building] INFO  o.a.m.s.f.DefaultMavenResourcesFiltering - skip non existing resourceDirectory C:\Users\Usuario\OneDrive - CIBERTEC\Desktop\ProyectoFinalDSWII\ProyCitasMedicas\proy-citas-inkasalud\src\test\resources
2025-07-01 18:49:24,338 [Worker-56: Building] INFO  o.a.m.s.f.DefaultMavenResourcesFiltering - Copying 0 resource from src\main\resources to target\classes
2025-07-01 18:49:24,340 [Worker-56: Building] INFO  o.a.m.s.f.DefaultMavenResourcesFiltering - Copying 1 resource from src\main\resources to target\classes
2025-07-01 18:49:24,343 [Worker-56: Building] INFO  o.a.m.s.f.DefaultMavenResourcesFiltering - skip non existing resourceDirectory C:\Users\Usuario\OneDrive - CIBERTEC\Desktop\ProyectoFinalDSWII\ProyCitasMedicas\proy-citas-inkasalud\src\test\resources
2025-07-01 18:49:34,680 [Worker-65: Building] INFO  o.a.m.s.f.DefaultMavenResourcesFiltering - Copying 0 resource from src\main\resources to target\classes
2025-07-01 18:49:34,683 [Worker-65: Building] INFO  o.a.m.s.f.DefaultMavenResourcesFiltering - Copying 1 resource from src\main\resources to target\classes
2025-07-01 18:49:34,685 [Worker-65: Building] INFO  o.a.m.s.f.DefaultMavenResourcesFiltering - skip non existing resourceDirectory C:\Users\Usuario\OneDrive - CIBERTEC\Desktop\ProyectoFinalDSWII\ProyCitasMedicas\proy-citas-inkasalud\src\test\resources
2025-07-01 18:50:39,767 [Worker-67: Building] INFO  o.a.m.s.f.DefaultMavenResourcesFiltering - Copying 0 resource from src\main\resources to target\classes
2025-07-01 18:50:39,769 [Worker-67: Building] INFO  o.a.m.s.f.DefaultMavenResourcesFiltering - Copying 1 resource from src\main\resources to target\classes
2025-07-01 18:50:39,772 [Worker-67: Building] INFO  o.a.m.s.f.DefaultMavenResourcesFiltering - skip non existing resourceDirectory C:\Users\Usuario\OneDrive - CIBERTEC\Desktop\ProyectoFinalDSWII\ProyCitasMedicas\proy-citas-inkasalud\src\test\resources
2025-07-01 18:52:27,441 [Worker-64: Building] INFO  o.a.m.s.f.DefaultMavenResourcesFiltering - Copying 0 resource from src\main\resources to target\classes
2025-07-01 18:52:27,443 [Worker-64: Building] INFO  o.a.m.s.f.DefaultMavenResourcesFiltering - Copying 1 resource from src\main\resources to target\classes
2025-07-01 18:52:27,446 [Worker-64: Building] INFO  o.a.m.s.f.DefaultMavenResourcesFiltering - skip non existing resourceDirectory C:\Users\Usuario\OneDrive - CIBERTEC\Desktop\ProyectoFinalDSWII\ProyCitasMedicas\proy-citas-inkasalud\src\test\resources
2025-07-01 18:53:12,117 [Worker-68: Building] INFO  o.a.m.s.f.DefaultMavenResourcesFiltering - Copying 0 resource from src\main\resources to target\classes
2025-07-01 18:53:12,119 [Worker-68: Building] INFO  o.a.m.s.f.DefaultMavenResourcesFiltering - Copying 1 resource from src\main\resources to target\classes
2025-07-01 18:53:12,122 [Worker-68: Building] INFO  o.a.m.s.f.DefaultMavenResourcesFiltering - skip non existing resourceDirectory C:\Users\Usuario\OneDrive - CIBERTEC\Desktop\ProyectoFinalDSWII\ProyCitasMedicas\proy-citas-inkasalud\src\test\resources
2025-07-01 18:58:41,571 [Worker-71: Building] INFO  o.a.m.s.f.DefaultMavenResourcesFiltering - Copying 0 resource from src\main\resources to target\classes
2025-07-01 18:58:41,573 [Worker-71: Building] INFO  o.a.m.s.f.DefaultMavenResourcesFiltering - Copying 1 resource from src\main\resources to target\classes
2025-07-01 18:58:41,576 [Worker-71: Building] INFO  o.a.m.s.f.DefaultMavenResourcesFiltering - skip non existing resourceDirectory C:\Users\Usuario\OneDrive - CIBERTEC\Desktop\ProyectoFinalDSWII\ProyCitasMedicas\proy-citas-inkasalud\src\test\resources
2025-07-01 19:00:04,382 [Worker-71: Building] INFO  o.a.m.s.f.DefaultMavenResourcesFiltering - Copying 0 resource from src\main\resources to target\classes
2025-07-01 19:00:04,384 [Worker-71: Building] INFO  o.a.m.s.f.DefaultMavenResourcesFiltering - Copying 1 resource from src\main\resources to target\classes
2025-07-01 19:00:04,387 [Worker-71: Building] INFO  o.a.m.s.f.DefaultMavenResourcesFiltering - skip non existing resourceDirectory C:\Users\Usuario\OneDrive - CIBERTEC\Desktop\ProyectoFinalDSWII\ProyCitasMedicas\proy-citas-inkasalud\src\test\resources
2025-07-01 19:01:23,611 [Worker-68: Building] INFO  o.a.m.s.f.DefaultMavenResourcesFiltering - Copying 1 resource from src\main\resources to target\classes
2025-07-01 19:01:23,617 [Worker-68: Building] INFO  o.a.m.s.f.DefaultMavenResourcesFiltering - Copying 23 resources from src\main\resources to target\classes
2025-07-01 19:01:23,623 [Worker-68: Building] INFO  o.a.m.s.f.DefaultMavenResourcesFiltering - skip non existing resourceDirectory C:\Users\Usuario\OneDrive - CIBERTEC\Desktop\ProyectoFinalDSWII\ProyCitasMedicas\proy-citas-inkasalud\src\test\resources
2025-07-01 19:01:30,144 [Worker-72: Building] INFO  o.a.m.s.f.DefaultMavenResourcesFiltering - Copying 1 resource from src\main\resources to target\classes
2025-07-01 19:01:30,149 [Worker-72: Building] INFO  o.a.m.s.f.DefaultMavenResourcesFiltering - Copying 23 resources from src\main\resources to target\classes
2025-07-01 19:01:30,155 [Worker-72: Building] INFO  o.a.m.s.f.DefaultMavenResourcesFiltering - skip non existing resourceDirectory C:\Users\Usuario\OneDrive - CIBERTEC\Desktop\ProyectoFinalDSWII\ProyCitasMedicas\proy-citas-inkasalud\src\test\resources
2025-07-01 19:01:42,332 [Worker-68: Building] INFO  o.a.m.s.f.DefaultMavenResourcesFiltering - Copying 1 resource from src\main\resources to target\classes
2025-07-01 19:01:42,338 [Worker-68: Building] INFO  o.a.m.s.f.DefaultMavenResourcesFiltering - Copying 23 resources from src\main\resources to target\classes
2025-07-01 19:01:42,344 [Worker-68: Building] INFO  o.a.m.s.f.DefaultMavenResourcesFiltering - skip non existing resourceDirectory C:\Users\Usuario\OneDrive - CIBERTEC\Desktop\ProyectoFinalDSWII\ProyCitasMedicas\proy-citas-inkasalud\src\test\resources
2025-07-01 19:02:27,214 [Worker-74: Building] INFO  o.a.m.s.f.DefaultMavenResourcesFiltering - Copying 1 resource from src\main\resources to target\classes
2025-07-01 19:02:27,219 [Worker-74: Building] INFO  o.a.m.s.f.DefaultMavenResourcesFiltering - Copying 23 resources from src\main\resources to target\classes
2025-07-01 19:02:27,225 [Worker-74: Building] INFO  o.a.m.s.f.DefaultMavenResourcesFiltering - skip non existing resourceDirectory C:\Users\Usuario\OneDrive - CIBERTEC\Desktop\ProyectoFinalDSWII\ProyCitasMedicas\proy-citas-inkasalud\src\test\resources
2025-07-01 19:02:47,520 [Worker-71: Building] INFO  o.a.m.s.f.DefaultMavenResourcesFiltering - Copying 1 resource from src\main\resources to target\classes
2025-07-01 19:02:47,525 [Worker-71: Building] INFO  o.a.m.s.f.DefaultMavenResourcesFiltering - Copying 23 resources from src\main\resources to target\classes
2025-07-01 19:02:47,532 [Worker-71: Building] INFO  o.a.m.s.f.DefaultMavenResourcesFiltering - skip non existing resourceDirectory C:\Users\Usuario\OneDrive - CIBERTEC\Desktop\ProyectoFinalDSWII\ProyCitasMedicas\proy-citas-inkasalud\src\test\resources
2025-07-01 19:02:52,512 [Worker-61: Building] INFO  o.a.m.s.f.DefaultMavenResourcesFiltering - Copying 1 resource from src\main\resources to target\classes
2025-07-01 19:02:52,517 [Worker-61: Building] INFO  o.a.m.s.f.DefaultMavenResourcesFiltering - Copying 23 resources from src\main\resources to target\classes
2025-07-01 19:02:52,523 [Worker-61: Building] INFO  o.a.m.s.f.DefaultMavenResourcesFiltering - skip non existing resourceDirectory C:\Users\Usuario\OneDrive - CIBERTEC\Desktop\ProyectoFinalDSWII\ProyCitasMedicas\proy-citas-inkasalud\src\test\resources
2025-07-01 19:03:00,990 [Worker-71: Building] INFO  o.a.m.s.f.DefaultMavenResourcesFiltering - Copying 1 resource from src\main\resources to target\classes
2025-07-01 19:03:00,994 [Worker-71: Building] INFO  o.a.m.s.f.DefaultMavenResourcesFiltering - Copying 23 resources from src\main\resources to target\classes
2025-07-01 19:03:01,000 [Worker-71: Building] INFO  o.a.m.s.f.DefaultMavenResourcesFiltering - skip non existing resourceDirectory C:\Users\Usuario\OneDrive - CIBERTEC\Desktop\ProyectoFinalDSWII\ProyCitasMedicas\proy-citas-inkasalud\src\test\resources
2025-07-01 19:03:26,431 [Worker-61: Building] INFO  o.a.m.s.f.DefaultMavenResourcesFiltering - Copying 1 resource from src\main\resources to target\classes
2025-07-01 19:03:26,435 [Worker-61: Building] INFO  o.a.m.s.f.DefaultMavenResourcesFiltering - Copying 23 resources from src\main\resources to target\classes
2025-07-01 19:03:26,442 [Worker-61: Building] INFO  o.a.m.s.f.DefaultMavenResourcesFiltering - skip non existing resourceDirectory C:\Users\Usuario\OneDrive - CIBERTEC\Desktop\ProyectoFinalDSWII\ProyCitasMedicas\proy-citas-inkasalud\src\test\resources
2025-07-01 19:03:29,739 [Worker-61: Building] INFO  o.a.m.s.f.DefaultMavenResourcesFiltering - Copying 1 resource from src\main\resources to target\classes
2025-07-01 19:03:29,745 [Worker-61: Building] INFO  o.a.m.s.f.DefaultMavenResourcesFiltering - Copying 23 resources from src\main\resources to target\classes
2025-07-01 19:03:29,752 [Worker-61: Building] INFO  o.a.m.s.f.DefaultMavenResourcesFiltering - skip non existing resourceDirectory C:\Users\Usuario\OneDrive - CIBERTEC\Desktop\ProyectoFinalDSWII\ProyCitasMedicas\proy-citas-inkasalud\src\test\resources
2025-07-01 19:04:37,779 [Worker-72: Building] INFO  o.a.m.s.f.DefaultMavenResourcesFiltering - Copying 1 resource from src\main\resources to target\classes
2025-07-01 19:04:37,785 [Worker-72: Building] INFO  o.a.m.s.f.DefaultMavenResourcesFiltering - Copying 23 resources from src\main\resources to target\classes
2025-07-01 19:04:37,791 [Worker-72: Building] INFO  o.a.m.s.f.DefaultMavenResourcesFiltering - skip non existing resourceDirectory C:\Users\Usuario\OneDrive - CIBERTEC\Desktop\ProyectoFinalDSWII\ProyCitasMedicas\proy-citas-inkasalud\src\test\resources
2025-07-01 19:05:21,208 [Worker-72: Building] INFO  o.a.m.s.f.DefaultMavenResourcesFiltering - Copying 1 resource from src\main\resources to target\classes
2025-07-01 19:05:21,212 [Worker-72: Building] INFO  o.a.m.s.f.DefaultMavenResourcesFiltering - Copying 23 resources from src\main\resources to target\classes
2025-07-01 19:05:21,219 [Worker-72: Building] INFO  o.a.m.s.f.DefaultMavenResourcesFiltering - skip non existing resourceDirectory C:\Users\Usuario\OneDrive - CIBERTEC\Desktop\ProyectoFinalDSWII\ProyCitasMedicas\proy-citas-inkasalud\src\test\resources
2025-07-01 19:05:33,337 [Worker-71: Building] INFO  o.a.m.s.f.DefaultMavenResourcesFiltering - Copying 1 resource from src\main\resources to target\classes
2025-07-01 19:05:33,342 [Worker-71: Building] INFO  o.a.m.s.f.DefaultMavenResourcesFiltering - Copying 23 resources from src\main\resources to target\classes
2025-07-01 19:05:33,348 [Worker-71: Building] INFO  o.a.m.s.f.DefaultMavenResourcesFiltering - skip non existing resourceDirectory C:\Users\Usuario\OneDrive - CIBERTEC\Desktop\ProyectoFinalDSWII\ProyCitasMedicas\proy-citas-inkasalud\src\test\resources
2025-07-01 19:05:42,296 [Worker-61: Building] INFO  o.a.m.s.f.DefaultMavenResourcesFiltering - Copying 1 resource from src\main\resources to target\classes
2025-07-01 19:05:42,302 [Worker-61: Building] INFO  o.a.m.s.f.DefaultMavenResourcesFiltering - Copying 23 resources from src\main\resources to target\classes
2025-07-01 19:05:42,308 [Worker-61: Building] INFO  o.a.m.s.f.DefaultMavenResourcesFiltering - skip non existing resourceDirectory C:\Users\Usuario\OneDrive - CIBERTEC\Desktop\ProyectoFinalDSWII\ProyCitasMedicas\proy-citas-inkasalud\src\test\resources
2025-07-01 19:06:14,109 [Worker-68: Building] INFO  o.a.m.s.f.DefaultMavenResourcesFiltering - Copying 1 resource from src\main\resources to target\classes
2025-07-01 19:06:14,114 [Worker-68: Building] INFO  o.a.m.s.f.DefaultMavenResourcesFiltering - Copying 23 resources from src\main\resources to target\classes
2025-07-01 19:06:14,120 [Worker-68: Building] INFO  o.a.m.s.f.DefaultMavenResourcesFiltering - skip non existing resourceDirectory C:\Users\Usuario\OneDrive - CIBERTEC\Desktop\ProyectoFinalDSWII\ProyCitasMedicas\proy-citas-inkasalud\src\test\resources
2025-07-01 19:06:20,153 [Worker-76: Building] INFO  o.a.m.s.f.DefaultMavenResourcesFiltering - Copying 1 resource from src\main\resources to target\classes
2025-07-01 19:06:20,158 [Worker-76: Building] INFO  o.a.m.s.f.DefaultMavenResourcesFiltering - Copying 23 resources from src\main\resources to target\classes
2025-07-01 19:06:20,163 [Worker-76: Building] INFO  o.a.m.s.f.DefaultMavenResourcesFiltering - skip non existing resourceDirectory C:\Users\Usuario\OneDrive - CIBERTEC\Desktop\ProyectoFinalDSWII\ProyCitasMedicas\proy-citas-inkasalud\src\test\resources
2025-07-01 19:06:35,959 [Worker-74: Building] INFO  o.a.m.s.f.DefaultMavenResourcesFiltering - Copying 1 resource from src\main\resources to target\classes
2025-07-01 19:06:35,964 [Worker-74: Building] INFO  o.a.m.s.f.DefaultMavenResourcesFiltering - Copying 23 resources from src\main\resources to target\classes
2025-07-01 19:06:35,970 [Worker-74: Building] INFO  o.a.m.s.f.DefaultMavenResourcesFiltering - skip non existing resourceDirectory C:\Users\Usuario\OneDrive - CIBERTEC\Desktop\ProyectoFinalDSWII\ProyCitasMedicas\proy-citas-inkasalud\src\test\resources
2025-07-01 19:06:40,605 [Worker-74: Building] INFO  o.a.m.s.f.DefaultMavenResourcesFiltering - Copying 1 resource from src\main\resources to target\classes
2025-07-01 19:06:40,610 [Worker-74: Building] INFO  o.a.m.s.f.DefaultMavenResourcesFiltering - Copying 23 resources from src\main\resources to target\classes
2025-07-01 19:06:40,616 [Worker-74: Building] INFO  o.a.m.s.f.DefaultMavenResourcesFiltering - skip non existing resourceDirectory C:\Users\Usuario\OneDrive - CIBERTEC\Desktop\ProyectoFinalDSWII\ProyCitasMedicas\proy-citas-inkasalud\src\test\resources
2025-07-01 19:07:08,548 [Worker-74: Building] INFO  o.a.m.s.f.DefaultMavenResourcesFiltering - Copying 1 resource from src\main\resources to target\classes
2025-07-01 19:07:08,554 [Worker-74: Building] INFO  o.a.m.s.f.DefaultMavenResourcesFiltering - Copying 23 resources from src\main\resources to target\classes
2025-07-01 19:07:08,560 [Worker-74: Building] INFO  o.a.m.s.f.DefaultMavenResourcesFiltering - skip non existing resourceDirectory C:\Users\Usuario\OneDrive - CIBERTEC\Desktop\ProyectoFinalDSWII\ProyCitasMedicas\proy-citas-inkasalud\src\test\resources
2025-07-01 19:07:24,384 [Worker-71: Building] INFO  o.a.m.s.f.DefaultMavenResourcesFiltering - Copying 1 resource from src\main\resources to target\classes
2025-07-01 19:07:24,388 [Worker-71: Building] INFO  o.a.m.s.f.DefaultMavenResourcesFiltering - Copying 23 resources from src\main\resources to target\classes
2025-07-01 19:07:24,394 [Worker-71: Building] INFO  o.a.m.s.f.DefaultMavenResourcesFiltering - skip non existing resourceDirectory C:\Users\Usuario\OneDrive - CIBERTEC\Desktop\ProyectoFinalDSWII\ProyCitasMedicas\proy-citas-inkasalud\src\test\resources
2025-07-01 19:07:34,357 [Worker-76: Building] INFO  o.a.m.s.f.DefaultMavenResourcesFiltering - Copying 1 resource from src\main\resources to target\classes
2025-07-01 19:07:34,364 [Worker-76: Building] INFO  o.a.m.s.f.DefaultMavenResourcesFiltering - Copying 23 resources from src\main\resources to target\classes
2025-07-01 19:07:34,372 [Worker-76: Building] INFO  o.a.m.s.f.DefaultMavenResourcesFiltering - skip non existing resourceDirectory C:\Users\Usuario\OneDrive - CIBERTEC\Desktop\ProyectoFinalDSWII\ProyCitasMedicas\proy-citas-inkasalud\src\test\resources
2025-07-01 19:07:46,179 [Worker-68: Building] INFO  o.a.m.s.f.DefaultMavenResourcesFiltering - Copying 1 resource from src\main\resources to target\classes
2025-07-01 19:07:46,184 [Worker-68: Building] INFO  o.a.m.s.f.DefaultMavenResourcesFiltering - Copying 23 resources from src\main\resources to target\classes
2025-07-01 19:07:46,190 [Worker-68: Building] INFO  o.a.m.s.f.DefaultMavenResourcesFiltering - skip non existing resourceDirectory C:\Users\Usuario\OneDrive - CIBERTEC\Desktop\ProyectoFinalDSWII\ProyCitasMedicas\proy-citas-inkasalud\src\test\resources
2025-07-01 19:07:57,418 [Worker-68: Building] INFO  o.a.m.s.f.DefaultMavenResourcesFiltering - Copying 1 resource from src\main\resources to target\classes
2025-07-01 19:07:57,423 [Worker-68: Building] INFO  o.a.m.s.f.DefaultMavenResourcesFiltering - Copying 23 resources from src\main\resources to target\classes
2025-07-01 19:07:57,429 [Worker-68: Building] INFO  o.a.m.s.f.DefaultMavenResourcesFiltering - skip non existing resourceDirectory C:\Users\Usuario\OneDrive - CIBERTEC\Desktop\ProyectoFinalDSWII\ProyCitasMedicas\proy-citas-inkasalud\src\test\resources
2025-07-01 19:09:01,142 [Worker-68: Building] INFO  o.a.m.s.f.DefaultMavenResourcesFiltering - Copying 0 resource from src\main\resources to target\classes
2025-07-01 19:09:01,144 [Worker-68: Building] INFO  o.a.m.s.f.DefaultMavenResourcesFiltering - Copying 1 resource from src\main\resources to target\classes
2025-07-01 19:09:01,146 [Worker-68: Building] INFO  o.a.m.s.f.DefaultMavenResourcesFiltering - skip non existing resourceDirectory C:\Users\Usuario\OneDrive - CIBERTEC\Desktop\ProyectoFinalDSWII\ProyCitasMedicas\proy-citas-inkasalud\src\test\resources
2025-07-01 19:09:28,119 [Worker-76: Building] INFO  o.a.m.s.f.DefaultMavenResourcesFiltering - Copying 0 resource from src\main\resources to target\classes
2025-07-01 19:09:28,121 [Worker-76: Building] INFO  o.a.m.s.f.DefaultMavenResourcesFiltering - Copying 1 resource from src\main\resources to target\classes
2025-07-01 19:09:28,124 [Worker-76: Building] INFO  o.a.m.s.f.DefaultMavenResourcesFiltering - skip non existing resourceDirectory C:\Users\Usuario\OneDrive - CIBERTEC\Desktop\ProyectoFinalDSWII\ProyCitasMedicas\proy-citas-inkasalud\src\test\resources
2025-07-01 19:10:05,612 [Worker-74: Building] INFO  o.a.m.s.f.DefaultMavenResourcesFiltering - Copying 0 resource from src\main\resources to target\classes
2025-07-01 19:10:05,614 [Worker-74: Building] INFO  o.a.m.s.f.DefaultMavenResourcesFiltering - Copying 1 resource from src\main\resources to target\classes
2025-07-01 19:10:05,616 [Worker-74: Building] INFO  o.a.m.s.f.DefaultMavenResourcesFiltering - skip non existing resourceDirectory C:\Users\Usuario\OneDrive - CIBERTEC\Desktop\ProyectoFinalDSWII\ProyCitasMedicas\proy-citas-inkasalud\src\test\resources
2025-07-01 19:10:08,261 [Worker-72: Building] INFO  o.a.m.s.f.DefaultMavenResourcesFiltering - Copying 0 resource from src\main\resources to target\classes
2025-07-01 19:10:08,263 [Worker-72: Building] INFO  o.a.m.s.f.DefaultMavenResourcesFiltering - Copying 1 resource from src\main\resources to target\classes
2025-07-01 19:10:08,265 [Worker-72: Building] INFO  o.a.m.s.f.DefaultMavenResourcesFiltering - skip non existing resourceDirectory C:\Users\Usuario\OneDrive - CIBERTEC\Desktop\ProyectoFinalDSWII\ProyCitasMedicas\proy-citas-inkasalud\src\test\resources
2025-07-01 19:10:38,019 [Worker-74: Building] INFO  o.a.m.s.f.DefaultMavenResourcesFiltering - Copying 0 resource from src\main\resources to target\classes
2025-07-01 19:10:38,021 [Worker-74: Building] INFO  o.a.m.s.f.DefaultMavenResourcesFiltering - Copying 1 resource from src\main\resources to target\classes
2025-07-01 19:10:38,023 [Worker-74: Building] INFO  o.a.m.s.f.DefaultMavenResourcesFiltering - skip non existing resourceDirectory C:\Users\Usuario\OneDrive - CIBERTEC\Desktop\ProyectoFinalDSWII\ProyCitasMedicas\proy-citas-inkasalud\src\test\resources
2025-07-01 19:10:40,980 [Worker-47: Building] INFO  o.a.m.s.f.DefaultMavenResourcesFiltering - Copying 0 resource from src\main\resources to target\classes
2025-07-01 19:10:40,982 [Worker-47: Building] INFO  o.a.m.s.f.DefaultMavenResourcesFiltering - Copying 1 resource from src\main\resources to target\classes
2025-07-01 19:10:40,985 [Worker-47: Building] INFO  o.a.m.s.f.DefaultMavenResourcesFiltering - skip non existing resourceDirectory C:\Users\Usuario\OneDrive - CIBERTEC\Desktop\ProyectoFinalDSWII\ProyCitasMedicas\proy-citas-inkasalud\src\test\resources
2025-07-01 19:13:07,904 [Worker-72: Building] INFO  o.a.m.s.f.DefaultMavenResourcesFiltering - Copying 0 resource from src\main\resources to target\classes
2025-07-01 19:13:07,906 [Worker-72: Building] INFO  o.a.m.s.f.DefaultMavenResourcesFiltering - Copying 1 resource from src\main\resources to target\classes
2025-07-01 19:13:07,908 [Worker-72: Building] INFO  o.a.m.s.f.DefaultMavenResourcesFiltering - skip non existing resourceDirectory C:\Users\Usuario\OneDrive - CIBERTEC\Desktop\ProyectoFinalDSWII\ProyCitasMedicas\proy-citas-inkasalud\src\test\resources
2025-07-01 19:14:02,149 [Worker-79: Building] INFO  o.a.m.s.f.DefaultMavenResourcesFiltering - Copying 0 resource from src\main\resources to target\classes
2025-07-01 19:14:02,152 [Worker-79: Building] INFO  o.a.m.s.f.DefaultMavenResourcesFiltering - Copying 1 resource from src\main\resources to target\classes
2025-07-01 19:14:02,154 [Worker-79: Building] INFO  o.a.m.s.f.DefaultMavenResourcesFiltering - skip non existing resourceDirectory C:\Users\Usuario\OneDrive - CIBERTEC\Desktop\ProyectoFinalDSWII\ProyCitasMedicas\proy-citas-inkasalud\src\test\resources
2025-07-01 19:18:25,229 [Worker-81: Building] INFO  o.a.m.s.f.DefaultMavenResourcesFiltering - Copying 0 resource from src\main\resources to target\classes
2025-07-01 19:18:25,231 [Worker-81: Building] INFO  o.a.m.s.f.DefaultMavenResourcesFiltering - Copying 1 resource from src\main\resources to target\classes
2025-07-01 19:18:25,234 [Worker-81: Building] INFO  o.a.m.s.f.DefaultMavenResourcesFiltering - skip non existing resourceDirectory C:\Users\Usuario\OneDrive - CIBERTEC\Desktop\ProyectoFinalDSWII\ProyCitasMedicas\proy-citas-inkasalud\src\test\resources
2025-07-01 19:19:10,561 [Worker-82: Building] INFO  o.a.m.s.f.DefaultMavenResourcesFiltering - Copying 0 resource from src\main\resources to target\classes
2025-07-01 19:19:10,563 [Worker-82: Building] INFO  o.a.m.s.f.DefaultMavenResourcesFiltering - Copying 1 resource from src\main\resources to target\classes
2025-07-01 19:19:10,565 [Worker-82: Building] INFO  o.a.m.s.f.DefaultMavenResourcesFiltering - skip non existing resourceDirectory C:\Users\Usuario\OneDrive - CIBERTEC\Desktop\ProyectoFinalDSWII\ProyCitasMedicas\proy-citas-inkasalud\src\test\resources
2025-07-01 19:19:23,296 [Worker-82: Building] INFO  o.a.m.s.f.DefaultMavenResourcesFiltering - Copying 0 resource from src\main\resources to target\classes
2025-07-01 19:19:23,298 [Worker-82: Building] INFO  o.a.m.s.f.DefaultMavenResourcesFiltering - Copying 1 resource from src\main\resources to target\classes
2025-07-01 19:19:23,301 [Worker-82: Building] INFO  o.a.m.s.f.DefaultMavenResourcesFiltering - skip non existing resourceDirectory C:\Users\Usuario\OneDrive - CIBERTEC\Desktop\ProyectoFinalDSWII\ProyCitasMedicas\proy-citas-inkasalud\src\test\resources
2025-07-01 19:19:29,473 [Worker-84: Building] INFO  o.a.m.s.f.DefaultMavenResourcesFiltering - Copying 0 resource from src\main\resources to target\classes
2025-07-01 19:19:29,475 [Worker-84: Building] INFO  o.a.m.s.f.DefaultMavenResourcesFiltering - Copying 1 resource from src\main\resources to target\classes
2025-07-01 19:19:29,478 [Worker-84: Building] INFO  o.a.m.s.f.DefaultMavenResourcesFiltering - skip non existing resourceDirectory C:\Users\Usuario\OneDrive - CIBERTEC\Desktop\ProyectoFinalDSWII\ProyCitasMedicas\proy-citas-inkasalud\src\test\resources
2025-07-01 19:19:43,628 [Worker-74: Building] INFO  o.a.m.s.f.DefaultMavenResourcesFiltering - Copying 0 resource from src\main\resources to target\classes
2025-07-01 19:19:43,630 [Worker-74: Building] INFO  o.a.m.s.f.DefaultMavenResourcesFiltering - Copying 1 resource from src\main\resources to target\classes
2025-07-01 19:19:43,633 [Worker-74: Building] INFO  o.a.m.s.f.DefaultMavenResourcesFiltering - skip non existing resourceDirectory C:\Users\Usuario\OneDrive - CIBERTEC\Desktop\ProyectoFinalDSWII\ProyCitasMedicas\proy-citas-inkasalud\src\test\resources
2025-07-01 21:19:07,798 [Worker-87: Building] INFO  o.e.m.c.i.l.LifecycleMappingFactory - Using org.eclipse.m2e.jdt.JarLifecycleMapping lifecycle mapping for MavenProject: pe.cibertec.edu.pe:citas-medicas:0.0.1-SNAPSHOT @ C:\Users\Usuario\OneDrive - CIBERTEC\Desktop\ProyectoFinalDSWII\ProyCitasMedicas\proy-citas-inkasalud\pom.xml.
2025-07-01 21:19:08,700 [Worker-87: Building] INFO  o.a.m.s.f.DefaultMavenResourcesFiltering - Copying 0 resource from src\main\resources to target\classes
2025-07-01 21:19:08,702 [Worker-87: Building] INFO  o.a.m.s.f.DefaultMavenResourcesFiltering - Copying 0 resource from src\main\resources to target\classes
2025-07-01 21:19:08,707 [Worker-87: Building] INFO  o.a.m.s.f.DefaultMavenResourcesFiltering - skip non existing resourceDirectory C:\Users\Usuario\OneDrive - CIBERTEC\Desktop\ProyectoFinalDSWII\ProyCitasMedicas\proy-citas-inkasalud\src\test\resources
2025-07-01 21:19:18,527 [Worker-87: Updating Maven Project] INFO  o.e.m.c.i.p.ProjectConfigurationManager - Update started
2025-07-01 21:19:18,708 [Worker-87: Updating Maven Project] INFO  o.e.m.c.i.l.LifecycleMappingFactory - Using org.eclipse.m2e.jdt.JarLifecycleMapping lifecycle mapping for MavenProject: pe.cibertec.edu.pe:citas-medicas:0.0.1-SNAPSHOT @ C:\Users\Usuario\OneDrive - CIBERTEC\Desktop\ProyectoFinalDSWII\ProyCitasMedicas\proy-citas-inkasalud\pom.xml.
2025-07-01 21:19:19,141 [Worker-87: Updating Maven Project] INFO  o.e.m.j.i.AbstractJavaProjectConfigurator - Adding source folder /proy-citas-inkasalud/src/main/java
2025-07-01 21:19:19,142 [Worker-87: Updating Maven Project] INFO  o.e.m.j.i.AbstractJavaProjectConfigurator - Adding resource folder /proy-citas-inkasalud/src/main/resources
2025-07-01 21:19:19,142 [Worker-87: Updating Maven Project] INFO  o.e.m.j.i.AbstractJavaProjectConfigurator - Adding resource folder /proy-citas-inkasalud/src/main/resources
2025-07-01 21:19:19,143 [Worker-87: Updating Maven Project] INFO  o.e.m.j.i.AbstractJavaProjectConfigurator - Adding source folder /proy-citas-inkasalud/src/test/java
2025-07-01 21:19:19,143 [Worker-87: Updating Maven Project] INFO  o.e.m.j.i.AbstractJavaProjectConfigurator - Adding resource folder /proy-citas-inkasalud/src/test/resources
2025-07-01 21:19:19,454 [Worker-87: Updating Maven Project] INFO  o.e.m.c.i.p.ProjectConfigurationManager - Update completed for 1 poms: local refresh takes 0,00 sec, refresh facades takes 0,00 sec, update config takes 0,00 sec 
2025-07-01 21:19:19,898 [Worker-87: Building] INFO  o.a.m.s.f.DefaultMavenResourcesFiltering - Copying 1 resource from src\main\resources to target\classes
2025-07-01 21:19:19,938 [Worker-87: Building] INFO  o.a.m.s.f.DefaultMavenResourcesFiltering - Copying 23 resources from src\main\resources to target\classes
2025-07-01 21:19:19,965 [Worker-87: Building] INFO  o.a.m.s.f.DefaultMavenResourcesFiltering - skip non existing resourceDirectory C:\Users\Usuario\OneDrive - CIBERTEC\Desktop\ProyectoFinalDSWII\ProyCitasMedicas\proy-citas-inkasalud\src\test\resources
2025-07-01 21:19:47,675 [Worker-86: Building] INFO  o.a.m.s.f.DefaultMavenResourcesFiltering - Copying 1 resource from src\main\resources to target\classes
2025-07-01 21:19:47,720 [Worker-86: Building] INFO  o.a.m.s.f.DefaultMavenResourcesFiltering - Copying 23 resources from src\main\resources to target\classes
2025-07-01 21:19:47,726 [Worker-86: Building] INFO  o.a.m.s.f.DefaultMavenResourcesFiltering - skip non existing resourceDirectory C:\Users\Usuario\OneDrive - CIBERTEC\Desktop\ProyectoFinalDSWII\ProyCitasMedicas\proy-citas-inkasalud\src\test\resources
2025-07-01 21:22:33,552 [Worker-87: Building] INFO  o.a.m.s.f.DefaultMavenResourcesFiltering - Copying 1 resource from src\main\resources to target\classes
2025-07-01 21:22:33,569 [Worker-87: Building] INFO  o.a.m.s.f.DefaultMavenResourcesFiltering - Copying 23 resources from src\main\resources to target\classes
2025-07-01 21:22:33,578 [Worker-87: Building] INFO  o.a.m.s.f.DefaultMavenResourcesFiltering - skip non existing resourceDirectory C:\Users\Usuario\OneDrive - CIBERTEC\Desktop\ProyectoFinalDSWII\ProyCitasMedicas\proy-citas-inkasalud\src\test\resources
2025-07-01 21:23:29,204 [Worker-82: Building] INFO  o.a.m.s.f.DefaultMavenResourcesFiltering - Copying 1 resource from src\main\resources to target\classes
2025-07-01 21:23:29,210 [Worker-82: Building] INFO  o.a.m.s.f.DefaultMavenResourcesFiltering - Copying 23 resources from src\main\resources to target\classes
2025-07-01 21:23:29,216 [Worker-82: Building] INFO  o.a.m.s.f.DefaultMavenResourcesFiltering - skip non existing resourceDirectory C:\Users\Usuario\OneDrive - CIBERTEC\Desktop\ProyectoFinalDSWII\ProyCitasMedicas\proy-citas-inkasalud\src\test\resources
2025-07-01 21:23:39,482 [Worker-87: Building] INFO  o.a.m.s.f.DefaultMavenResourcesFiltering - Copying 1 resource from src\main\resources to target\classes
2025-07-01 21:23:39,487 [Worker-87: Building] INFO  o.a.m.s.f.DefaultMavenResourcesFiltering - Copying 23 resources from src\main\resources to target\classes
2025-07-01 21:23:39,493 [Worker-87: Building] INFO  o.a.m.s.f.DefaultMavenResourcesFiltering - skip non existing resourceDirectory C:\Users\Usuario\OneDrive - CIBERTEC\Desktop\ProyectoFinalDSWII\ProyCitasMedicas\proy-citas-inkasalud\src\test\resources
2025-07-01 21:28:34,723 [Worker-85: Building] INFO  o.a.m.s.f.DefaultMavenResourcesFiltering - Copying 1 resource from src\main\resources to target\classes
2025-07-01 21:28:34,730 [Worker-85: Building] INFO  o.a.m.s.f.DefaultMavenResourcesFiltering - Copying 23 resources from src\main\resources to target\classes
2025-07-01 21:28:34,738 [Worker-85: Building] INFO  o.a.m.s.f.DefaultMavenResourcesFiltering - skip non existing resourceDirectory C:\Users\Usuario\OneDrive - CIBERTEC\Desktop\ProyectoFinalDSWII\ProyCitasMedicas\proy-citas-inkasalud\src\test\resources
2025-07-01 21:32:27,582 [Worker-90: Building] INFO  o.a.m.s.f.DefaultMavenResourcesFiltering - Copying 1 resource from src\main\resources to target\classes
2025-07-01 21:32:27,588 [Worker-90: Building] INFO  o.a.m.s.f.DefaultMavenResourcesFiltering - Copying 23 resources from src\main\resources to target\classes
2025-07-01 21:32:27,594 [Worker-90: Building] INFO  o.a.m.s.f.DefaultMavenResourcesFiltering - skip non existing resourceDirectory C:\Users\Usuario\OneDrive - CIBERTEC\Desktop\ProyectoFinalDSWII\ProyCitasMedicas\proy-citas-inkasalud\src\test\resources
2025-07-01 21:33:04,964 [Worker-82: Building] INFO  o.a.m.s.f.DefaultMavenResourcesFiltering - Copying 1 resource from src\main\resources to target\classes
2025-07-01 21:33:04,968 [Worker-82: Building] INFO  o.a.m.s.f.DefaultMavenResourcesFiltering - Copying 23 resources from src\main\resources to target\classes
2025-07-01 21:33:04,974 [Worker-82: Building] INFO  o.a.m.s.f.DefaultMavenResourcesFiltering - skip non existing resourceDirectory C:\Users\Usuario\OneDrive - CIBERTEC\Desktop\ProyectoFinalDSWII\ProyCitasMedicas\proy-citas-inkasalud\src\test\resources
2025-07-01 21:33:28,264 [Worker-93: Building] INFO  o.a.m.s.f.DefaultMavenResourcesFiltering - Copying 1 resource from src\main\resources to target\classes
2025-07-01 21:33:28,270 [Worker-93: Building] INFO  o.a.m.s.f.DefaultMavenResourcesFiltering - Copying 23 resources from src\main\resources to target\classes
2025-07-01 21:33:28,277 [Worker-93: Building] INFO  o.a.m.s.f.DefaultMavenResourcesFiltering - skip non existing resourceDirectory C:\Users\Usuario\OneDrive - CIBERTEC\Desktop\ProyectoFinalDSWII\ProyCitasMedicas\proy-citas-inkasalud\src\test\resources
2025-07-01 21:33:38,378 [Worker-82: Building] INFO  o.a.m.s.f.DefaultMavenResourcesFiltering - Copying 1 resource from src\main\resources to target\classes
2025-07-01 21:33:38,383 [Worker-82: Building] INFO  o.a.m.s.f.DefaultMavenResourcesFiltering - Copying 23 resources from src\main\resources to target\classes
2025-07-01 21:33:38,388 [Worker-82: Building] INFO  o.a.m.s.f.DefaultMavenResourcesFiltering - skip non existing resourceDirectory C:\Users\Usuario\OneDrive - CIBERTEC\Desktop\ProyectoFinalDSWII\ProyCitasMedicas\proy-citas-inkasalud\src\test\resources
2025-07-01 21:44:35,061 [Worker-100: Building] INFO  o.a.m.s.f.DefaultMavenResourcesFiltering - Copying 1 resource from src\main\resources to target\classes
2025-07-01 21:44:35,067 [Worker-100: Building] INFO  o.a.m.s.f.DefaultMavenResourcesFiltering - Copying 23 resources from src\main\resources to target\classes
2025-07-01 21:44:35,073 [Worker-100: Building] INFO  o.a.m.s.f.DefaultMavenResourcesFiltering - skip non existing resourceDirectory C:\Users\Usuario\OneDrive - CIBERTEC\Desktop\ProyectoFinalDSWII\ProyCitasMedicas\proy-citas-inkasalud\src\test\resources
2025-07-01 21:51:21,824 [Worker-103: Building] INFO  o.a.m.s.f.DefaultMavenResourcesFiltering - Copying 1 resource from src\main\resources to target\classes
2025-07-01 21:51:21,831 [Worker-103: Building] INFO  o.a.m.s.f.DefaultMavenResourcesFiltering - Copying 23 resources from src\main\resources to target\classes
2025-07-01 21:51:21,837 [Worker-103: Building] INFO  o.a.m.s.f.DefaultMavenResourcesFiltering - skip non existing resourceDirectory C:\Users\Usuario\OneDrive - CIBERTEC\Desktop\ProyectoFinalDSWII\ProyCitasMedicas\proy-citas-inkasalud\src\test\resources
2025-07-01 21:51:31,295 [Worker-104: Building] INFO  o.a.m.s.f.DefaultMavenResourcesFiltering - Copying 1 resource from src\main\resources to target\classes
2025-07-01 21:51:31,301 [Worker-104: Building] INFO  o.a.m.s.f.DefaultMavenResourcesFiltering - Copying 23 resources from src\main\resources to target\classes
2025-07-01 21:51:31,306 [Worker-104: Building] INFO  o.a.m.s.f.DefaultMavenResourcesFiltering - skip non existing resourceDirectory C:\Users\Usuario\OneDrive - CIBERTEC\Desktop\ProyectoFinalDSWII\ProyCitasMedicas\proy-citas-inkasalud\src\test\resources
2025-07-01 21:51:55,270 [Worker-102: Building] INFO  o.a.m.s.f.DefaultMavenResourcesFiltering - Copying 1 resource from src\main\resources to target\classes
2025-07-01 21:51:55,275 [Worker-102: Building] INFO  o.a.m.s.f.DefaultMavenResourcesFiltering - Copying 23 resources from src\main\resources to target\classes
2025-07-01 21:51:55,281 [Worker-102: Building] INFO  o.a.m.s.f.DefaultMavenResourcesFiltering - skip non existing resourceDirectory C:\Users\Usuario\OneDrive - CIBERTEC\Desktop\ProyectoFinalDSWII\ProyCitasMedicas\proy-citas-inkasalud\src\test\resources
2025-07-01 21:52:14,639 [Worker-93: Building] INFO  o.a.m.s.f.DefaultMavenResourcesFiltering - Copying 1 resource from src\main\resources to target\classes
2025-07-01 21:52:14,643 [Worker-93: Building] INFO  o.a.m.s.f.DefaultMavenResourcesFiltering - Copying 23 resources from src\main\resources to target\classes
2025-07-01 21:52:14,649 [Worker-93: Building] INFO  o.a.m.s.f.DefaultMavenResourcesFiltering - skip non existing resourceDirectory C:\Users\Usuario\OneDrive - CIBERTEC\Desktop\ProyectoFinalDSWII\ProyCitasMedicas\proy-citas-inkasalud\src\test\resources
2025-07-01 21:52:22,058 [Worker-93: Building] INFO  o.a.m.s.f.DefaultMavenResourcesFiltering - Copying 1 resource from src\main\resources to target\classes
2025-07-01 21:52:22,063 [Worker-93: Building] INFO  o.a.m.s.f.DefaultMavenResourcesFiltering - Copying 23 resources from src\main\resources to target\classes
2025-07-01 21:52:22,068 [Worker-93: Building] INFO  o.a.m.s.f.DefaultMavenResourcesFiltering - skip non existing resourceDirectory C:\Users\Usuario\OneDrive - CIBERTEC\Desktop\ProyectoFinalDSWII\ProyCitasMedicas\proy-citas-inkasalud\src\test\resources
2025-07-01 21:53:52,001 [Worker-107: Building] INFO  o.a.m.s.f.DefaultMavenResourcesFiltering - Copying 1 resource from src\main\resources to target\classes
2025-07-01 21:53:52,014 [Worker-107: Building] INFO  o.a.m.s.f.DefaultMavenResourcesFiltering - Copying 23 resources from src\main\resources to target\classes
2025-07-01 21:53:52,024 [Worker-107: Building] INFO  o.a.m.s.f.DefaultMavenResourcesFiltering - skip non existing resourceDirectory C:\Users\Usuario\OneDrive - CIBERTEC\Desktop\ProyectoFinalDSWII\ProyCitasMedicas\proy-citas-inkasalud\src\test\resources
2025-07-01 21:53:54,081 [Worker-108: Building] INFO  o.a.m.s.f.DefaultMavenResourcesFiltering - Copying 1 resource from src\main\resources to target\classes
2025-07-01 21:53:54,086 [Worker-108: Building] INFO  o.a.m.s.f.DefaultMavenResourcesFiltering - Copying 23 resources from src\main\resources to target\classes
2025-07-01 21:53:54,092 [Worker-108: Building] INFO  o.a.m.s.f.DefaultMavenResourcesFiltering - skip non existing resourceDirectory C:\Users\Usuario\OneDrive - CIBERTEC\Desktop\ProyectoFinalDSWII\ProyCitasMedicas\proy-citas-inkasalud\src\test\resources
2025-07-01 21:54:12,582 [Worker-108: Building] INFO  o.a.m.s.f.DefaultMavenResourcesFiltering - Copying 1 resource from src\main\resources to target\classes
2025-07-01 21:54:12,587 [Worker-108: Building] INFO  o.a.m.s.f.DefaultMavenResourcesFiltering - Copying 23 resources from src\main\resources to target\classes
2025-07-01 21:54:12,592 [Worker-108: Building] INFO  o.a.m.s.f.DefaultMavenResourcesFiltering - skip non existing resourceDirectory C:\Users\Usuario\OneDrive - CIBERTEC\Desktop\ProyectoFinalDSWII\ProyCitasMedicas\proy-citas-inkasalud\src\test\resources
2025-07-01 21:55:05,342 [Worker-109: Building] INFO  o.a.m.s.f.DefaultMavenResourcesFiltering - Copying 0 resource from src\main\resources to target\classes
2025-07-01 21:55:05,345 [Worker-109: Building] INFO  o.a.m.s.f.DefaultMavenResourcesFiltering - Copying 1 resource from src\main\resources to target\classes
2025-07-01 21:55:05,348 [Worker-109: Building] INFO  o.a.m.s.f.DefaultMavenResourcesFiltering - skip non existing resourceDirectory C:\Users\Usuario\OneDrive - CIBERTEC\Desktop\ProyectoFinalDSWII\ProyCitasMedicas\proy-citas-inkasalud\src\test\resources
2025-07-01 22:04:06,445 [Worker-109: Building] INFO  o.a.m.s.f.DefaultMavenResourcesFiltering - Copying 0 resource from src\main\resources to target\classes
2025-07-01 22:04:06,447 [Worker-109: Building] INFO  o.a.m.s.f.DefaultMavenResourcesFiltering - Copying 1 resource from src\main\resources to target\classes
2025-07-01 22:04:06,450 [Worker-109: Building] INFO  o.a.m.s.f.DefaultMavenResourcesFiltering - skip non existing resourceDirectory C:\Users\Usuario\OneDrive - CIBERTEC\Desktop\ProyectoFinalDSWII\ProyCitasMedicas\proy-citas-inkasalud\src\test\resources
2025-07-01 22:04:20,029 [Worker-111: Building] INFO  o.a.m.s.f.DefaultMavenResourcesFiltering - Copying 0 resource from src\main\resources to target\classes
2025-07-01 22:04:20,032 [Worker-111: Building] INFO  o.a.m.s.f.DefaultMavenResourcesFiltering - Copying 1 resource from src\main\resources to target\classes
2025-07-01 22:04:20,034 [Worker-111: Building] INFO  o.a.m.s.f.DefaultMavenResourcesFiltering - skip non existing resourceDirectory C:\Users\Usuario\OneDrive - CIBERTEC\Desktop\ProyectoFinalDSWII\ProyCitasMedicas\proy-citas-inkasalud\src\test\resources
2025-07-01 22:16:21,893 [Worker-112: Building] INFO  o.a.m.s.f.DefaultMavenResourcesFiltering - Copying 1 resource from src\main\resources to target\classes
2025-07-01 22:16:21,898 [Worker-112: Building] INFO  o.a.m.s.f.DefaultMavenResourcesFiltering - Copying 23 resources from src\main\resources to target\classes
2025-07-01 22:16:21,903 [Worker-112: Building] INFO  o.a.m.s.f.DefaultMavenResourcesFiltering - skip non existing resourceDirectory C:\Users\Usuario\OneDrive - CIBERTEC\Desktop\ProyectoFinalDSWII\ProyCitasMedicas\proy-citas-inkasalud\src\test\resources
2025-07-01 22:19:00,340 [Worker-107: Building] INFO  o.a.m.s.f.DefaultMavenResourcesFiltering - Copying 0 resource from src\main\resources to target\classes
2025-07-01 22:19:00,343 [Worker-107: Building] INFO  o.a.m.s.f.DefaultMavenResourcesFiltering - Copying 1 resource from src\main\resources to target\classes
2025-07-01 22:19:00,345 [Worker-107: Building] INFO  o.a.m.s.f.DefaultMavenResourcesFiltering - skip non existing resourceDirectory C:\Users\Usuario\OneDrive - CIBERTEC\Desktop\ProyectoFinalDSWII\ProyCitasMedicas\proy-citas-inkasalud\src\test\resources
2025-07-01 22:22:43,659 [Worker-119: Building] INFO  o.a.m.s.f.DefaultMavenResourcesFiltering - Copying 0 resource from src\main\resources to target\classes
2025-07-01 22:22:43,662 [Worker-119: Building] INFO  o.a.m.s.f.DefaultMavenResourcesFiltering - Copying 1 resource from src\main\resources to target\classes
2025-07-01 22:22:43,664 [Worker-119: Building] INFO  o.a.m.s.f.DefaultMavenResourcesFiltering - skip non existing resourceDirectory C:\Users\Usuario\OneDrive - CIBERTEC\Desktop\ProyectoFinalDSWII\ProyCitasMedicas\proy-citas-inkasalud\src\test\resources
2025-07-01 22:22:52,617 [Worker-114: Building] INFO  o.a.m.s.f.DefaultMavenResourcesFiltering - Copying 0 resource from src\main\resources to target\classes
2025-07-01 22:22:52,620 [Worker-114: Building] INFO  o.a.m.s.f.DefaultMavenResourcesFiltering - Copying 1 resource from src\main\resources to target\classes
2025-07-01 22:22:52,622 [Worker-114: Building] INFO  o.a.m.s.f.DefaultMavenResourcesFiltering - skip non existing resourceDirectory C:\Users\Usuario\OneDrive - CIBERTEC\Desktop\ProyectoFinalDSWII\ProyCitasMedicas\proy-citas-inkasalud\src\test\resources
2025-07-01 22:23:28,013 [Worker-117: Building] INFO  o.a.m.s.f.DefaultMavenResourcesFiltering - Copying 0 resource from src\main\resources to target\classes
2025-07-01 22:23:28,015 [Worker-117: Building] INFO  o.a.m.s.f.DefaultMavenResourcesFiltering - Copying 1 resource from src\main\resources to target\classes
2025-07-01 22:23:28,018 [Worker-117: Building] INFO  o.a.m.s.f.DefaultMavenResourcesFiltering - skip non existing resourceDirectory C:\Users\Usuario\OneDrive - CIBERTEC\Desktop\ProyectoFinalDSWII\ProyCitasMedicas\proy-citas-inkasalud\src\test\resources
2025-07-01 22:23:59,639 [Worker-118: Building] INFO  o.a.m.s.f.DefaultMavenResourcesFiltering - Copying 0 resource from src\main\resources to target\classes
2025-07-01 22:23:59,641 [Worker-118: Building] INFO  o.a.m.s.f.DefaultMavenResourcesFiltering - Copying 1 resource from src\main\resources to target\classes
2025-07-01 22:23:59,644 [Worker-118: Building] INFO  o.a.m.s.f.DefaultMavenResourcesFiltering - skip non existing resourceDirectory C:\Users\Usuario\OneDrive - CIBERTEC\Desktop\ProyectoFinalDSWII\ProyCitasMedicas\proy-citas-inkasalud\src\test\resources
2025-07-01 22:28:33,876 [Worker-116: Building] INFO  o.a.m.s.f.DefaultMavenResourcesFiltering - Copying 0 resource from src\main\resources to target\classes
2025-07-01 22:28:33,878 [Worker-116: Building] INFO  o.a.m.s.f.DefaultMavenResourcesFiltering - Copying 1 resource from src\main\resources to target\classes
2025-07-01 22:28:33,880 [Worker-116: Building] INFO  o.a.m.s.f.DefaultMavenResourcesFiltering - skip non existing resourceDirectory C:\Users\Usuario\OneDrive - CIBERTEC\Desktop\ProyectoFinalDSWII\ProyCitasMedicas\proy-citas-inkasalud\src\test\resources
2025-07-01 22:29:27,276 [Worker-120: Building] INFO  o.a.m.s.f.DefaultMavenResourcesFiltering - Copying 0 resource from src\main\resources to target\classes
2025-07-01 22:29:27,278 [Worker-120: Building] INFO  o.a.m.s.f.DefaultMavenResourcesFiltering - Copying 1 resource from src\main\resources to target\classes
2025-07-01 22:29:27,281 [Worker-120: Building] INFO  o.a.m.s.f.DefaultMavenResourcesFiltering - skip non existing resourceDirectory C:\Users\Usuario\OneDrive - CIBERTEC\Desktop\ProyectoFinalDSWII\ProyCitasMedicas\proy-citas-inkasalud\src\test\resources
2025-07-01 22:29:35,042 [Worker-119: Building] INFO  o.a.m.s.f.DefaultMavenResourcesFiltering - Copying 0 resource from src\main\resources to target\classes
2025-07-01 22:29:35,044 [Worker-119: Building] INFO  o.a.m.s.f.DefaultMavenResourcesFiltering - Copying 1 resource from src\main\resources to target\classes
2025-07-01 22:29:35,047 [Worker-119: Building] INFO  o.a.m.s.f.DefaultMavenResourcesFiltering - skip non existing resourceDirectory C:\Users\Usuario\OneDrive - CIBERTEC\Desktop\ProyectoFinalDSWII\ProyCitasMedicas\proy-citas-inkasalud\src\test\resources
2025-07-01 22:30:20,320 [Worker-119: Building] INFO  o.a.m.s.f.DefaultMavenResourcesFiltering - Copying 1 resource from src\main\resources to target\classes
2025-07-01 22:30:20,326 [Worker-119: Building] INFO  o.a.m.s.f.DefaultMavenResourcesFiltering - Copying 23 resources from src\main\resources to target\classes
2025-07-01 22:30:20,332 [Worker-119: Building] INFO  o.a.m.s.f.DefaultMavenResourcesFiltering - skip non existing resourceDirectory C:\Users\Usuario\OneDrive - CIBERTEC\Desktop\ProyectoFinalDSWII\ProyCitasMedicas\proy-citas-inkasalud\src\test\resources
2025-07-01 22:31:28,158 [Worker-119: Building] INFO  o.a.m.s.f.DefaultMavenResourcesFiltering - Copying 0 resource from src\main\resources to target\classes
2025-07-01 22:31:28,160 [Worker-119: Building] INFO  o.a.m.s.f.DefaultMavenResourcesFiltering - Copying 1 resource from src\main\resources to target\classes
2025-07-01 22:31:28,162 [Worker-119: Building] INFO  o.a.m.s.f.DefaultMavenResourcesFiltering - skip non existing resourceDirectory C:\Users\Usuario\OneDrive - CIBERTEC\Desktop\ProyectoFinalDSWII\ProyCitasMedicas\proy-citas-inkasalud\src\test\resources
2025-07-01 22:31:48,876 [Worker-116: Building] INFO  o.a.m.s.f.DefaultMavenResourcesFiltering - Copying 0 resource from src\main\resources to target\classes
2025-07-01 22:31:48,878 [Worker-116: Building] INFO  o.a.m.s.f.DefaultMavenResourcesFiltering - Copying 1 resource from src\main\resources to target\classes
2025-07-01 22:31:48,881 [Worker-116: Building] INFO  o.a.m.s.f.DefaultMavenResourcesFiltering - skip non existing resourceDirectory C:\Users\Usuario\OneDrive - CIBERTEC\Desktop\ProyectoFinalDSWII\ProyCitasMedicas\proy-citas-inkasalud\src\test\resources
2025-07-01 22:41:36,206 [Worker-6: Loading available Gradle versions] INFO  o.e.b.c.i.u.g.PublishedGradleVersions - Gradle version information cache is out-of-date. Trying to update.
2025-07-01 22:42:56,062 [Worker-1: Building] INFO  o.a.m.s.f.DefaultMavenResourcesFiltering - Copying 1 resource from src\main\resources to target\classes
2025-07-01 22:42:56,086 [Worker-1: Building] INFO  o.a.m.s.f.DefaultMavenResourcesFiltering - Copying 23 resources from src\main\resources to target\classes
2025-07-01 22:42:56,098 [Worker-1: Building] INFO  o.a.m.s.f.DefaultMavenResourcesFiltering - skip non existing resourceDirectory C:\Users\Usuario\OneDrive - CIBERTEC\Desktop\ProyectoFinalDSWII\ProyCitasMedicas\proy-citas-inkasalud\src\test\resources
2025-07-01 22:43:07,638 [Worker-5: Building] INFO  o.a.m.s.f.DefaultMavenResourcesFiltering - Copying 0 resource from src\main\resources to target\classes
2025-07-01 22:43:07,642 [Worker-5: Building] INFO  o.a.m.s.f.DefaultMavenResourcesFiltering - Copying 1 resource from src\main\resources to target\classes
2025-07-01 22:43:07,646 [Worker-5: Building] INFO  o.a.m.s.f.DefaultMavenResourcesFiltering - skip non existing resourceDirectory C:\Users\Usuario\OneDrive - CIBERTEC\Desktop\ProyectoFinalDSWII\ProyCitasMedicas\proy-citas-inkasalud\src\test\resources
2025-07-01 22:43:15,712 [Worker-8: Building] INFO  o.a.m.s.f.DefaultMavenResourcesFiltering - Copying 0 resource from src\main\resources to target\classes
2025-07-01 22:43:15,715 [Worker-8: Building] INFO  o.a.m.s.f.DefaultMavenResourcesFiltering - Copying 1 resource from src\main\resources to target\classes
2025-07-01 22:43:15,718 [Worker-8: Building] INFO  o.a.m.s.f.DefaultMavenResourcesFiltering - skip non existing resourceDirectory C:\Users\Usuario\OneDrive - CIBERTEC\Desktop\ProyectoFinalDSWII\ProyCitasMedicas\proy-citas-inkasalud\src\test\resources
2025-07-01 22:43:39,059 [Worker-14: Building] INFO  o.a.m.s.f.DefaultMavenResourcesFiltering - Copying 0 resource from src\main\resources to target\classes
2025-07-01 22:43:39,061 [Worker-14: Building] INFO  o.a.m.s.f.DefaultMavenResourcesFiltering - Copying 1 resource from src\main\resources to target\classes
2025-07-01 22:43:39,064 [Worker-14: Building] INFO  o.a.m.s.f.DefaultMavenResourcesFiltering - skip non existing resourceDirectory C:\Users\Usuario\OneDrive - CIBERTEC\Desktop\ProyectoFinalDSWII\ProyCitasMedicas\proy-citas-inkasalud\src\test\resources
2025-07-01 22:47:37,568 [Worker-6: Building] INFO  o.a.m.s.f.DefaultMavenResourcesFiltering - Copying 0 resource from src\main\resources to target\classes
2025-07-01 22:47:37,571 [Worker-6: Building] INFO  o.a.m.s.f.DefaultMavenResourcesFiltering - Copying 1 resource from src\main\resources to target\classes
2025-07-01 22:47:37,574 [Worker-6: Building] INFO  o.a.m.s.f.DefaultMavenResourcesFiltering - skip non existing resourceDirectory C:\Users\Usuario\OneDrive - CIBERTEC\Desktop\ProyectoFinalDSWII\ProyCitasMedicas\proy-citas-inkasalud\src\test\resources
2025-07-01 22:47:49,034 [Worker-15: Building] INFO  o.a.m.s.f.DefaultMavenResourcesFiltering - Copying 0 resource from src\main\resources to target\classes
2025-07-01 22:47:49,037 [Worker-15: Building] INFO  o.a.m.s.f.DefaultMavenResourcesFiltering - Copying 1 resource from src\main\resources to target\classes
2025-07-01 22:47:49,040 [Worker-15: Building] INFO  o.a.m.s.f.DefaultMavenResourcesFiltering - skip non existing resourceDirectory C:\Users\Usuario\OneDrive - CIBERTEC\Desktop\ProyectoFinalDSWII\ProyCitasMedicas\proy-citas-inkasalud\src\test\resources
2025-07-01 22:53:52,736 [Worker-19: Building] INFO  o.a.m.s.f.DefaultMavenResourcesFiltering - Copying 0 resource from src\main\resources to target\classes
2025-07-01 22:53:52,738 [Worker-19: Building] INFO  o.a.m.s.f.DefaultMavenResourcesFiltering - Copying 1 resource from src\main\resources to target\classes
2025-07-01 22:53:52,741 [Worker-19: Building] INFO  o.a.m.s.f.DefaultMavenResourcesFiltering - skip non existing resourceDirectory C:\Users\Usuario\OneDrive - CIBERTEC\Desktop\ProyectoFinalDSWII\ProyCitasMedicas\proy-citas-inkasalud\src\test\resources
2025-07-01 23:01:22,900 [Worker-23: Building] INFO  o.a.m.s.f.DefaultMavenResourcesFiltering - Copying 1 resource from src\main\resources to target\classes
2025-07-01 23:01:22,906 [Worker-23: Building] INFO  o.a.m.s.f.DefaultMavenResourcesFiltering - Copying 23 resources from src\main\resources to target\classes
2025-07-01 23:01:22,914 [Worker-23: Building] INFO  o.a.m.s.f.DefaultMavenResourcesFiltering - skip non existing resourceDirectory C:\Users\Usuario\OneDrive - CIBERTEC\Desktop\ProyectoFinalDSWII\ProyCitasMedicas\proy-citas-inkasalud\src\test\resources
2025-07-01 23:06:08,175 [Worker-27: Building] INFO  o.a.m.s.f.DefaultMavenResourcesFiltering - Copying 0 resource from src\main\resources to target\classes
2025-07-01 23:06:08,177 [Worker-27: Building] INFO  o.a.m.s.f.DefaultMavenResourcesFiltering - Copying 1 resource from src\main\resources to target\classes
2025-07-01 23:06:08,180 [Worker-27: Building] INFO  o.a.m.s.f.DefaultMavenResourcesFiltering - skip non existing resourceDirectory C:\Users\Usuario\OneDrive - CIBERTEC\Desktop\ProyectoFinalDSWII\ProyCitasMedicas\proy-citas-inkasalud\src\test\resources
2025-07-01 23:07:54,406 [Worker-27: Building] INFO  o.a.m.s.f.DefaultMavenResourcesFiltering - Copying 0 resource from src\main\resources to target\classes
2025-07-01 23:07:54,409 [Worker-27: Building] INFO  o.a.m.s.f.DefaultMavenResourcesFiltering - Copying 1 resource from src\main\resources to target\classes
2025-07-01 23:07:54,412 [Worker-27: Building] INFO  o.a.m.s.f.DefaultMavenResourcesFiltering - skip non existing resourceDirectory C:\Users\Usuario\OneDrive - CIBERTEC\Desktop\ProyectoFinalDSWII\ProyCitasMedicas\proy-citas-inkasalud\src\test\resources
2025-07-01 23:08:00,302 [Worker-31: Building] INFO  o.a.m.s.f.DefaultMavenResourcesFiltering - Copying 0 resource from src\main\resources to target\classes
2025-07-01 23:08:00,304 [Worker-31: Building] INFO  o.a.m.s.f.DefaultMavenResourcesFiltering - Copying 1 resource from src\main\resources to target\classes
2025-07-01 23:08:00,308 [Worker-31: Building] INFO  o.a.m.s.f.DefaultMavenResourcesFiltering - skip non existing resourceDirectory C:\Users\Usuario\OneDrive - CIBERTEC\Desktop\ProyectoFinalDSWII\ProyCitasMedicas\proy-citas-inkasalud\src\test\resources
